Rank,TeamId,TeamName,LastSubmissionDate,Score,SubmissionCount,TeamMemberUserNames
1,16623608,"Dmitry Larko","2026-09-02 19:13:28",2961.8,2,dmitrylarko
2,16721382,"Milan Leonard","2026-09-02 05:38:57",2944.4,2,milanleonard
3,16714457,"Crop Dusta","2026-09-01 02:01:06",2924.4,2,rishigottumukkala
4,16633790,curiosity,"2026-09-02 15:16:42",2907.2,2,chmffwn1
5,16711752,"Atakan Aldemir","2026-09-02 13:55:27",2889.8,2,atakanaldemir
6,16698308,Yuan800,"2026-09-02 09:49:58",2888.3,2,yuan800
7,16768043,cygn,"2026-09-02 21:38:40",2876.7,2,tfriedel
8,16622898,"sbol ball","2026-09-02 20:50:54",2873.2,2,"linearbasis,maksimkostritsya"
9,16665809,"Saravanan Jaichandaran","2026-09-02 17:56:43",2861.0,2,saranchandar
10,16672315,CemBas,"2026-09-03 00:28:48",2858.5,2,cembas
11,16731686,SaiKushal185,"2026-09-02 19:32:04",2857.0,2,saikushal185
12,16779388,"Mohammad Alnajdawi","2026-09-02 12:12:12",2849.4,2,mohammadalnajdawi
13,16774712,icelemon2004,"2026-09-02 13:50:54",2849.3,2,"guanghuchen,icelemon2004,mustard64"
14,16756764,"Alperen Aydın","2026-09-02 16:57:01",2848.6,2,alperen5252525
15,16713262,"Seyit kaan Gunes","2026-09-02 11:37:57",2847.4,2,seyitkaangunes
16,16655098,"Brotron Carbide","2026-09-02 15:25:16",2846.2,2,brotroncarbide
17,16659920,vkhydras,"2026-09-02 20:00:49",2845.3,2,vickimar
18,16729280,"Ryoya Tsuruoka","2026-09-02 21:55:55",2844.0,2,"irohasorange,mrooto,rahaia"
19,16780279,"N Divij","2026-09-02 17:41:10",2833.5,2,divijio
20,16654266,古德拜吃,"2026-09-02 19:25:06",2830.4,2,nosaewang
21,16728071,AI是我的豆包,"2026-09-02 17:46:22",2828.2,2,"blht2026,wocenmma"
22,16635029,"Oleg Melnik","2026-09-02 21:05:03",2827.6,2,olegmelnik
23,16785523,Doranap,"2026-09-02 20:36:29",2821.1,2,doranap
24,16749520,"Andrey Tikhomirov","2026-09-02 18:24:48",2820.6,2,andreytikhomirov
25,16731186,Naru041104,"2026-09-02 11:05:51",2820.1,2,naru041104
26,16664111,"John Park","2026-09-02 18:18:46",2815.1,2,sigint
27,16684202,Ignat,"2026-09-03 00:12:57",2813.7,2,ignatgotin
28,16762019,yukino,"2026-09-02 14:55:02",2803.6,2,"jifengjianhao666,mqingcs"
29,16762957,邪悪な暁山瑞希、ジャガイモを量産してフライドポテト市場を独占,"2026-09-02 16:00:32",2799.7,2,yinzimike
30,16784561,"Rodrigo Ramón","2026-09-02 21:07:55",2794.6,2,rodrigoramn
31,16782520,Durian,"2026-09-02 18:09:33",2787.5,2,rainyjin
32,16622454,automatylicza,"2026-09-02 19:21:39",2786.5,2,automatylicza
33,16768603,Kinance,"2026-09-03 00:53:56",2785.0,2,kinance
34,16731415,BOB,"2026-09-02 21:22:31",2784.6,2,hotpotbro
35,16743647,bono,"2026-09-02 19:48:14",2780.8,2,kjoonha
36,16761293,cha7ura,"2026-09-02 09:37:46",2778.0,2,cha7ura
37,16685634,"Syed Asad Ali","2026-09-02 18:39:49",2774.7,2,syed3000
38,16714134,"Raul Tinajero","2026-09-02 23:46:23",2769.5,2,raultinajeroo
39,16730761,ElephtAI,"2026-09-02 21:57:31",2769.5,2,yuchengj
40,16707144,Kirderf,"2026-09-02 21:13:49",2767.4,2,kirderf
41,16622567,"Georgy Mamarin","2026-09-02 18:51:53",2763.8,2,georgymamarin
42,16627600,"NiA Farms","2026-09-02 23:16:33",2762.5,2,"adriaft,natliablascoandreo"
43,16752019,"Kaipeng Zheng","2026-09-02 12:44:55",2760.6,2,kaipengzheng
44,16657449,Timass,"2026-09-02 21:54:43",2757.5,2,timmass2
45,16637597,venks,"2026-09-02 21:33:23",2754.2,2,vterli
46,16781166,Ant,"2026-09-02 21:47:21",2751.7,2,anthonytrevino
47,16663783,WBF_USA_NYC,"2026-09-02 21:46:40",2750.9,2,wbfranci
48,16665641,"Alexander Shahramanyan","2026-09-02 17:19:54",2749.6,2,alexshah
49,16625060,"Subin An","2026-09-02 22:51:32",2747.9,2,subinium
50,16732210,tanadai,"2026-09-02 18:10:46",2747.1,2,da0516
51,16769836,weense,"2026-09-03 00:58:21",2746.6,2,weense
52,16663867,"Stephen Schott","2026-09-02 04:51:28",2746.6,2,steve421471
53,16723620,3정훈,"2026-09-02 22:23:50",2746.4,2,az05192000gmailcom
54,16660209,"Whyme Labs","2026-09-02 15:09:19",2745.2,2,whymelabs
55,16661743,"Sergey Kutepov","2026-09-02 16:04:40",2744.9,2,natsyst
56,16671150,Mc10nys0n,"2026-09-02 15:22:42",2742.5,2,rattanunt
57,16730676,ActiveMusyoku,"2026-09-03 00:56:25",2738.3,2,"daiki0381,kohei0okazaki,noriyukimori,ryonatori,seipon"
58,16670967,xnryxd,"2026-09-02 21:03:44",2737.8,2,al55522me
59,16746599,Borrun,"2026-09-02 20:40:23",2735.5,2,borrun
60,16655789,"wen chong yu","2026-09-02 22:15:30",2729.3,2,wenchongyu
61,16631421,cg,"2026-09-02 17:15:51",2726.3,2,chaitanyagarg2
62,16806195,unreal,"2026-09-02 12:35:10",2721.0,2,gauravgs1007
63,16711376,"Arman Tuganbaev","2026-09-02 11:55:09",2717.3,2,armantuganbaev
64,16624484,"Tomoki Hirose","2026-09-02 15:58:38",2716.6,2,tomokihirose
65,16660483,TIM,"2026-09-03 00:45:55",2715.3,2,daynoryamil
66,16763669,cm391,"2026-09-02 18:07:06",2715.0,2,mccocoful
67,16730735,YUK,"2026-09-02 15:18:14",2714.0,2,yu0307
68,16637987,Xander,"2026-09-02 11:43:33",2707.2,2,canqiang
69,16667604,L7n,"2026-09-02 17:43:38",2704.7,2,znwe342
70,16794730,Fanch,"2026-09-02 15:35:32",2699.1,2,fanch123
71,16732051,Jeryos,"2026-09-02 18:13:43",2699.0,2,joulskaf
72,16623716,tetsuya,"2026-09-03 00:49:35",2697.5,2,"tetsuya3510,yuanzhezhou"
73,16693534,HireMe,"2026-09-02 02:05:12",2695.8,2,junta1104
74,16624921,"sky machine","2026-09-02 23:08:47",2695.1,2,"gunhcolab,hweowe"
75,16656514,"Haiku 4.5 is Goated","2026-09-02 13:24:04",2689.3,2,praveensahukari
76,16773964,trung,"2026-09-02 17:00:58",2689.3,2,trung2006
77,16665829,Shadowfishes,"2026-09-02 23:24:53",2687.7,2,"boandme,ronitagarwal1,shauryasahdev2"
78,16688787,Fih,"2026-09-02 08:01:59",2685.1,2,vencerlanz09
79,16666434,"JOSHNA ACSHA S 21CS","2026-09-02 19:03:38",2684.5,2,joshnaacshas21cs
80,16695664,Bantam,"2026-09-02 06:51:24",2682.3,2,bantam
81,16732714,Mforg,"2026-09-02 20:30:48",2677.0,2,mforg74911
82,16621315,"Reyhan Ksatria","2026-09-02 18:03:19",2677.0,2,reyhanksatria
83,16727171,yfy,"2026-09-02 16:22:23",2676.1,2,qwidndbdjss
84,16783173,"Michael Shihong Zhang","2026-09-02 17:51:16",2674.9,2,"excelexx,festyve"
85,16634312,"Linh Le","2026-09-02 14:01:54",2674.8,2,linhlethuy
86,16807411,tamura_aicon,"2026-09-02 14:27:03",2674.1,2,hayatetaf
87,16635745,DataRockstar,"2026-09-03 00:20:51",2670.8,2,"amaropeter,jvlegend"
88,16676321,"tao wu11","2026-09-02 14:12:45",2668.6,2,"taowu11,xujchill"
89,16654995,"Artem Voronov","2026-09-02 21:42:07",2668.2,2,artemyvoronov
90,16672997,"Francesco Montone","2026-09-02 15:13:04",2666.1,2,francescomontone
91,16702975,RicardoLópez,"2026-09-02 16:08:51",2664.0,2,richi2489
92,16743392,tellurium_rrr,"2026-09-02 18:06:34",2663.5,2,telluriumrrr
93,16681405,"Yusuke Hayashi","2026-09-02 17:51:28",2662.5,2,yhay81
94,16719123,"Thomas Tschinkel","2026-09-02 22:26:27",2662.2,2,thomastschinkel
95,16623990,senkin13,"2026-09-02 16:42:32",2661.4,2,senkin13
96,16755099,"Aleksandr Ulianin","2026-09-02 16:17:37",2661.3,2,aleksandrulianin
97,16697229,"Masashi Nishimoto","2026-09-02 19:34:49",2659.0,2,masashinishimoto
98,16744979,"Ahmed Alhassan","2026-09-02 14:14:55",2659.0,2,ahmed55
99,16793553,hoon0303,"2026-09-02 15:55:59",2657.8,2,hoon0303
100,16641077,lucaskna,"2026-09-02 14:48:27",2657.4,2,lucaskna
101,16645596,Kosakunin,"2026-09-02 15:04:56",2654.2,2,yugoawawa
102,16666442,"SHALWIN SANJU","2026-09-02 19:04:01",2654.1,2,shalwinsanju
103,16623382,diamond_hoe,"2026-09-02 08:18:46",2654.1,2,bbrage
104,16712863,ominteam,"2026-09-02 16:20:30",2652.6,2,"luantony,suruikk"
105,16641710,yjshyfy,"2026-09-02 19:58:08",2651.7,2,yjshyfy
106,16635062,DL,"2026-09-02 16:13:38",2649.0,2,distiller
107,16712189,"Kostiantyn Isaienkov","2026-09-02 21:45:16",2640.7,2,isaienkov
108,16767215,keiz,"2026-09-03 00:00:19",2640.6,2,keizkeiz
109,16734447,"Ali Bauyrzhan","2026-09-02 13:59:43",2639.1,2,alibauyrzhan
110,16746025,Hamachi,"2026-09-02 20:41:16",2638.4,2,hamatz
111,16697767,"Teddy Tennant","2026-09-03 00:36:10",2637.7,2,thtennant
112,16734979,NiuLAI,"2026-09-02 08:00:03",2635.8,2,"chunsingyu,chunyinhui,jaminmei"
113,16668262,spbforce,"2026-09-02 20:53:55",2635.3,2,spbforce
114,16654068,"Renoir Vieira","2026-09-02 11:17:07",2635.3,2,renoirvieira0
115,16753974,"David Goldrajch","2026-09-02 16:37:51",2634.8,2,elie2003
116,16675063,"King Tian","2026-09-02 09:51:32",2630.8,2,tianwang1210
117,16782203,"rui xiong","2026-09-02 16:25:53",2630.0,2,xiongruihumingyu
118,16780141,"One Zero001","2026-08-31 15:50:37",2628.4,2,onezero001
119,16768236,Baligh,"2026-09-01 11:15:18",2627.2,2,balighmehrez
120,16632715,cmasch,"2026-09-02 08:54:55",2626.7,2,cmasch
121,16656432,"CornHub Premium","2026-09-02 23:40:50",2622.0,2,nihilisticneuralnet
122,16791248,"Ioannis Tzachristas","2026-09-03 00:42:46",2616.0,2,ioannistzachristas
123,16684402,vn1111,"2026-09-02 17:30:53",2610.7,2,vn1111
124,16623398,"Kaggle Agent","2026-09-02 19:51:39",2609.8,2,"jiweiliu,tonylica"
125,16689748,cheesytoasts,"2026-09-02 21:22:16",2606.3,2,cheesinnn
126,16626732,islet,"2026-09-02 02:05:51",2604.6,2,kojimar
127,16720797,"Vibe Farmer","2026-09-02 16:43:00",2603.1,2,pulakkantibhowmick
128,16654715,"Aqib Raza","2026-09-02 19:21:26",2601.6,2,aqibrazadev
129,16655520,"kaggle Osaka","2026-09-02 23:29:15",2599.7,2,toshiyukitanaka
130,16662121,One-For-All,"2026-09-02 15:34:38",2596.5,2,indarkarhana
131,16743836,"Auto Fermers","2026-09-02 15:44:31",2589.4,2,"artemboltaev,dmitriigluzdov"
132,16651244,"Knight of Favonius","2026-09-03 00:04:13",2584.3,2,ladyfaye
133,16677149,"Umataro Tenma","2026-09-02 21:01:13",2584.2,2,umatarotenma
134,16670537,Silhouette,"2026-09-03 01:11:11",2583.4,2,jamessargsyan
135,16723379,local,"2026-09-02 08:33:02",2583.4,2,matteo123383iend
136,16795853,GaoKui,"2026-09-02 17:35:50",2578.9,2,gaokui
137,16632224,"牧瀬 紅莉栖","2026-09-02 13:20:46",2578.8,2,yamakawanin
138,16704247,WeAreFarmers,"2026-09-03 00:02:45",2577.9,2,gbmorris1
139,16777406,"Toheeb Ogunade","2026-09-02 20:38:36",2577.8,2,toheebogunade
140,16714159,Lonnie,"2026-09-02 19:07:22",2576.9,2,lonnieqin
141,16734580,shyjin,"2026-09-03 00:20:20",2575.6,2,shyjin
142,16745006,UjjwalPardeshi,"2026-09-02 22:29:01",2572.4,2,ujjwalpardeshi
143,16810078,Sam-wiz,"2026-09-02 22:42:55",2570.7,2,samwiz
144,16665746,Chiranjieev,"2026-09-02 13:23:37",2567.5,2,"abhirajhiwale,amitambhore27,himanshu2605"
145,16641138,"Bharath Varma","2026-09-02 15:43:14",2567.3,2,bharath111l
146,16730076,SJY321,"2026-09-02 18:31:33",2566.4,2,sjy321
147,16667922,JungHwan,"2026-09-03 00:01:32",2566.2,2,najunghwan
148,16740996,ikevayansky,"2026-09-02 18:43:34",2564.6,2,ikevayansky
149,16762735,"Zenith Ye","2026-09-02 02:25:46",2563.8,2,zenithye
150,16683936,Cyrus,"2026-09-02 18:40:18",2563.7,2,jamalsaeedi
151,16636079,"Pawan Rama Mali","2026-09-03 00:14:23",2562.6,2,pawanmali
152,16624893,"GURU Prasaatha S","2026-09-02 15:57:23",2557.0,2,guruprasaathas111
153,16806862,JudyWatermelon,"2026-09-02 23:16:13",2555.1,2,judywatermelon
154,16709435,"Artyom Lyan","2026-09-02 12:43:34",2552.8,2,arli2016
155,16684954,"Suneeth reddy","2026-09-02 15:00:03",2551.4,2,suneethreddy
156,16749466,"The Wolf of Wheat Street","2026-09-02 18:05:09",2550.0,2,"lijuantang19,yuemengzheng01"
157,16766128,"Oleksandr Parfionov","2026-09-02 20:10:48",2546.9,2,parfyon
158,16740207,"As Long As You Love Me","2026-09-02 13:58:41",2546.7,2,theunforgiven7
159,16638994,wpl,"2026-09-02 20:25:07",2546.1,2,peilwang
160,16669148,"Syed Muhammad Gillani","2026-09-02 21:23:29",2545.8,2,syedmuhammadgillani
161,16737650,sime_saba,"2026-09-03 00:01:28",2545.7,2,watarukawashima
162,16710140,Lynxx,"2026-09-02 13:43:37",2545.1,2,lynnsakurai
163,16789946,"Oriol Pi Morell","2026-09-02 19:56:34",2544.8,2,oriolpi
164,16640807,TS,"2026-09-03 00:42:18",2544.2,2,takumi0220
165,16720316,"Hưng Trần","2026-09-02 12:02:27",2534.5,2,hungtrabiz
166,16660726,分比我低就受着,"2026-09-02 15:49:53",2532.4,2,gengsr
167,16784056,"anh nông dân may mắn","2026-09-03 01:00:31",2529.9,2,nguyen1tri
168,16655150,"Benjamin H Pepper","2026-09-03 00:20:02",2528.6,2,bhpepper
169,16736542,YuRuiZe,"2026-09-02 18:37:15",2528.2,2,ruoyuruize
170,16633226,test_money,"2026-09-02 21:11:44",2527.9,2,michaelsemenoff
171,16622349,"Mengfei Li","2026-09-02 21:07:09",2525.1,2,meli19
172,16752740,BorisV,"2026-09-02 12:19:20",2524.4,2,bvoskresenskii
173,16806587,"Dear Shark","2026-09-02 13:48:08",2524.4,2,dearshark
174,16624056,Raggriculture,"2026-09-02 14:53:48",2522.1,2,ravi123a321at
175,16811247,"Luca Mussino","2026-09-02 23:02:54",2521.3,2,lucamussino
176,16623400,Less,"2026-09-02 23:37:45",2520.9,2,jiaoyouzhang
177,16688460,lllleeeo,"2026-09-02 06:37:32",2518.9,2,lllleeeo
178,16635351,AAAMIKASA,"2026-09-02 14:11:51",2517.7,2,aaamikasa
179,16657032,"Ayaan Ghosh","2026-09-02 18:33:57",2516.6,2,ayan9001
180,16677847,ShiviWhivi,"2026-09-03 00:02:25",2515.5,2,blackpearls1
181,16641169,boatlee,"2026-09-02 12:45:49",2515.4,2,boatlee
182,16783721,"LI Mufeng","2026-09-02 14:46:27",2513.3,2,"alkaidchen,limufeng"
183,16742369,"Ömer Faruk Yüce","2026-09-02 15:50:49",2512.3,2,merfarukyce
184,16621063,"Aikyatan Sinha","2026-09-02 11:27:34",2509.3,2,"aikyatansinha,vamshikrishnaemmadi"
185,16669926,Jince,"2026-09-03 00:49:02",2509.2,2,jincesaju
186,16637973,StephenNedumpally,"2026-09-02 14:34:46",2508.9,2,stephennedumpally
187,16695931,"Kers Aoyagi","2026-09-02 22:51:45",2508.7,2,kersaoyagi
188,16672251,"Kavinkumar M","2026-09-02 17:32:43",2508.1,2,kavinkumarrkm
189,16667964,Shuiys,"2026-09-02 12:47:23",2506.6,2,ysshui
190,16764089,UtaAzu,"2026-09-02 23:44:37",2505.6,2,utaazu
191,16623799,"Akhilesh godugu","2026-09-02 13:46:26",2504.8,2,"akhileshgodugu,ashokgodugu"
192,16802410,"Aleksandr  Larko","2026-09-02 13:34:26",2503.3,2,alexxanderlarko
193,16735353,我是刘大聪,"2026-09-02 14:52:16",2502.5,2,smartorz
194,16674508,"Giulio Ravasio","2026-09-02 22:13:31",2502.3,2,giuliorav
195,16624979,"Mohamed abdelrazik","2026-09-02 06:19:46",2502.2,2,mohamed3abdelrazik
196,16749205,"Wish Coding Guy","2026-09-02 10:33:15",2500.6,2,tommycyd
197,16779957,养了一群扫福瑞,"2026-09-02 12:13:01",2499.9,2,whq0q7
198,16668227,Yusuraume,"2026-09-02 15:06:44",2499.0,2,sugitatomohiko
199,16799304,"Rlug mb","2026-09-02 12:54:27",2498.9,2,"minhtrph,rlugmb"
200,16719884,ykhnkf,"2026-09-02 12:47:32",2498.5,2,ykhnkf
201,16801457,"Who Stole My Vegetables?","2026-09-02 12:54:15",2497.4,2,subaru486
202,16737237,"Ayodeji Adesegun","2026-09-02 12:09:57",2497.1,2,ayodejiadesegun
203,16808178,qianyuatkaggle,"2026-09-03 00:20:10",2497.0,2,qianyuatkaggle
204,16679688,"Sathwik Chinthakayala","2026-09-03 00:37:08",2497.0,2,sathwikchinthakayala
205,16677810,"Maksim Borisov","2026-09-03 00:05:04",2496.5,2,ma4ypic4y
206,16764605,"Bandito Gangesterito","2026-09-02 14:43:01",2496.1,2,"mrtrueteller,restovrator"
207,16655519,CurveCowboy,"2026-09-03 00:10:15",2493.0,2,curvecowboy
208,16657877,zigiella,"2026-09-02 11:35:22",2492.0,2,zigiella
209,16660255,"Revanth Tambisetty","2026-09-02 12:04:40",2491.5,2,revanthtambisetty
210,16757621,Kurokawa,"2026-09-02 12:49:54",2490.5,2,hiroshikurokawa
211,16622459,"Munal Singh","2026-09-03 01:12:07",2488.7,2,munalsingh
212,16810275,Adam,"2026-09-03 00:29:24",2487.1,2,potonglantie93
213,16681116,Kagamihara,"2026-09-02 16:38:03",2485.4,2,kagamihara
214,16757809,dasfds,"2026-09-02 14:26:32",2482.1,2,dasfds
215,16653982,"Arul Prasad S P","2026-09-02 19:03:16",2481.1,2,arulprasadsp
216,16651695,"Abnormal Guys","2026-09-02 13:25:42",2480.9,2,"gwey1025,koushikrudra"
217,16716821,めめっち,"2026-09-02 12:21:28",2476.1,2,mechi22
218,16747577,"Nolan BONHOMME","2026-09-02 14:19:30",2476.0,2,nolanbonhomme
219,16746010,"Khoi Tuan Nguyen","2026-09-02 16:07:55",2474.4,2,khoingt
220,16674312,yuxuan,"2026-09-02 16:21:20",2473.8,2,yuxuan1221
221,16682879,"Ace Team","2026-09-02 16:58:27",2473.2,2,drpatrickchan
222,16736435,Dieter,"2026-09-02 23:12:03",2471.7,2,"arc144,christofhenkel,crodoc"
223,16694149,maxout,"2026-09-02 15:12:21",2471.2,2,"aadijoshi19,kavyabhand"
224,16629033,"Igor V","2026-09-02 20:09:06",2469.5,2,rostigor
225,16665294,"Thái Văn Tài","2026-09-02 10:02:36",2467.7,2,thivnti
226,16632493,"oni chan arigato","2026-09-02 18:34:13",2466.6,2,"kindasomethin,nabidnur"
227,16629165,lingyu07,"2026-09-03 00:56:41",2465.7,2,lingyu07
228,16809874,もたざる,"2026-09-02 18:05:29",2464.3,1,havenox
229,16798172,"Dmytro Maliarenko","2026-09-02 21:28:17",2462.3,2,arxitekton
230,16676278,"Om Sangwan","2026-09-02 19:27:26",2461.5,2,omsangwan
231,16661118,"Sirui Zeng","2026-09-02 18:51:24",2459.1,2,siruizeng
232,16670032,Kenjo1209,"2026-09-01 19:57:18",2459.1,2,kenjo1209
233,16641751,Hikari_30,"2026-09-03 00:25:43",2457.7,2,hikari30
234,16734914,bharat,"2026-09-03 00:07:04",2456.7,2,bharatmohan
235,16669490,hinemos,"2026-09-02 17:14:45",2456.5,2,hinemos
236,16749061,"Wang H2O","2026-09-02 09:13:34",2455.4,2,wangh2o
237,16659464,"Héctor Valverde","2026-09-03 00:20:40",2454.3,2,hvpareja
238,16774823,fan2goa1,"2026-09-02 21:51:39",2449.5,2,zfun0926
239,16670879,"old macdonald","2026-09-01 15:55:31",2448.9,2,djschmit
240,16790585,wzyxp_123,"2026-09-02 17:50:49",2448.4,2,cloudssdut
241,16684093,"fog flower","2026-09-02 14:26:35",2448.2,2,fogflower
242,16685763,"koren sabag","2026-09-03 00:04:03",2446.5,2,korensabag
243,16657576,"SUBHASH B","2026-09-02 14:20:11",2445.5,2,"rishikrish1,subhashb21022"
244,16635067,"Berat Egemen Gök","2026-09-02 19:52:19",2445.0,2,berategemengk
245,16704466,"QQ Farming","2026-08-31 14:47:21",2444.9,2,"dzjiann,hdhsjdjd,mitubant,ngyzly"
246,16732403,ymg_aq,"2026-09-02 23:15:29",2444.9,2,ymgpalaqs
247,16695046,"Farmers Is All You Need","2026-09-03 01:06:00",2442.9,2,"aurax7,coolinlai,davidsarrat,pseree,zongzishuang"
248,16735252,LagrangianLocomotive,"2026-09-03 00:06:08",2437.8,2,lagrangianlocomotive
249,16786102,"Anay Garodia","2026-09-03 00:30:31",2437.0,2,anaygarodia
250,16727103,sword3522,"2026-09-02 03:19:57",2436.2,2,"qinyanqiu,sword3522"
251,16654881,Freddy,"2026-09-02 22:13:37",2435.3,2,twoxding
252,16769059,"Shaw Sebastian","2026-09-02 21:58:27",2434.5,2,"shawsebastian,tvtdddd"
253,16655277,GUAM,"2026-09-02 21:10:59",2434.3,2,"analyticaobscura,jeongminlee92,kmmmvs,wnmgrn"
254,16702754,"ИТМОНИ AI B2B 67 SaaS","2026-09-02 09:09:40",2431.8,2,"borismatsakov,kirya1"
255,16811072,Rafael,"2026-09-02 21:30:49",2431.6,1,rafaeldsjhkas
256,16634765,democatXamer,"2026-09-02 15:56:37",2431.5,2,w1326627677
257,16688568,Sophie555,"2026-09-02 20:46:15",2431.1,2,sophie555
258,16722888,GarrieD,"2026-09-02 22:12:21",2428.9,2,garried
259,16622198,"THUNDER THUNDER","2026-09-02 18:29:05",2426.8,2,thunderthunder
260,16664836,"Adnan Zaman","2026-09-02 18:18:04",2426.7,2,adnanzamanniloy
261,16797251,"Nguyễn Mạnh Niên","2026-09-02 06:19:44",2426.1,2,jacobrichard312
262,16631640,"Danielle Lesin fan","2026-09-02 14:31:59",2425.2,2,caoyupeng
263,16686424,"Thần Thoại","2026-09-02 17:01:58",2424.3,2,thanthoai
264,16657594,"Wojciech Krasowski","2026-09-02 20:37:04",2424.0,2,ci3l4k
265,16716078,WENJIE_Wang,"2026-09-01 17:08:17",2422.8,2,"jenzenhuang,luwyeb,wafflebear,wenjiewangdev"
266,16695685,"kwon yong deuk","2026-09-02 13:03:40",2421.7,2,kwonyongdeuk
267,16763897,BackFiring,"2026-09-02 17:33:38",2421.0,2,backfiring
268,16676114,Gekkotron,"2026-09-01 09:05:08",2420.7,2,gekkotron
269,16722995,July,"2026-09-02 09:58:07",2418.1,2,julyzseven
270,16763505,"Sai Reddy Pothireddy","2026-09-02 22:56:19",2417.3,2,saireddypothireddy
271,16758882,mtmr_s1,"2026-09-03 00:33:13",2416.9,2,mtmrs1
272,16697089,"aghbalou Anass","2026-09-02 19:45:47",2414.2,2,aghbalouanass
273,16633340,"Tim Zagrebelny","2026-09-02 10:23:31",2413.9,2,timzagrebelny
274,16764546,Thirst,"2026-09-01 13:34:19",2412.6,2,wahidakram
275,16778946,yuki0731,"2026-08-31 00:00:21",2412.5,2,yuki0731
276,16668783,Zyy7390,"2026-09-02 08:42:39",2411.7,2,"tigerrrrrr,zyy7390"
277,16799554,dengddd,"2026-09-02 14:02:40",2411.6,2,dengdgq
278,16810308,"Congying Ma","2026-09-02 23:47:08",2409.2,2,congyingma
279,16680144,AM,"2026-09-02 18:13:13",2408.6,2,adammekky
280,16634704,"Maham Haroon","2026-09-02 14:59:44",2407.3,2,mahamhc
281,16767960,"Yuvraj Bhati","2026-09-03 00:00:06",2406.8,2,avioon
282,16644724,"Yiheng Wang","2026-09-02 11:52:37",2406.5,2,yiheng
283,16755705,"Semyon Epanov","2026-09-03 00:31:23",2400.7,2,semyonepanov
284,16675344,PP_Azelearn,"2026-09-01 05:23:30",2399.3,2,"androidss,keitookamoto,pptakehirokawada"
285,16691270,"Piyal Chowdhury","2026-09-02 19:33:56",2397.2,2,piyalchowdhury
286,16725793,Krilin,"2026-09-02 12:31:11",2394.8,2,krilin
287,16778340,NayuNayu,"2026-09-03 00:12:54",2394.4,2,nayunayu1005
288,16659870,"Tien N.","2026-09-03 00:06:02",2393.5,2,tientrum
289,16738424,Yunioshi,"2026-09-01 14:51:54",2390.9,2,yunioshi
290,16781279,zhyphirus,"2026-09-02 20:48:29",2390.5,2,zhyphirus
291,16665416,"zeyu lau","2026-09-02 18:58:33",2389.7,2,zeyulau
292,16732578,nao.kwmr,"2026-09-02 01:01:01",2387.6,2,naokwmr
293,16699165,lime0001,"2026-09-02 12:48:30",2383.3,2,lime0001
294,16661768,"Lợi Trần Bảo","2026-09-02 17:08:10",2382.7,2,litrnbo
295,16760523,"Joseph Ayanda","2026-09-02 23:45:58",2380.8,2,josephayanda
296,16658677,大山,"2026-09-02 23:16:12",2379.9,2,mapodoufu
297,16682932,"Iulian Curte","2026-09-03 00:00:33",2379.8,2,iuliancurte
298,16806053,hisatarosu,"2026-09-03 00:10:09",2378.6,2,tomako4390
299,16621500,"Reinforcement Larping","2026-09-01 15:56:45",2377.8,2,egortkachenko
300,16805370,"Gaiar Baimuratov","2026-09-02 15:03:54",2377.0,2,baimuratov
301,16662883,OceanMix,"2026-09-02 23:55:17",2376.7,2,"cggonzalezsc,fierus,liesvyvalladares"
302,16681369,GanadorPlusUltra,"2026-09-02 20:53:05",2375.3,2,ganadorplusultra
303,16775076,hiros,"2026-09-02 19:13:42",2374.3,2,hiroshige1
304,16669856,StrugglerK,"2026-09-02 19:45:01",2369.6,2,muhammedkaanlker
305,16675684,washamba_bots,"2026-09-01 22:23:46",2369.0,2,"billygmwangi,futurecentaur,peterkibetspidey,stephanenjoki"
306,16663247,Ak,"2026-09-01 10:35:43",2368.6,2,abisheksrivastav
307,16709068,Vib,"2026-09-01 04:44:16",2368.0,2,viblal
308,16799934,auhulu,"2026-09-02 17:34:56",2366.0,2,auhulu
309,16629972,"forever young","2026-09-02 21:08:03",2365.7,2,keisukeyokota0428
310,16665637,Luvsh81,"2026-09-03 00:00:30",2365.4,2,luvsh81
311,16806219,"Yiwei Pu","2026-09-02 17:43:52",2364.0,2,"lvyihan1210,raven20010261,yiweipu"
312,16683199,"Filippo Gombac","2026-09-02 17:16:47",2361.9,2,filippogombac
313,16659957,"Jaydon J P","2026-09-02 04:45:33",2361.5,2,jaydonjp
314,16797543,Tarang222,"2026-09-03 00:02:32",2361.1,2,tarang222
315,16626332,"MD. Nazmus Sakib Anik","2026-09-03 00:00:29",2360.9,2,beyondlogic
316,16713281,SirShifu,"2026-08-31 09:19:51",2360.9,2,sirshifu
317,16796600,skyShenzi5822,"2026-09-02 08:11:18",2358.0,2,skyshenzi
318,16701258,ln,"2026-09-02 19:00:54",2357.9,2,nazarov
319,16664969,"wuliao luis","2026-09-02 10:17:30",2356.7,2,wuliaoluis
320,16632593,skomuro,"2026-09-01 12:43:55",2356.0,2,skomuro
321,16654585,"David Pedersen","2026-09-02 21:41:00",2355.9,2,semalytics
322,16630752,motemen,"2026-09-02 07:49:42",2352.9,2,motemen
323,16670948,wally0593,"2026-09-02 08:31:29",2352.0,2,wally0593
324,16644481,Liquidus,"2026-09-02 01:29:04",2351.1,2,liquidus
325,16655190,"Will Rice","2026-09-02 08:03:17",2350.6,2,willrice
326,16664788,rian,"2026-09-02 19:44:47",2349.7,2,rian55
327,16716475,"dong & shen","2026-09-02 07:08:31",2348.6,2,"dongcookies,muyouqian4"
328,16658221,"Roshan Roy","2026-09-02 15:45:05",2347.6,2,"adhilvt,mohamedarifj,roshanroy333"
329,16732292,takaygiiiiiiii,"2026-09-03 00:27:00",2343.8,2,takaygiiiiiiii
330,16699741,Tom3,"2026-09-01 19:55:33",2343.7,2,tomohiroaz
331,16743858,kawauso9n,"2026-09-02 22:38:40",2342.0,2,kawauso9n
332,16786517,"TongYi Hong_HENU","2026-09-01 06:00:20",2341.5,2,"hongtongyi,lizhe125,ypeng1234"
333,16707915,MGöksu,"2026-09-01 15:00:15",2340.3,2,mgoksu
334,16736874,mhiro2,"2026-09-03 00:01:19",2330.6,2,mhiro2
335,16674102,没落者,"2026-09-01 16:03:45",2328.0,2,needless090
336,16670384,"Gordeev Max","2026-09-02 06:22:58",2327.3,2,gordeevmax
337,16785483,xiongrui666,"2026-09-02 17:43:10",2327.2,2,xiongrui666
338,16731926,"Pardheev Krishna","2026-09-02 19:48:20",2326.0,2,"anandkumar0901,ayushjiwatramani,nidhibsh,nitindatanylatics,pardheev"
339,16655912,sssskilo,"2026-09-01 23:48:09",2325.3,2,wellkilo
340,16665233,"Akash Deep","2026-09-02 08:50:29",2325.1,2,akashdeepo
341,16634149,"Hozuma ITOBAYASHI","2026-08-31 22:48:33",2325.0,2,hozumaitobayashi
342,16674174,"Ramesh Arvind","2026-08-31 03:25:39",2324.5,2,rameshln
343,16741819,"Paritosh Kumar Tripathi","2026-08-31 17:24:32",2324.4,2,paritoshtripathi5
344,16637546,Forrest,"2026-09-03 00:22:01",2323.8,2,yinxiaogang
345,16630804,"Emre Cirak","2026-09-02 18:17:23",2323.8,2,biohack44
346,16725899,Zhenghongshuang,"2026-09-02 01:44:40",2322.2,2,zhenghongshuang
347,16677337,"xi luo","2026-09-03 00:43:33",2321.9,2,xiluo00
348,16797063,Nianhua1,"2026-09-02 06:48:12",2317.4,2,nianhua1
349,16790091,ChengxuGu,"2026-08-30 12:52:07",2316.4,2,chengxugu
350,16696743,"wennan cao","2026-09-02 00:34:12",2316.4,2,wennancao
351,16738852,ZJUwlm,"2026-09-01 02:44:23",2312.2,2,zjuwlm
352,16802039,"Anna Currie","2026-09-01 17:53:02",2310.2,2,hcnfgxsghvbkhbty
353,16790432,"Field General","2026-09-01 01:53:02",2307.6,2,kevinarvai
354,16628951,"Hiro Nomo","2026-09-02 12:05:55",2306.0,2,morinokuma3
355,16806006,2,"2026-09-02 15:08:50",2305.2,2,smallvv
356,16696738,rekhasri,"2026-09-03 00:01:07",2303.2,2,rekhasri
357,16792109,rogerrogerroger3r,"2026-09-02 14:25:47",2303.1,2,rogerrogerroger3r
358,16654403,"Skibidi Six Seven","2026-09-03 01:07:39",2302.6,2,iam4722202468
359,16623877,Chikuwabu,"2026-09-02 23:18:35",2301.8,2,prgckwb
360,16731678,ShadowT_T,"2026-09-02 20:57:42",2300.5,2,shadowtt
361,16736427,KouFu,"2026-09-02 09:58:52",2300.4,2,kouheif
362,16731966,ねねね,"2026-09-01 00:02:16",2300.3,2,napier1550
363,16676885,"Riva Kajangu","2026-09-02 20:38:21",2299.3,2,rivakajangu
364,16632423,goh,"2026-09-02 03:27:12",2295.7,2,bungohatayama
365,16675671,"MMM Abbie","2026-09-02 13:39:44",2294.7,2,kchuang
366,16688896,"JianYuan Deng","2026-09-02 17:11:59",2294.1,2,jianyuandeng
367,16779254,MaxZhuCHN,"2026-09-02 11:17:58",2293.7,2,maxzhuchn
368,16677568,yarneo,"2026-09-02 22:40:17",2293.5,2,yarneo
369,16692845,"Yassine Ben Zekri","2026-09-01 12:05:28",2293.5,2,yassinebenzekri
370,16741096,"Yohanes Lengkong","2026-09-02 22:29:16",2292.9,2,yohanesfc
371,16732878,modelcollapse,"2026-09-01 10:23:20",2291.8,2,modelcollapse
372,16654158,"Md. Hamid Hosen","2026-09-01 08:31:35",2291.6,2,"esfersami50,foysalemonshanto,hosen42"
373,16658149,X,"2026-09-02 18:36:28",2291.2,2,lohithhb
374,16806000,wyz0210,"2026-09-02 17:11:14",2290.9,2,weiyouzhen
375,16623488,"Kevin E R MILLE","2026-09-02 05:54:32",2289.1,2,kevinermille
376,16630675,"Lucien de Rubempre","2026-08-30 17:20:05",2288.7,2,lucienderubempre
377,16773041,Lixin73,"2026-09-01 08:42:09",2288.3,2,lixin73
378,16659550,"Sai Syam","2026-09-01 06:56:47",2287.6,2,saisyam
379,16658038,Khanh,"2026-09-02 14:49:45",2287.6,2,khanhp142
380,16740851,Zefirrr,"2026-09-01 16:46:15",2286.0,2,zefirrrr
381,16727544,"Mostafa H","2026-09-01 10:03:53",2284.9,2,mostafahaghiri68
382,16753567,Davics,"2026-09-02 03:13:14",2284.3,2,davics
383,16783459,LKQ669,"2026-09-02 14:33:50",2282.8,2,lkq669
384,16701051,"Komi ShouKo","2026-09-02 12:49:00",2282.0,2,asdwswdxd
385,16775286,DanilAbdullin,"2026-09-02 05:42:51",2282.0,2,danilabdullin
386,16711398,Claude我崇拜你啊,"2026-09-02 21:23:04",2280.7,2,chenxizhao21
387,16795131,XuanxuChem,"2026-09-02 14:51:58",2280.5,2,zhaonoah
388,16637255,"Peter Parker","2026-09-03 00:43:51",2280.3,2,superallen001
389,16796937,Alan,"2026-09-02 14:03:32",2279.9,2,amunsentom
390,16697893,YWehbe,"2026-09-02 07:09:03",2279.5,2,youssefwehbe
391,16627032,"Kaito Fukami","2026-09-02 08:23:15",2279.1,2,kaitofukami
392,16673303,"Samuel Sundararaman ","2026-09-02 06:16:43",2278.8,2,neopok919
393,16806394,Flowers,"2026-09-02 04:03:16",2276.5,1,oliver34
394,16741500,weichy7,"2026-09-02 07:15:59",2275.3,2,weichy7
395,16686918,JustinLee,"2026-09-03 00:21:14",2273.8,2,justin2061
396,16662833,"umair zia","2026-09-02 19:06:13",2273.2,2,aimerscoding
397,16733851,tangaii,"2026-09-02 09:31:11",2272.5,2,tangai1
398,16705390,"Subramanya N","2026-08-25 16:45:45",2272.4,2,subramanya1997
399,16705659,"srijan k.r keshri","2026-09-02 06:15:51",2271.9,2,srijankrkeshri
400,16718033,TheMightiestMan,"2026-09-01 14:13:04",2271.9,2,themightiestman
401,16647192,"Sailor Ren","2026-09-02 13:28:42",2270.7,2,sailorren
402,16658830,"Farhat Pachisa","2026-09-01 12:21:28",2270.4,2,farhatpachisa
403,16693965,ra5anchor,"2026-09-01 12:12:05",2269.8,2,junmitsui
404,16642570,"Mathurin Ache","2026-09-02 06:17:18",2269.2,2,mathurinache
405,16791924,magu1234,"2026-09-01 06:35:21",2268.6,2,magu1234
406,16664640,"Tiannan Zhang","2026-09-02 19:19:18",2268.6,2,underestimated
407,16626093,"Pilkwang Kim","2026-09-02 09:00:59",2268.1,2,pilkwang
408,16802322,HongchenDai,"2026-09-01 10:08:03",2267.5,2,hongchendai
409,16748733,"Driz Lo","2026-09-02 23:28:29",2267.2,2,drizlo
410,16768104,"Ivan Aleksandrov","2026-09-02 23:40:03",2267.0,2,ivanblch
411,16740405,ibyyue,"2026-09-02 02:57:01",2266.1,2,ibyyue
412,16663264,Adarsh,"2026-09-01 13:51:29",2265.5,2,madarshbb
413,16802745,"Fuat Çakıcı","2026-09-02 12:04:20",2265.5,2,fuatcakiicii
414,16630548,"YJ Wee 2807","2026-09-02 15:48:55",2264.9,2,yjwee2807
415,16730675,"SOUTA Sakurai","2026-09-02 18:55:22",2263.3,2,soutasakurai
416,16717794,souldrive,"2026-09-01 00:28:30",2263.1,2,souldrive
417,16709176,Efnutrrionpy,"2026-09-01 22:41:29",2261.9,2,efnutrrionpy
418,16688217,"The Grower","2026-09-01 15:35:50",2261.3,2,vigneshsankar1962
419,16763375,Alex75,"2026-09-01 19:06:00",2261.3,2,alexmartinez75
420,16681744,team_fn,"2026-09-02 08:29:02",2260.5,2,fjklmn
421,16745569,kitchs,"2026-09-02 11:32:08",2260.2,2,kitchs
422,16626462,mango,"2026-09-02 00:56:25",2260.2,2,mango789
423,16736124,GIN,"2026-09-01 10:01:59",2259.6,2,runjinzhang
424,16639625,"Dr Chandrasen Pandey","2026-09-01 03:02:40",2258.6,2,devchandra
425,16734803,guoziyi123456,"2026-09-01 02:05:21",2258.4,2,"ax1lec,guoziyi123456,linhexlu,xuanzhechen"
426,16677855,Mehrdad_LU,"2026-09-02 20:06:20",2257.1,2,mehrdadal2023
427,16677107,gagacrow,"2026-09-02 23:03:53",2256.8,2,gagacrow
428,16640510,SpaTaro,"2026-09-02 16:04:40",2256.0,2,tarosqrd2
429,16684045,zekenoe,"2026-09-02 06:47:21",2255.4,2,"yizhewong,zekenos"
430,16689430,"Terry Luo","2026-09-02 10:05:48",2254.0,2,eimhluo1764
431,16631460,Kosuke.T,"2026-09-02 06:08:27",2251.2,2,kosuke1992
432,16672128,Cliffton,"2026-09-02 13:01:26",2250.4,2,rieltzx
433,16670276,"Egor Trushin","2026-09-02 18:56:14",2249.1,2,egortrushin
434,16734715,史永刚,"2026-09-02 06:35:46",2247.0,2,shizehao
435,16774727,"Dannya AbdulHadi","2026-09-02 06:00:08",2246.9,2,dannyaabdulhadi
436,16661570,"sissoko cheick","2026-09-02 21:45:33",2245.2,2,sissokocheick
437,16765884,洛希边际,"2026-09-02 13:52:48",2244.3,2,bxz2003
438,16733766,Paarthpowa,"2026-09-02 16:29:16",2242.1,2,paarthpowa
439,16652710,Ryutogrrr,"2026-09-01 08:02:58",2241.8,2,ryutogrrr
440,16625798,grifth,"2026-09-01 01:10:39",2239.8,2,grifth
441,16661607,choqui62,"2026-09-01 13:56:18",2238.3,2,choqui62
442,16802630,takotakosan,"2026-09-02 15:25:45",2238.2,2,takotakosan
443,16684748,"nailong alpha","2026-09-02 04:15:02",2238.1,2,"dejavucry,weiyun22021,yoruet"
444,16754823,"tiki tiki tiki","2026-09-02 12:39:13",2236.7,2,slangitup
445,16716263,"Ugnė Miklovaitė","2026-09-02 09:18:01",2236.1,2,ugnmiklovait
446,16623635,HiroyukiSasaki,"2026-09-03 00:15:22",2235.6,2,hiroyukisasaki815
447,16746395,Levin,"2026-09-02 06:17:02",2235.6,2,"sophiexs,zhengliwen"
448,16740892,"yuki matsumori","2026-09-02 23:30:23",2231.6,2,yukimatsumori
449,16754112,"rhythm master","2026-09-02 02:01:23",2231.0,2,lukaswong
450,16657785,"Himanshu Kumar","2026-09-02 19:08:40",2228.4,2,himanshujha2812
451,16727998,hidsaito,"2026-09-02 13:34:48",2226.8,2,hidsaito
452,16674385,"qr farm","2026-09-02 17:15:40",2224.8,2,qrz1201
453,16634179,daoviet,"2026-09-01 04:19:33",2221.9,2,daoviet
454,16743484,"薄和叶 Lv.INF","2026-09-01 22:35:56",2219.0,2,lumine01
455,16721501,αίνιγμα,"2026-09-01 18:22:08",2218.0,2,"muditnagori09,shahidnadaf001"
456,16775474,ERS,"2026-09-01 11:18:15",2217.3,2,shingo257
457,16740010,"Kobe BRYANT","2026-09-01 17:52:13",2216.7,2,kobebryantjohn
458,16624919,"Juste Me (●'◡'●)","2026-09-01 12:00:52",2216.5,2,degnonguidi
459,16621585,"Rokaiya Somapti","2026-09-01 12:16:52",2216.5,2,rokaiyasomapti
460,16729102,"Bruce Zheng","2026-09-02 14:29:10",2215.9,2,brucezheng666
461,16636536,tetsu2131,"2026-09-01 13:46:29",2215.5,2,tetsutani
462,16661039,Abracadabra,"2026-09-02 16:56:01",2215.4,2,giovannicr
463,16797154,"Elvern Neylmav Tanny","2026-09-02 16:18:42",2214.5,2,elvernneylmavtanny
464,16692185,"Xu Suyi","2026-09-01 11:32:05",2212.7,2,xuyuhaosuyi
465,16658300,"Thành Toàn Vương","2026-09-01 13:22:01",2212.4,2,thnhtonvng
466,16622420,RuiFSPinto,"2026-09-01 19:46:40",2211.6,2,ruifspinto
467,16759578,Randy,"2026-09-02 20:12:41",2211.5,2,rvndyerwin
468,16623805,"Howon Kang","2026-09-03 00:42:26",2211.3,2,howonkang
469,16784217,MMN0222,"2026-09-02 04:45:24",2210.5,2,mmn0222
470,16738822,shakedamo0w0,"2026-09-01 18:52:50",2210.0,2,shakedamo0w0
471,16661708,"Stanley Honkpehedji","2026-09-01 23:02:42",2209.9,2,stanleyhonkpehedji
472,16623974,Canon,"2026-09-03 00:00:29",2208.5,2,sotakurihara1
473,16639565,yasu,"2026-08-31 06:23:59",2208.4,2,yasutakababa
474,16777107,Pipiripipap,"2026-09-02 22:01:45",2208.1,2,yohalf
475,16738503,dddmd,"2026-09-01 14:31:12",2206.3,2,dddmdd
476,16657316,SCNU,"2026-09-02 08:58:16",2206.0,2,jasonxusk
477,16730223,Ojaswy,"2026-09-01 22:11:59",2205.0,2,ojaswy
478,16742159,mimi！,"2026-09-02 09:43:12",2203.4,2,"morongzhu,we111135"
479,16622842,Will,"2026-09-01 10:21:09",2200.3,2,wguesdon
480,16697898,"Yin Li","2026-09-02 04:34:48",2198.4,2,kevin250304
481,16662492,"Lester Leong","2026-09-01 09:17:42",2198.1,2,lesterleong
482,16716566,"Junliang Ye","2026-09-02 11:15:25",2196.6,2,junliangye
483,16665134,edteoh,"2026-09-02 23:01:34",2196.3,2,edteoh
484,16749576,heralces,"2026-09-02 13:59:21",2195.6,2,heralces
485,16633944,Toru59er,"2026-09-02 12:50:42",2195.6,2,toru59er
486,16659555,"Joseph Adamski","2026-09-01 18:25:44",2195.4,2,josephadamski91
487,16665311,"huayang sun","2026-09-02 09:02:22",2195.3,2,okami001
488,16722705,我的AI是豆包,"2026-09-02 15:39:46",2194.6,2,"carrotliang,haoxuanjng,kaoqiangzhang,rainhuang0220"
489,16718480,PLReddy23,"2026-09-03 00:19:46",2194.4,2,plreddy23
490,16634104,FarmGoose,"2026-09-02 14:56:52",2192.1,2,yizhanglou
491,16672136,chupaletas,"2026-09-02 11:37:50",2192.0,2,urvesh
492,16668157,"vineet dairashri","2026-09-01 17:46:14",2191.0,2,vineetdairashri
493,16775242,"Timothee Henry","2026-09-02 18:06:53",2190.7,2,timhenry
494,16742183,alessandrozonta,"2026-09-02 11:07:56",2190.2,2,azonta
495,16758954,shenjj02,"2026-09-03 00:57:48",2189.7,2,shenjj26
496,16707562,Snipine,"2026-09-02 09:00:20",2189.6,2,boluosnow
497,16777767,"Miyanogawa Yuya","2026-09-02 23:52:37",2188.8,2,veritalogos
498,16738759,YJR,"2026-09-02 11:13:13",2186.5,2,misakamikoto66
499,16730247,DOM-VASCONCELOS,"2026-09-03 00:51:29",2186.4,2,domcreator
500,16772109,Yashvs56,"2026-09-02 03:15:48",2186.3,2,yashvs56
501,16656496,"Vaibhav Gupta","2026-09-02 20:09:34",2186.2,2,vaihero
502,16793474,"Liu Classmate","2026-09-02 03:50:31",2185.1,2,liuclassmate
503,16806376,pardival,"2026-09-02 14:12:45",2184.6,2,pardival
504,16786595,"dbvz sbsbs","2026-09-02 09:40:48",2184.4,2,dbvzsbsbs
505,16782954,"Team Dajiang","2026-09-02 12:18:53",2184.3,2,"jihuaye,toolazyhhh123"
506,16796840,ezalbxx,"2026-09-02 14:26:04",2183.7,2,ezalbxx
507,16795798,"Refrain 1","2026-09-01 09:36:19",2183.3,2,"chisatoy,refrain1"
508,16804859,DevashishSoni123,"2026-09-02 08:18:03",2182.2,2,devashishsoni123
509,16655129,"Morylov Yehor","2026-09-03 00:55:41",2181.7,2,morylov
510,16674919,yukiZ,"2026-09-02 00:40:52",2181.1,2,hideyukizushi
511,16775684,ketterking,"2026-09-01 12:16:58",2179.5,2,"ketterwang,wwppyywwww"
512,16716533,wiffany,"2026-09-02 14:51:09",2178.6,2,wiffany
513,16659961,faahh,"2026-09-02 10:14:47",2178.1,2,shivam98saini
514,16634952,"Igor Zharov","2026-09-02 12:07:34",2178.1,2,flexonafft
515,16662628,AbhiniveshSharma5354,"2026-09-02 04:24:07",2177.9,2,abhiniveshsharma5354
516,16775571,Gaurav06520,"2026-09-02 12:00:14",2176.6,2,gaurav06520
517,16767360,"Sinh Nguyễn Đức","2026-09-02 12:29:18",2176.0,2,sinhnguync
518,16656011,"Jiashun Tan","2026-09-02 07:55:59",2176.0,2,jiashuntan
519,16682494,Phi,"2026-09-02 04:05:44",2175.0,2,ajinomoto132
520,16784416,tatt:)ch,"2026-09-02 08:19:42",2173.1,2,tattch
521,16662318,"Bardia Bahadori","2026-09-01 17:40:12",2171.7,2,bardiabahadori
522,16679694,"Yaro Perventsev","2026-09-02 16:18:13",2171.5,2,yaroslavperventsev
523,16725195,易研学社,"2026-09-02 12:03:20",2170.1,2,"chency17,fengwann,mingyingxin,sjojasdq,tbtbbb"
524,16701685,shawloong,"2026-09-02 10:11:23",2169.5,2,shawloong
525,16751152,"Andrew Reed","2026-09-03 01:06:40",2168.3,2,andrewreed
526,16730719,Xiaowenhao404,"2026-09-03 00:23:02",2168.1,2,xiaowenhao404
527,16682195,celefefwefwe1,"2026-09-02 16:48:52",2163.9,2,celefefwefwe1
528,16775350,"Sourabh Nirwanevht","2026-09-02 09:30:20",2163.9,2,sourabhnirwanevht
529,16651792,LX,"2026-09-02 10:29:49",2163.2,2,sunnylx
530,16624040,kumk,"2026-09-02 11:26:15",2162.1,2,kknagoya
531,16769411,Beyond,"2026-09-02 10:53:38",2160.3,2,themanysh
532,16740659,haodou092,"2026-09-02 13:27:06",2159.8,2,haodou092
533,16796238,"Zhongyi Dai","2026-09-01 09:19:24",2159.0,2,zhongyidai
534,16644145,"Mehdi Azouz","2026-08-31 10:03:12",2158.8,2,mehdiazouz
535,16691867,huyang111,"2026-09-02 15:16:45",2158.2,2,huyang111
536,16736120,"Ricky #2","2026-09-02 06:23:54",2156.5,2,rickyds97
537,16624276,Zejun_,"2026-09-02 05:43:11",2156.3,2,zejunfool
538,16777394,antadam127,"2026-09-02 09:36:25",2155.7,2,antadam127
539,16739633,kwa,"2026-09-02 05:24:22",2154.7,2,ikaroskaggle
540,16681927,"Dariush Afshar","2026-09-01 23:50:46",2153.7,2,dariushafshar
541,16785321,HaoChi,"2026-09-02 08:32:17",2152.5,2,"lishi321,moxi21"
542,16659395,HyperX,"2026-09-01 15:04:00",2150.4,2,"diversedharun,harishinkaggle"
543,16634156,"Hiroyasu Okuno","2026-09-02 14:06:50",2146.9,2,hiroyasuokuno
544,16803930,"Farrukh Ismoilov","2026-09-02 11:30:29",2145.8,2,fismoilo
545,16750416,G!vIOne,"2026-08-31 05:37:40",2143.5,2,gvione
546,16652536,Satoshi_SsSs,"2026-09-02 13:57:44",2141.1,2,satoshissss
547,16698136,"David Estevez","2026-09-03 00:37:30",2139.4,2,destbreso
548,16793895,"Moh Notif","2026-09-02 22:05:39",2135.9,2,mohnotif
549,16624934,"Haramball forever!","2026-09-02 09:18:08",2134.8,2,envyy23120093
550,16665700,张广麒,"2026-08-31 08:41:33",2134.7,2,zzggqq
551,16793396,...,"2026-09-02 11:12:27",2133.7,2,shackles6966
552,16735837,yaki-imo,"2026-09-02 05:06:46",2128.6,2,taichiakiyama
553,16682183,lihaha.36,"2026-09-02 16:51:46",2127.9,2,lihaha36
554,16764349,Solo,"2026-09-01 15:13:54",2122.4,2,solosolo
555,16778388,"straw hats","2026-09-02 18:16:16",2121.2,2,rushikeshgaonkar
556,16652750,"Bahadir Selim Bakla ","2026-09-02 11:21:09",2120.5,2,bahadirselimbakla
557,16779831,地里偷偷尿尿,"2026-09-02 04:17:57",2120.2,2,jjsdfd22
558,16735094,RngRng,"2026-09-02 23:51:40",2119.4,2,rngrng
559,16658732,Olympus,"2026-09-03 00:18:32",2118.9,2,jiseungwoo
560,16670371,rkd,"2026-09-02 06:34:59",2118.9,2,ryookd
561,16730473,Kyohei,"2026-09-02 21:57:46",2113.7,2,kyohei3
562,16715235,l1aF,"2026-09-02 11:05:45",2111.4,2,hhhoang
563,16732748,"revenge pokekaggler","2026-09-02 16:58:09",2111.2,2,denden12
564,16810171,kta_jpn,"2026-09-03 00:18:47",2110.6,2,ktajpn
565,16731834,Kamma,"2026-09-02 02:35:42",2109.2,2,"cheliu0307,makerfly"
566,16652272,"nadhir hasan","2026-09-02 09:46:26",2107.0,2,nadhirhasan
567,16654704,mandgeee,"2026-09-02 19:24:00",2106.8,2,mandgeee
568,16639871,"Aura Farming","2026-08-31 18:01:31",2106.5,2,gauthieravite
569,16632566,maco-macoo,"2026-09-01 12:51:49",2106.4,2,macomacoo
570,16709126,"Jamie Nojek","2026-09-02 20:09:43",2106.1,2,jamienojek
571,16797393,lingmingzi,"2026-09-02 13:45:50",2105.6,2,lingmingzi
572,16714057,"T0m0t0m0 W","2026-08-30 07:55:00",2104.4,2,t0m0t0m0w
573,16793656,王子铖,"2026-09-02 15:06:03",2103.4,2,aurantium
574,16623371,MoZayed,"2026-09-01 20:31:54",2102.9,2,mohamedzayedahmed
575,16712121,"Hai Dang","2026-08-30 08:06:26",2102.8,2,haidang2405
576,16622509,Ali,"2026-09-02 17:27:25",2101.8,2,asalhi
577,16760490,"nir afek","2026-08-30 21:08:22",2101.7,2,nirafek
578,16786126,"Max Bloom","2026-09-03 00:02:21",2101.4,2,maxbloom
579,16753646,"[Deleted] 7d100524-25e6-4751-98db-b4fdce26a5ee","2026-09-02 14:22:45",2098.4,2,del=effabded1aa6d176
580,16732221,ringbearer,"2026-08-30 09:45:04",2097.1,2,mehmetbarankrat
581,16794740,"Alexander R Luz","2026-09-03 01:23:23",2096.5,2,alexanderrluz
582,16664392,AdamHsieh,"2026-09-02 08:46:40",2095.8,2,adamhsieh
583,16732055,DASH村,"2026-09-02 01:43:26",2095.1,2,sobameshi
584,16739543,"Akshay #2","2026-08-31 15:39:22",2095.0,2,theakshay
585,16707467,kay.liechtenstein,"2026-09-02 21:02:43",2095.0,2,kayliechtenstein
586,16639731,williamrawling,"2026-09-03 00:00:59",2093.7,2,williamrawling
587,16749034,digitalChaos,"2026-08-31 14:50:30",2090.5,2,digitalchaos666
588,16721384,Hackoholics,"2026-09-02 02:00:49",2089.2,2,"limyenhui,richierx"
589,16691512,"Hongxin Su","2026-08-30 12:14:25",2088.4,2,hongxinsu
590,16762769,"Jacques Buis","2026-09-02 15:30:28",2088.4,2,jacquesbuis
591,16762935,"ibr mo sal","2026-09-02 17:30:54",2087.2,2,ibrmosal
592,16667479,"Leon Christians","2026-09-03 00:07:03",2083.2,2,leonchristians
593,16806014,"weihao huang2004","2026-09-02 09:33:34",2082.7,2,weihaohuang2004
594,16779519,"Xiangsong Tian","2026-09-02 06:06:16",2080.9,2,xiangsongtian25
595,16705523,"Brian Chua","2026-09-02 06:33:24",2078.8,2,chuazhengweibrian
596,16760241,"Collin Christensen","2026-09-02 17:41:55",2074.1,2,cchristens
597,16659103,Arin,"2026-09-01 16:15:10",2071.9,2,skarin
598,16783642,base_camp_2002,"2026-09-02 00:22:12",2070.9,2,basecamp2002
599,16769967,"Bill Fan","2026-09-02 08:23:52",2070.8,2,billfan88
600,16762289,NineThree,"2026-09-02 15:53:24",2070.6,2,xiaoazuzong
601,16804863,JezzLynn,"2026-09-02 16:49:03",2070.5,2,jezzlin
602,16738820,"Ying Li","2026-09-02 14:39:23",2069.8,2,lyee919
603,16681007,AkiraOnojp,"2026-09-02 13:01:48",2069.3,2,akiraonojp
604,16730881,hank0123,"2026-09-02 15:16:00",2069.2,2,hank0123
605,16694186,souju00,"2026-09-01 09:06:28",2068.3,2,souju00
606,16694016,"Prajwal M","2026-09-02 16:15:52",2068.2,2,estrick
607,16633552,Unkn0wn,"2026-08-31 21:04:39",2068.1,2,"harnadshilpa,nagendraadisesha"
608,16734822,Zcy,"2026-08-30 15:01:54",2067.9,2,laura831
609,16660987,AdrianWang2003,"2026-09-02 10:11:16",2067.6,2,"adrianwang2003,benlou04"
610,16769990,delai50,"2026-09-02 16:01:52",2067.5,2,delai50
611,16665357,XW,"2026-08-31 14:08:45",2067.3,2,xuewei
612,16690805,"Alejandro Ayestaran","2026-09-03 00:29:38",2066.5,2,alejandroayestaran
613,16726559,william,"2026-09-02 02:50:48",2065.9,2,hiricodev
614,16798317,"Baran Akyıldız","2026-09-02 21:03:36",2065.8,2,baranakyldz
615,16626191,"kevin park","2026-09-02 22:46:35",2065.2,2,k3v1npark
616,16655758,patience,"2026-09-02 14:16:06",2064.7,2,"weirdocurry,wenjunkai124"
617,16718138,Haalandspring,"2026-09-02 08:32:01",2061.9,2,haalandspring
618,16625220,thisray,"2026-09-01 07:55:59",2061.7,2,thisray
619,16712329,"Andrej Carpenter","2026-09-02 07:07:24",2060.6,2,andrejcarpenter
620,16764068,"Chika Komari","2026-09-02 11:18:48",2059.1,2,gothamjocker
621,16746796,kaguramena,"2026-09-01 09:53:07",2058.5,2,kaguramena
622,16669911,"Batuhan Ustun","2026-09-02 11:38:43",2058.2,2,batustun
623,16653199,Koba,"2026-09-02 15:11:48",2058.0,2,zone0906
624,16683567,supr3mum,"2026-08-31 17:58:38",2054.5,2,friklez
625,16770089,ouga,"2026-08-30 07:52:29",2053.8,2,ouga1shizawa
626,16798174,"Jan Bartos","2026-09-01 21:31:27",2052.6,2,janbartos
627,16640472,"Vsevolod Rakita","2026-08-31 10:13:51",2052.0,2,vsevolodrakita
628,16730946,"Bohannn Wang","2026-08-31 10:41:10",2049.2,2,bohannnwang
629,16727536,lelelove1225,"2026-08-31 21:51:00",2049.0,2,lelelove1225
630,16640873,"Takumu Hata","2026-08-31 09:40:42",2045.2,2,takumuhata
631,16687649,track,"2026-08-31 11:08:57",2044.8,2,"ahmedberatozer,omerlleez"
632,16657931,t-enstar,"2026-09-02 20:05:01",2043.9,2,tstustatama
633,16655296,"peeta pit","2026-09-02 12:57:59",2043.7,2,peetapit
634,16693215,"Izzoudine Mohamed KANTA","2026-09-02 23:45:23",2043.5,2,izzoudeenkanta
635,16664609,Re2lawd,"2026-08-31 05:42:43",2043.4,2,re2lawd
636,16742139,ALLAI,"2026-09-02 02:02:10",2043.0,2,glorysing
637,16778792,"Karthik #2","2026-09-02 17:15:47",2042.5,2,karg14
638,16707547,Lin,"2026-09-02 14:26:11",2042.5,2,linjianrong
639,16748866,masayoshi,"2026-09-01 11:16:36",2040.9,2,masayoshi64
640,16696997,coolin666,"2026-09-02 11:27:39",2040.3,2,coolin666
641,16771558,"Vitalie Cervinschi","2026-09-01 00:08:11",2039.9,2,vitaliecervinschi
642,16655311,"Plant City Planter","2026-09-02 19:03:12",2038.4,2,michaellombard
643,16658962,"Fabian Friedland","2026-09-01 02:35:18",2037.5,2,fabotelli
644,16745949,"Miaohua Zhang","2026-09-03 00:34:57",2036.7,2,miaohuazhang
645,16785924,Abhinav_26104,"2026-08-31 15:17:41",2036.6,2,abhinav26104
646,16653044,"Bửu Phạm Quốc","2026-08-29 02:02:46",2034.5,2,"buphmquc,hainguyenthien"
647,16731630,SatoshiN04,"2026-09-01 04:36:53",2034.0,2,satoshinakamura04
648,16662914,"Apollo's cattles","2026-09-02 21:41:39",2031.7,2,"icr007,kennethlie16,romanrozen"
649,16692432,"Les 2 oies","2026-09-02 18:59:08",2030.6,2,"sanarceate,youyoucrf"
650,16702429,iamlonely,"2026-08-30 14:58:21",2030.5,2,iamlonely
651,16713543,"Rustam Bazarbayev","2026-08-31 18:28:57",2029.8,2,rustambazarbayev
652,16623897,satoooh,"2026-08-30 23:16:07",2029.3,2,satoooh
653,16673870,"Yuxiao Wang","2026-09-01 23:47:26",2029.3,2,yuxiaowangx
654,16659295,snaykey,"2026-09-01 10:18:21",2028.8,2,snaykey
655,16722487,Zotar,"2026-08-30 19:24:43",2028.2,2,chunhinma
656,16735628,perrodawn,"2026-09-02 23:55:11",2027.3,2,perrodawn
657,16761641,Diavolo,"2026-08-30 18:32:16",2025.7,2,jeanmarcbah
658,16779564,oycr,"2026-09-01 09:54:58",2025.6,2,"oyxiaobai159,wdt124"
659,16693904,DeeperNet,"2026-09-02 09:14:44",2024.8,2,deepernet
660,16623451,Ueddy,"2026-08-30 08:11:25",2024.7,2,ku0807
661,16667767,t3l3k3n3sis,"2026-08-30 21:11:34",2024.3,2,"daffafariq,hashmatzamaryali,malsabbagh05"
662,16679987,"Said Mohamed Omary","2026-09-02 20:39:13",2024.1,2,saidmohamedomary
663,16721980,pend_ts19,"2026-09-01 06:15:45",2024.1,2,pendts19
664,16681601,Hanaro,"2026-09-02 06:57:34",2023.6,2,lucas040
665,16642128,"MAC SAHO","2026-09-02 03:11:46",2023.0,2,macsaho
666,16728996,autowin,"2026-09-02 17:32:29",2022.0,2,atharvjairath
667,16663175,Anaconda,"2026-09-02 02:39:15",2021.7,2,anaconda
668,16634580,akmr,"2026-09-02 17:22:35",2020.4,2,akimaru
669,16736198,JetJetGo,"2026-09-02 18:15:44",2019.8,2,psykrishna
670,16623746,Juyong,"2026-09-02 08:47:38",2018.9,2,kimdoong
671,16634239,"Radhakrishnan Guhan","2026-09-01 10:31:57",2018.5,2,rmsgrk
672,16763767,"Carson Zhang","2026-08-30 07:05:07",2016.4,2,zmcddn
673,16696720,"JAZ COLD HORN","2026-09-02 17:14:43",2016.2,2,"evanmaksud,jazivxt,maulikgajera,niazmohaimanabtahi,victorhorn"
674,16659215,"Zhizhou Sha","2026-08-31 12:43:52",2014.4,2,zhizhousha
675,16660485,"Colin Gaffney","2026-09-02 21:34:24",2014.0,2,colingaffney1
676,16730707,"James Michael","2026-09-02 14:42:57",2013.5,2,ingenio
677,16732735,MMMMMMMMMMMM,"2026-09-02 08:54:06",2010.7,2,hyh273279
678,16758982,Boredom,"2026-09-02 22:52:58",2010.3,2,cudacoding
679,16629685,mikelou1,"2026-08-30 10:12:39",2009.6,2,mikelou1
680,16739419,danilka200300,"2026-08-31 12:47:04",2008.6,2,daniilsergeevda
681,16689863,yukichi0403,"2026-08-30 16:10:08",2007.7,2,yukitake93
682,16731194,"Neglected Turtle","2026-09-02 16:40:45",2007.4,2,pleaselike
683,16757635,"Sridip Basu","2026-08-30 14:10:40",2005.1,2,sridipbasu
684,16774674,"Perminov Matvey","2026-09-02 17:13:00",2004.3,2,mperminiov
685,16732521,redblackbst,"2026-09-02 22:52:42",2003.3,2,redblackbst
686,16738534,"Sakito Horie","2026-09-02 17:47:51",2003.2,2,sakitohorie
687,16759501,BaconT,"2026-09-01 22:47:21",2003.1,2,bacont
688,16732530,可抽奖的冰棒,"2026-09-01 13:00:28",1998.9,2,daniel1547
689,16734225,"Vijay athithya ","2026-09-02 07:06:29",1998.5,2,vijay09
690,16801995,"XD tsui","2026-09-02 17:55:33",1996.2,2,xdtsui
691,16668370,"Matthew Labrador","2026-08-31 03:08:15",1996.2,2,m4tyuuu
692,16642036,enddl22,"2026-09-02 17:36:57",1995.8,2,enddl22
693,16718956,hassan,"2026-09-01 16:14:25",1994.7,2,hasankhhan
694,16775353,"YK Pan","2026-09-02 16:06:15",1994.1,2,vansher
695,16783517,"dongdong zhang","2026-09-02 17:00:47",1993.9,2,mcdongdongzhang
696,16766498,"Castian Hans","2026-08-31 15:49:17",1991.0,2,castianhans
697,16763706,断罪の孤高の神・大宇宙草莓覇皇,"2026-09-03 00:37:46",1990.6,2,qilejiang76
698,16731270,"Arthurs Torres24","2026-08-31 07:25:17",1990.4,2,arthurstorres24
699,16728262,wakawakayu,"2026-09-01 02:48:50",1990.3,2,wakawakayu
700,16767929,Timbydude,"2026-09-01 18:47:59",1987.8,2,timbydude
701,16731803,JYShane,"2026-09-01 04:55:55",1987.5,2,jyshane
702,16713335,"Muhammad Imran","2026-08-30 08:37:34",1987.1,2,muhammadimranchitral
703,16754022,Pico,"2026-09-01 17:21:49",1986.4,2,charithgr
704,16671017,"Pablo César Ruíz","2026-09-03 00:56:18",1985.5,2,pcruiher08
705,16673205,"Arda Ceylan","2026-09-02 11:41:34",1983.7,2,ardacey
706,16795062,"Satoshi Nguyen","2026-09-03 00:46:00",1983.5,2,satoshinguyenai
707,16795041,"Denis Revenko","2026-09-01 13:02:36",1983.5,2,denizzko
708,16684716,kumanomi,"2026-09-02 12:27:06",1982.5,2,kkkggg
709,16744983,Gappy,"2026-09-03 00:17:21",1982.2,2,takahirohigasa
710,16781110,yqz,"2026-09-03 00:16:50",1980.9,2,yuqizheng
711,16725856,"Abhi Datta","2026-08-31 17:40:35",1980.8,2,abhidatta87
712,16667951,KoRo2_JP,"2026-08-31 05:47:23",1979.3,2,koro2jp
713,16658665,ChandramouliNagasundaram,"2026-09-02 08:56:11",1977.3,2,"enginegeneral,mouliindian"
714,16633178,"Cow Boy","2026-09-02 14:46:23",1977.1,2,shanzhong8
715,16657100,"Jacky Chan","2026-08-31 02:56:30",1976.6,2,jhkchan
716,16656500,我的豆包是AI,"2026-09-03 01:25:55",1975.0,2,"a982295350,bertmacutata,blencanierice,dangzhiyuan,imoxzm"
717,16721248,"Raef Guizani","2026-09-02 12:28:40",1974.8,2,raefguizani
718,16652175,"Lucas Boesen","2026-08-31 17:11:04",1972.7,2,lucasboesen
719,16730524,"THIRD FARM CLUB","2026-09-02 10:37:58",1972.6,2,"bowwowforeach,mooegi,shunrcn,simann"
720,16655633,johnny,"2026-08-31 04:55:56",1972.4,2,jonykarki
721,16655610,GPTatoes,"2026-08-31 13:13:44",1972.2,2,"angran,kaixuanosmas"
722,16644255,Rister,"2026-09-02 23:33:16",1971.9,2,rister101
723,16734551,"junseok lee","2026-09-03 00:36:56",1971.7,2,jaslee2
724,16750314,Captainuknow,"2026-09-01 03:27:57",1968.2,2,captainuknow
725,16655631,"Djamila Benchikh","2026-09-02 16:29:17",1967.8,2,djamilabenchikh
726,16771200,DeeSaa,"2026-09-02 13:42:55",1967.5,2,deesaa
727,16730495,joinus,"2026-08-31 22:49:08",1966.6,2,joinus2003
728,16717113,"Dovydas Ruokis","2026-09-02 20:59:10",1966.6,2,dovydasruokis
729,16674949,"Lev Neganov","2026-09-03 00:02:46",1965.9,2,levoel
730,16693488,HarvestZero,"2026-08-31 21:48:42",1965.0,2,bernardboatey
731,16693439,"Ankit Hemant Lade","2026-09-02 23:15:03",1962.6,2,"ankitlade12,jsaikrishna"
732,16671425,"Gajenddra Raj","2026-09-02 15:47:38",1961.8,2,gajenddra
733,16672549,"ReinFARMent Learning?","2026-09-02 03:19:58",1960.8,2,arksey
734,16658287,ArturoSirvent,"2026-09-02 05:07:04",1960.1,2,arturosirvent
735,16795134,"jiawei li","2026-09-01 15:26:21",1958.6,2,jiaweiaaa
736,16700634,"Alperen Söylen","2026-09-02 17:13:38",1958.4,2,alperensylen
737,16791254,"Prashant Bhattarai093","2026-09-02 20:14:50",1958.0,2,prashantbhattarai093
738,16662204,SM_30,"2026-09-01 08:55:29",1957.8,2,sagarmane104
739,16671163,"Suyash Verma","2026-08-30 12:01:20",1957.2,2,suyashdiamond1
740,16756591,"Hamed Vakili","2026-09-02 05:26:44",1956.2,2,"hamedvakilit0,maryam7713"
741,16661667,"Wufang Hong","2026-08-31 03:16:22",1956.1,2,wufanghong
742,16644229,"Amy Yuan","2026-09-02 14:37:10",1955.2,2,cozytato
743,16728492,ほのぼの牧場,"2026-09-01 13:14:15",1950.8,2,masatoshitaniguchi
744,16768323,thuvuduy16,"2026-08-31 18:59:54",1950.0,2,thuvuduy16
745,16777134,Tom&Jerry,"2026-09-01 17:54:50",1949.5,2,tomjerry101
746,16806249,CLJY_2026,"2026-09-02 09:57:54",1948.3,2,cljy2026
747,16688732,tully_boss,"2026-09-02 01:21:17",1948.2,2,"gnux1408,tanakaai24"
748,16793344,zyichi,"2026-09-02 06:41:30",1947.6,2,zyichi
749,16623643,LiXingtao,"2026-09-02 13:43:07",1944.7,2,lixingtao123
750,16621154,Zain96,"2026-09-02 02:08:28",1944.4,2,zain96
751,16740815,Remielle,"2026-09-03 00:19:01",1943.3,2,remielle
752,16621075,"Octavi Grau","2026-09-01 21:13:22",1943.2,2,octaviograu
753,16655505,Debmalya,"2026-09-02 16:30:18",1942.9,2,debmalya84
754,16793427,wuwuwu,"2026-08-31 12:11:37",1942.7,2,wu1570
755,16709967,Matsu,"2026-09-03 01:07:27",1941.9,2,matsuzawahayato
756,16760515,"Kazuo Watanabe","2026-08-31 20:59:30",1940.9,2,watanabekazuo
757,16743427,Under遊具,"2026-09-02 02:10:18",1940.8,2,andayougui
758,16718649,"Zakaria Aala","2026-09-02 20:53:54",1940.7,2,zlordgrim
759,16757064,"coke lu","2026-09-02 07:48:03",1940.6,2,cokelu
760,16669686,"Mert Bayraktar","2026-09-02 11:21:45",1940.5,2,mertbayraktar
761,16632172,Ayodeji,"2026-08-31 09:17:22",1940.5,2,ayodejiibrahimlateef
762,16693976,rererenore,"2026-09-01 08:29:27",1940.0,2,rererenore
763,16777961,qiwaki,"2026-08-30 10:24:55",1939.5,2,resonayu
764,16671306,Yeswanthperni,"2026-09-02 03:00:19",1937.3,2,"tanvicaaa,yeswanthperni"
765,16727266,ebisu_ya,"2026-08-30 21:57:25",1935.6,2,ebisuya
766,16672241,dupakdungking,"2026-08-31 07:26:32",1935.6,2,primarizki
767,16746275,LittleScottyy,"2026-09-01 18:12:37",1934.2,2,fongwaiyong
768,16810490,katlun,"2026-09-02 23:10:14",1934.0,2,katlun
769,16657825,MilanJoshi,"2026-09-01 12:04:31",1933.9,2,mlnjsh
770,16668737,"Abish Pius","2026-09-02 20:42:21",1932.5,2,abishpius
771,16661846,"Jeffrey Pike","2026-09-02 11:35:46",1932.2,2,jeffreypikeai
772,16656659,"James Y","2026-08-31 09:51:47",1931.3,2,redoctopusk
773,16785753,"Mizero Lucky Gall","2026-09-01 19:58:38",1931.3,2,mizeroluckygall
774,16679812,"Xiang Li","2026-08-30 17:13:30",1930.6,2,xianglipee
775,16715828,samg,"2026-08-31 02:43:01",1928.7,2,samgreen2046
776,16659160,"Dmitry Bardonov","2026-09-02 21:15:39",1928.3,2,bdesim
777,16632867,"Rayk Kretzschmar","2026-08-31 18:26:11",1927.5,2,raykkretzschmar
778,16630825,"Black Mamba Farm","2026-09-02 06:00:47",1927.4,2,"asherjyd,qizhiran,yukundu231100"
779,16654669,"Jordi Corbilla","2026-08-31 07:00:59",1926.5,2,jordicorbilla
780,16789561,"Rohan Kishibe","2026-09-02 16:19:59",1926.1,2,anbianluban1
781,16696762,SOSyuki,"2026-08-31 15:37:09",1925.8,2,sosyuki
782,16644480,"Umut Keltek","2026-09-01 14:34:19",1924.9,2,umutkeltek
783,16791943,tamref,"2026-09-02 02:06:11",1924.3,2,tamreff3290
784,16764228,"Kaixi Zha","2026-08-31 03:32:32",1923.6,2,"huadutry,kaixizha"
785,16732552,RyutoKeshi,"2026-09-02 16:10:45",1920.6,2,ryutokeshi
786,16782564,"Chris Tu","2026-09-02 02:58:00",1919.2,2,christu831004
787,16677597,InformaBook2,"2026-09-01 01:34:10",1918.3,2,informabook2
788,16693050,Shoko,"2026-09-02 10:12:39",1917.7,2,abreyton
789,16732727,brightest66,"2026-08-31 03:04:51",1914.9,2,brightest66
790,16686483,"all in kaggle","2026-09-01 10:36:39",1913.8,2,leonstew
791,16668564,"Rikito Kanda","2026-08-30 07:12:30",1912.2,2,rikitokanda
792,16717536,c0nrad,"2026-09-02 23:12:25",1911.7,2,stuartlarsen
793,16698999,Odyssey,"2026-09-02 03:25:13",1910.1,2,a1spirit
794,16660488,tehyoni,"2026-08-30 12:25:15",1908.0,2,"gooberdambi,sidcat,suaeng,tehyoni"
795,16734966,kigasudayooo,"2026-09-03 00:00:37",1907.4,2,argon1215
796,16655478,Bruce,"2026-08-31 12:21:40",1905.5,2,bruceqdu
797,16761418,"Piggy Piggy","2026-08-31 15:36:35",1904.9,2,txgg123
798,16779652,cheezyp,"2026-08-31 06:26:25",1904.5,2,cheezyp
799,16751411,"lamb Liu","2026-09-01 05:04:42",1904.3,2,liuxiaohua72
800,16740420,Laplacenvmv,"2026-09-02 10:54:42",1902.1,2,laplacenvmv
801,16659843,"Amer Alkhalili","2026-09-02 09:58:48",1901.1,2,ameralkhalili
802,16654027,shiv,"2026-08-30 23:28:51",1897.9,2,shivaurora
803,16684128,NIklitaCheporev,"2026-09-01 11:32:08",1895.6,2,niklitacheporev
804,16661558,안녕하세요이세입니다잘부탁드립니다,"2026-09-02 18:12:42",1895.0,2,"moonswalk,municef1"
805,16731264,kiduna1228,"2026-09-02 14:09:18",1893.9,2,kiduna
806,16655686,Kyle,"2026-09-01 13:47:44",1892.7,2,kylezhouzhou
807,16653927,"Fernando GH H","2026-09-01 19:22:12",1890.1,2,fernandoghh2
808,16621595,OverfitOracle,"2026-08-31 12:03:26",1889.5,2,alisalmanrana
809,16635340,"zhuo wamg","2026-08-30 09:35:25",1886.7,2,zhuowamg
810,16784401,east,"2026-09-03 00:53:27",1886.3,2,eastxe
811,16685950,"Planned Economy","2026-09-02 12:28:01",1886.0,2,alturutin
812,16748941,"Farmer Shuang","2026-08-31 03:59:28",1885.6,2,shuangxue
813,16737937,xamad,"2026-09-01 13:19:27",1883.8,2,giannicerrato
814,16670715,i3,"2026-09-02 15:26:33",1883.5,2,ishijima
815,16778072,oonumberone,"2026-08-30 02:54:33",1883.2,2,oonumberone
816,16714365,meryol,"2026-09-02 18:50:39",1883.1,2,meryol
817,16799598,RameshG888,"2026-09-01 05:20:53",1882.4,2,ramesh888
818,16721688,"Hi Im Ryo","2026-08-30 02:14:22",1881.6,2,loto610
819,16728069,Taisei7,"2026-09-02 16:12:53",1880.0,2,taisei7
820,16738492,"Follow Me Gradient","2026-08-31 14:03:13",1878.3,2,farukece
821,16700510,"Shadow Recon","2026-08-31 13:10:58",1877.9,2,gaurav065
822,16701728,"katya barzova","2026-09-02 21:10:34",1877.8,2,"nipah1,sigmaborov"
823,16623603,"Renji Starfall","2026-08-31 12:09:57",1877.7,2,renjistarfall
824,16640540,QYQ1693,"2026-09-02 11:52:45",1875.5,2,qyq1693
825,16748154,taiseiu,"2026-09-02 13:31:23",1875.0,2,taiseiu
826,16644808,"Rotation Theory","2026-09-02 17:09:18",1874.5,2,mikhsank
827,16678693,"Maher el Ouahabi","2026-09-02 15:09:39",1872.0,2,maherelouahabi
828,16793287,"Kim Jinseo","2026-08-30 13:47:02",1871.6,2,kimjinseo1
829,16750575,Gronk,"2026-09-02 19:10:03",1870.7,2,jianyicai
830,16780455,wadigongren,"2026-08-31 00:43:19",1868.9,2,wadigongren
831,16784164,Yaojinming,"2026-08-30 12:22:07",1868.6,2,yjm0905
832,16717186,"Roumak Das","2026-08-31 06:08:03",1867.5,2,roumak77
833,16635663,"Pascal Pfeiffer","2026-08-31 08:47:35",1867.5,2,ilu000
834,16641183,"Team Name Pending","2026-08-30 15:18:19",1867.3,2,"abdaathaillahhadyan,oliverspiby"
835,16658248,Aaweg,"2026-08-31 12:28:56",1866.6,2,aawegbhaladhare
836,16655169,Musliadi,"2026-08-31 05:51:39",1866.5,2,timscientia
837,16707057,tamo,"2026-08-31 11:37:06",1865.9,2,ryotakasuya
838,16735253,银龙,"2026-08-31 15:05:30",1862.6,2,boyanyanbo
839,16792410,"Taewoong Kim","2026-09-03 00:07:51",1862.4,2,aleaiest
840,16760244,"Alex Paul","2026-09-03 00:02:13",1859.5,2,alexazander
841,16663252,"MD Concepcion","2026-09-02 20:26:16",1859.3,2,mikedconcepcion
842,16670453,141,"2026-09-01 20:43:16",1856.2,2,"muhammadmustafaxo,siddiqshah"
843,16668215,renta.k,"2026-09-02 00:10:15",1855.0,2,renta0426
844,16773026,アルモンド,"2026-09-01 00:34:11",1854.0,2,almondman0707
845,16765327,master_ssx,"2026-08-30 10:01:34",1853.2,2,masterssx
846,16731501,"Shiv Satyam","2026-09-01 19:17:59",1852.2,2,shivsatyam
847,16622919,Waffle,"2026-09-03 00:25:52",1851.3,2,waffle3z
848,16717114,uninhibited-scholar,"2026-09-01 16:50:44",1849.7,2,uninhibitedscholar
849,16721805,kavunidze,"2026-08-30 16:04:50",1849.6,2,kartu72
850,16682210,Boiled-Sweet-Potato,"2026-08-30 04:26:47",1849.1,2,boiledsweetpotato
851,16641524,AkiraIshikawa,"2026-09-02 02:04:33",1848.4,2,akiraishikawa
852,16735744,老乡,"2026-08-30 15:26:51",1848.4,2,hboyang
853,16725177,misaka12435,"2026-09-01 05:06:54",1848.0,2,misaka12435
854,16738487,"Andrey Shpigar","2026-09-01 08:06:47",1847.4,2,andreyshpigar
855,16706442,tipstar0125,"2026-09-02 23:15:01",1847.3,2,dragonty
856,16633853,Alan_Nasibullin,"2026-08-31 23:03:42",1847.0,2,alannasibullin
857,16668406,"VAP RF5","2026-08-30 14:45:00",1846.1,2,vaprf5
858,16716317,yzyhello,"2026-09-02 08:46:26",1845.0,2,yzyhello
859,16794841,thisArmin,"2026-08-31 04:29:30",1844.5,1,thisarmin
860,16663485,"Jacob Alstrup","2026-08-31 15:36:13",1844.4,2,jacobalstrup
861,16794527,linyifangzhenshuai,"2026-09-02 07:32:25",1844.2,2,linyifangzhenshuai
862,16660121,10pi,"2026-09-02 01:21:07",1843.7,2,meredith10pi
863,16722399,"Meta learners","2026-08-30 22:01:59",1841.8,2,aditya2909rb
864,16623530,khursani,"2026-09-02 20:40:39",1841.3,2,khursani8
865,16687901,Khalid,"2026-09-03 01:10:48",1841.2,2,khalid000000
866,16756633,TheDanKing,"2026-08-31 05:49:23",1840.5,2,thedanking
867,16621616,insuperabilehart,"2026-08-30 06:36:07",1840.3,2,insuperabile
868,16762248,KongKongDe,"2026-08-30 07:11:45",1838.9,2,kongkongde
869,16751899,peggy,"2026-09-02 06:50:35",1837.8,2,refrigerator21
870,16716613,Arvin,"2026-09-01 07:49:12",1837.1,2,chesterx
871,16634432,KARGI,"2026-09-02 20:57:47",1836.6,2,learningkin
872,16623875,"Pavlo Ivanin","2026-08-29 22:54:19",1836.5,2,pavloivanin
873,16657796,"parv goyal2","2026-09-02 03:18:09",1835.5,2,parvgoyal2
874,16805609,Gleb,"2026-09-01 22:11:48",1834.9,1,korelin
875,16772723,"Zhou Haonan","2026-08-30 10:40:14",1834.4,2,hatsuseizuna
876,16798544,esprit,"2026-08-31 23:47:56",1834.3,1,takuji
877,16626655,"Surya milenial","2026-08-30 08:21:22",1834.1,2,suryamilenial
878,16644565,Suda,"2026-08-31 16:19:38",1833.7,2,chaneyma
879,16701638,"John Stupid","2026-08-30 09:28:55",1833.6,2,bryxosmmm
880,16658382,vladee,"2026-09-02 11:39:29",1832.8,2,vladee
881,16803448,jiatu.l,"2026-09-01 14:42:47",1832.8,1,jiatul
882,16790931,100rabh,"2026-09-02 05:43:02",1831.6,2,saurabhkumar234
883,16725410,LE4VES,"2026-09-01 14:40:14",1831.2,2,le4ves
884,16623890,"rapika rosalia","2026-09-01 17:40:24",1830.6,2,rapikarosalia
885,16779321,HarryP12,"2026-08-30 00:57:22",1829.0,2,harryp12
886,16756630,Shreyas,"2026-08-30 09:58:08",1828.3,2,shreyasdongre25
887,16769435,"Nguyễn Mạnh","2026-08-30 10:34:31",1827.7,2,nguyenmanh97
888,16662684,"Harshini Reddy","2026-09-02 01:00:45",1827.3,2,luffyh04
889,16630312,beijijun,"2026-08-30 08:53:44",1826.8,2,beijijun
890,16655654,Cacinie,"2026-09-01 14:05:58",1826.0,2,cacinie
891,16731074,UmutUygurr,"2026-08-31 17:00:52",1826.0,2,umuttuygurr
892,16740431,yuikag,"2026-09-01 13:58:04",1824.9,1,yuikag
893,16775190,bianfu,"2026-09-02 21:43:22",1824.4,2,bianfu
894,16727110,yemaoye,"2026-09-01 03:50:23",1824.2,2,yemaoye
895,16723528,"Singaraj B","2026-09-02 16:37:59",1823.7,2,singarajb
896,16764342,malone001,"2026-08-30 13:45:22",1823.5,2,malone001
897,16663626,"yvn kaggriculture","2026-08-30 20:03:11",1822.6,2,"garnikdavtyan,mikayelgr"
898,16633950,"Matt Motoki","2026-09-01 14:01:55",1822.5,2,mmotoki
899,16756153,INV,"2026-09-02 16:49:21",1821.8,2,yutomuroshima
900,16682514,"Pavel Pavlov","2026-08-30 07:31:48",1821.1,2,akakii
901,16795391,MECHINE,"2026-09-01 03:05:47",1819.7,2,nainglinwai
902,16658946,theredbluepill,"2026-09-01 03:10:33",1819.5,2,poonszesen
903,16768016,JohnBlake,"2026-09-02 06:59:37",1816.2,2,jaybeeja
904,16663946,"Hello San Francisco","2026-08-29 16:48:21",1816.2,2,"circiumaru,dulgherustefan,radugoga"
905,16745761,mitomeat823,"2026-09-03 00:07:56",1814.6,2,mitomeat823
906,16777923,Sho,"2026-09-02 19:35:36",1813.9,1,shoito08190904
907,16747069,l'rug,"2026-09-02 23:49:12",1813.9,2,sdfsfsfsdf
908,16641536,"Michael Timbs","2026-08-27 07:30:56",1810.7,2,michaeltimbs
909,16657941,"Nick Styles","2026-08-31 21:15:49",1810.5,2,styles
910,16792681,MorS,"2026-08-30 12:33:42",1809.9,2,mors1337
911,16623691,KevlarZanderChi,"2026-08-31 17:19:02",1809.6,2,kevlarzanderchi
912,16751820,yy,"2026-09-01 01:09:45",1809.4,2,hirokiyamazaki
913,16671012,"Sean Zhang","2026-09-02 23:10:11",1809.3,2,seanzhang2445
914,16621153,"Addison Howard (ineligible)","2026-09-02 23:28:33",1806.3,2,addisonhoward
915,16790765,Aristotle.Chen,"2026-09-02 10:29:35",1804.2,2,aristotlechen
916,16760158,"apple farmer","2026-08-30 01:15:01",1802.7,2,gustavoknudsen
917,16791163,woldy,"2026-09-02 21:46:16",1802.2,2,woldywei
918,16768143,KingDellaFarm,"2026-09-02 12:49:02",1802.0,2,"alessandrodestasi,disteroas"
919,16730236,扑晒大街,"2026-09-02 18:11:40",1802.0,2,zihaokang
920,16673370,JeovaAnderson,"2026-09-03 00:59:26",1801.1,2,jeovaanderson
921,16773020,HyperNeonByte,"2026-09-01 21:07:13",1797.5,2,hyperneonbyte
922,16743788,"Emmanuel Lo","2026-09-01 00:56:59",1796.8,2,emmanuello
923,16639979,naphthalene,"2026-09-01 10:40:26",1795.7,2,"aaa0342,leehyungjoon,minjek,trv449"
924,16752104,WYSSR1225,"2026-09-02 14:38:51",1795.5,2,wyssr1225
925,16755229,theearthcheng,"2026-09-02 14:23:55",1795.1,2,theearthcheng
926,16725851,hetspookjee,"2026-08-31 19:44:01",1794.3,2,hetspookjee
927,16733016,Quillbolt,"2026-09-02 04:49:03",1791.3,2,tunminhhunh
928,16660020,"Gaddam Shiva Teja","2026-08-31 17:27:25",1790.2,2,shivateja005
929,16667020,SCLim2022080004,"2026-08-30 16:02:10",1788.5,2,sclim2022080004
930,16671088,jasonstillchasin,"2026-08-28 13:02:54",1788.1,2,jasonstillchasin
931,16759913,"Peter Cnudde","2026-08-31 14:53:21",1786.7,2,petercnudde
932,16748511,HarshPandey-yt-auto,"2026-09-02 08:58:44",1786.1,2,harshpandeyytauto
933,16757418,Janus,"2026-09-02 18:50:22",1785.1,2,khaled1alhasan
934,16808396,Dr_F,"2026-09-02 10:02:09",1785.0,1,algebraictopology
935,16726889,stnick,"2026-09-01 13:01:48",1784.0,2,stnick
936,16726915,"인공저능연구소( Artificial Idiocy Lab )","2026-09-03 01:10:33",1781.8,2,megayak
937,16791828,Ling,"2026-08-30 03:32:21",1781.6,2,lingbia
938,16644287,"Ryo Hasegawa","2026-08-19 04:08:02",1780.9,2,ryohasegawa926
939,16774475,LoveB4Sunrise,"2026-09-01 04:42:09",1780.4,2,demacia1314
940,16740644,Terence0914,"2026-08-31 23:55:50",1779.5,2,terence0914
941,16667242,"Gleb Tumanov","2026-09-02 15:02:54",1778.8,2,crachton
942,16748187,"Violet Notes","2026-09-02 08:35:28",1778.5,2,dominicjamil
943,16760480,yat0i811,"2026-09-02 13:25:15",1777.8,2,yat0i811
944,16735794,宗宗没有英文名,"2026-09-02 03:36:31",1776.4,2,iver666
945,16623577,"Jiayi Tang","2026-09-02 06:12:43",1776.2,2,mannguo
946,16629873,UncleWKTK,"2026-08-29 01:15:07",1775.5,2,unclewktk
947,16719451,"Syed Toubur","2026-09-02 07:58:35",1773.0,2,syedtoubur
948,16741551,"Vedant Tiwari","2026-09-02 20:48:05",1772.2,2,vedant7312
949,16778019,Mr.Frundles,"2026-09-01 03:06:59",1770.8,2,watehell
950,16765154,dreamcxy,"2026-08-31 03:54:16",1769.6,2,dreamcxy
951,16663827,magoemu,"2026-09-02 23:14:13",1768.5,2,magoemu
952,16659776,"Ben Hamilton","2026-09-02 07:15:34",1768.2,2,kineticaxisstudio
953,16631752,"Junichiro Morita","2026-08-31 13:33:29",1764.3,2,junichiromorita
954,16632558,"Made a Beautiful Bouquet","2026-09-02 03:49:52",1764.1,2,zaiwubian
955,16686444,"Syakirin Pahimi","2026-08-31 01:45:58",1763.1,2,syakirinpahimi
956,16741965,Ryuichi,"2026-09-02 07:32:12",1762.5,2,ryuichigt
957,16661393,"razab Bawa","2026-09-02 19:07:24",1762.3,2,razabbawa
958,16634426,ertu,"2026-09-03 00:52:18",1761.9,2,ozertuu
959,16765484,smsxgz,"2026-08-28 06:36:48",1761.8,2,smsxgz
960,16747408,すずき,"2026-08-29 21:27:31",1761.7,2,shumpeace
961,16743172,moonzfxs,"2026-09-02 14:30:05",1758.8,2,moonzfxs
962,16806048,duck_raccooon,"2026-09-02 15:03:04",1757.9,2,duckraccooon
963,16654196,"Aryaman Chokhani","2026-08-31 06:30:01",1757.9,2,"aryamanchokhani,pranrocky"
964,16769849,"Shuwen(Shawn) Ge","2026-08-28 06:05:36",1756.7,2,shuwenshawnge
965,16669843,"hikaru kitagawa","2026-09-01 17:42:05",1756.7,2,hikarukitagawa
966,16704818,probably6767,"2026-08-28 13:03:16",1755.7,2,probably6767
967,16633773,copasta,"2026-09-01 14:16:08",1754.5,2,copasta
968,16783124,Logorhythms,"2026-08-31 17:00:42",1754.5,2,mohammadsaidulislam
969,16758381,"Yang Kuang Ou","2026-08-31 00:26:04",1751.8,2,yangkuangou
970,16662338,jaepyeocho,"2026-09-02 06:30:32",1751.7,2,jaepyeocho
971,16651332,"Le Viet","2026-09-01 10:35:03",1751.4,2,sleepyssr
972,16655381,"Varshith K","2026-09-02 07:13:47",1749.0,2,var3604
973,16667724,"Masashi Onda","2026-09-02 12:43:58",1748.0,2,masashionda
974,16784725,prairieee,"2026-08-28 14:23:36",1747.4,2,"haideptry,prairieee"
975,16625339,kazusw,"2026-09-02 10:13:45",1747.2,2,kazusw
976,16661665,"Leonardo Viola10","2026-09-01 18:16:04",1744.7,2,leonardoviola10
977,16645705,wataru420,"2026-09-03 01:09:25",1743.8,2,wataru420
978,16793106,"Пал Лаич","2026-08-30 12:45:34",1743.5,1,skypunkaudiowalker
979,16759058,Miz,"2026-08-31 02:14:38",1742.1,2,ryota040
980,16623458,datnt114,"2026-09-03 00:21:27",1741.0,2,kingkong153
981,16683435,CoorDi,"2026-09-01 07:10:19",1740.8,2,bxy0125
982,16764431,"William Diment","2026-09-01 02:33:07",1738.8,2,williamdiment
983,16746191,だれかっち,"2026-08-31 05:25:39",1738.4,2,drktti
984,16762926,"Ricky RTG","2026-09-01 14:48:46",1737.8,2,rickyrtg
985,16662696,"Cengizhan Tümer","2026-08-31 20:54:21",1737.5,2,cengizhantmer
986,16653260,"Kadouci Abdelhak","2026-08-29 00:16:50",1735.4,2,kadouciabdelhak
987,16730049,"r2d2 Dasari","2026-09-02 12:17:08",1735.2,2,r2d2dasari
988,16671520,sci-shi,"2026-08-29 01:10:54",1734.7,2,scishi
989,16705830,"Grim Reaper","2026-09-02 21:56:38",1733.4,2,fathomable
990,16773607,sky1,"2026-09-01 14:13:15",1733.3,2,skyk1jn
991,16763200,"Alexander Nord","2026-08-28 19:47:12",1732.2,2,"alexandernord123,pizza987"
992,16677565,"Avish Sinha","2026-08-28 19:30:34",1731.1,2,avish006
993,16741639,kirito83,"2026-09-02 04:15:29",1730.8,2,lishsh83
994,16779110,markastra,"2026-09-02 14:26:25",1730.7,2,markastra
995,16659081,"JALKARNA GAUTAM","2026-08-27 11:53:22",1730.6,2,jalkarnagautam
996,16662222,MinerUNLEASHED,"2026-08-24 16:28:40",1729.1,2,minerunleashed
997,16630274,yutoAb,"2026-09-01 01:08:37",1728.9,2,yutoab
998,16671741,Excluding,"2026-08-24 11:37:13",1728.8,2,excluding
999,16726547,"Ezra Kho","2026-08-28 04:04:46",1728.5,2,ezrakho
1000,16790658,lxymmd,"2026-09-01 14:29:03",1727.7,2,lxymmd
1001,16664619,"Trupen Patel","2026-09-02 16:09:34",1725.4,2,trupenpatel
1002,16791752,bayachay,"2026-09-02 22:30:37",1723.2,2,bayachay
1003,16621481,"zero waste","2026-08-30 10:50:27",1722.8,2,chinnaphatkhun
1004,16678061,"Sushanth Tiruvaipati","2026-09-02 10:01:36",1722.4,2,sushanthtiruvaipati
1005,16760569,"Otter Vibe","2026-09-02 18:04:01",1721.9,2,gyuminsong
1006,16745416,yamato035073,"2026-08-30 22:24:34",1721.3,2,yamato035073
1007,16771457,"HK Fama","2026-09-02 14:33:09",1721.1,2,kenho211
1008,16783630,"fan yanbing","2026-08-30 11:33:12",1719.5,2,jackpudding
1009,16775378,TK256,"2026-09-03 00:01:18",1718.8,2,tk256ailab
1010,16659670,MeeMee,"2026-08-29 09:22:18",1718.4,2,yagi46
1011,16790391,"Kevin Cao","2026-08-29 13:38:03",1718.1,1,kevincao2
1012,16775443,NoName,"2026-08-28 21:11:20",1717.6,2,thesonalsingh
1013,16633688,Ryo,"2026-08-29 07:58:06",1717.2,2,ryosukekurakami
1014,16633850,Pascal,"2026-09-01 21:53:38",1717.0,2,pascalledesma
1015,16724755,K.nosaka,"2026-08-28 04:55:49",1717.0,2,kenseinosaka
1016,16739019,quzhihang,"2026-08-30 10:12:25",1716.2,2,quzhihang
1017,16715358,wuy1hao,"2026-09-02 07:12:49",1715.8,2,wuy1hao
1018,16755049,gamesu7107,"2026-08-31 03:11:27",1715.1,2,gamesu7107
1019,16719002,Astraeus,"2026-09-02 17:10:21",1714.5,2,astraeusdotdev
1020,16777137,Bernardus,"2026-08-31 18:30:43",1714.3,2,bernubritz
1021,16732507,iwashhh,"2026-09-02 22:08:42",1713.7,2,yuinokogawa
1022,16765834,Oakzen,"2026-08-31 12:25:21",1713.5,2,gyx517120273
1023,16734699,PangMinShih,"2026-08-28 08:39:27",1713.0,2,shihbonbon
1024,16701024,Selene,"2026-09-01 00:58:10",1712.9,2,ejlthomas
1025,16656776,ShaoCharles,"2026-09-03 00:16:33",1712.9,2,shaocharles
1026,16772119,Workybara.ai,"2026-09-02 09:16:10",1712.7,2,workybaraai
1027,16666188,"XueFeng Chen","2026-09-02 14:16:49",1712.6,2,chxfmcs
1028,16763001,Eb3lss,"2026-08-26 00:25:53",1712.2,2,eb3lss
1029,16688642,"Natalia Mawyin","2026-08-29 20:28:24",1711.6,2,nmawyin
1030,16712714,MiMi,"2026-08-31 08:39:16",1711.1,2,"frank0921,rickytsou"
1031,16639520,"Cary Jin","2026-09-03 00:48:59",1710.9,2,strigiformes
1032,16671476,"Mingkang YAN","2026-08-26 08:13:57",1709.9,2,mingkangyan
1033,16759632,"Rifqi Haikal","2026-08-31 00:10:15",1709.0,2,rifqihaikal
1034,16626582,"Omer Faruk Merey","2026-09-02 10:38:00",1708.5,2,omerfarukmerey
1035,16710466,"Charles Backman on LinkedIn","2026-08-31 23:46:50",1708.0,2,charlesbackman
1036,16669935,"Roman Svet","2026-09-02 18:42:20",1706.5,2,romansvet
1037,16639550,"HIDEYO CHIBA","2026-08-26 17:10:15",1706.1,2,hideyochiba
1038,16672202,HealthStone,"2026-08-29 21:04:07",1705.8,2,healthstone
1039,16773170,"yy li","2026-08-28 07:05:37",1704.8,2,yangyili11
1040,16771361,"It's Ratcha","2026-08-28 09:23:00",1704.7,2,itsratcha
1041,16641982,ZotAZaw3,"2026-08-28 09:43:47",1704.6,2,zotazaw3
1042,16717440,那个男人,"2026-08-27 16:27:08",1704.0,2,muran169633
1043,16669403,mrgrishninsb,"2026-08-30 07:38:50",1704.0,2,mrgrishninsb
1044,16630015,星之海,"2026-09-02 18:51:54",1703.6,2,web3cainiao
1045,16623466,len8487,"2026-08-27 01:41:01",1701.7,2,len8487
1046,16730323,fufufukakaka,"2026-08-31 01:45:53",1701.7,2,fufufukakaka
1047,16729906,"Krzysztof Madziar","2026-08-28 05:05:13",1701.2,2,krzysztofmadziar
1048,16781506,un0o7,"2026-08-28 11:47:12",1699.3,2,hjhsdsdww
1049,16672468,ComposeMage,"2026-09-02 21:23:39",1698.8,2,composemage
1050,16780317,jrcjrcjrc,"2026-09-02 09:18:57",1698.7,2,jrcjrcjrc
1051,16689881,"yuki #2","2026-09-02 12:25:29",1698.6,2,hosikusa
1052,16713797,CrazyDave111,"2026-08-31 16:22:36",1697.7,2,crazydave111
1053,16655477,Aurora,"2026-09-01 22:53:16",1697.5,2,"niteshranjansingh,themeghajoshi"
1054,16686827,Kronki,"2026-08-26 12:41:40",1696.8,2,kronki
1055,16778358,"Lê Nguyễn Việt Cường","2026-08-28 03:46:51",1696.7,2,lengvietcuong
1056,16791712,"xiang W","2026-09-03 00:05:29",1696.6,2,"dekonsu,xiangwaaaaa"
1057,16638781,itsuki-data,"2026-08-31 11:06:29",1696.4,2,itsuki89
1058,16665224,tyz123456,"2026-08-25 16:52:50",1695.6,2,tyz123456
1059,16661325,"Max Fofanov","2026-08-26 14:28:28",1695.4,2,maxfofanov
1060,16762537,Controlvector,"2026-08-25 08:28:11",1694.7,2,"controlvector,yxdu01"
1061,16689154,CrossEngineered,"2026-08-28 19:01:41",1694.5,2,"danyalsahin1,gkenurk"
1062,16771080,"Ricky Shao","2026-08-31 10:59:44",1693.9,2,rickyshao
1063,16671412,Xman,"2026-09-02 13:44:22",1693.7,2,xuanzhang001
1064,16707453,"Kaan Dınız","2026-08-28 09:11:10",1693.1,2,kaandnz
1065,16775803,Robson,"2026-08-30 17:27:12",1692.0,2,robsonsan
1066,16748000,"Rohit Raj Singh","2026-09-01 11:08:18",1691.8,2,rohitrajsingh555
1067,16765763,latter0206,"2026-08-27 13:53:01",1691.7,2,shoheiyamanaka
1068,16708546,"Blue Rain","2026-08-27 17:44:12",1691.7,2,bluefeather386
1069,16755328,"yang zhang","2026-09-02 06:28:10",1691.6,2,zhang1221ai
1070,16755414,Danzzzl,"2026-08-30 12:53:27",1691.0,2,okunevda
1071,16632377,"Legend Brothers","2026-08-31 13:16:58",1689.9,2,"holeguma,shunhirota"
1072,16766941,"S Kim","2026-08-31 16:22:19",1689.5,2,sunnyk92
1073,16752121,adhsdrtjh,"2026-08-23 15:02:25",1689.0,2,adhsdrtjh
1074,16732670,minoneru,"2026-09-02 09:31:12",1688.8,2,kotaminoshima
1075,16622422,ss,"2026-08-31 14:23:59",1688.4,2,forest2026
1076,16797457,Aamod06,"2026-09-01 06:26:53",1688.3,2,aamod06
1077,16764901,"Han Chen","2026-08-27 20:00:09",1687.3,2,puffohan
1078,16654490,"Furious Monk","2026-09-02 08:52:34",1686.9,2,furiousmonk
1079,16768065,"Gradient Grazing","2026-08-31 21:17:50",1686.8,2,adamhusein
1080,16641884,Blacklions.,"2026-08-26 14:05:59",1686.8,2,blacklions
1081,16666805,Kaggs,"2026-08-30 04:15:17",1686.6,2,ayush21042004
1082,16732857,Rojiomote,"2026-09-02 04:24:00",1686.6,2,rojiomote
1083,16713457,"Poor farmer","2026-09-01 12:30:05",1685.7,2,trnhip
1084,16631115,prvsiyan,"2026-09-02 08:54:42",1685.7,2,prvsiyan
1085,16769885,kurushun,"2026-09-02 02:02:01",1684.8,2,kurushun
1086,16678534,"Filip Strzałka","2026-08-28 18:42:16",1683.5,2,snufkin77
1087,16623399,Kendamarron,"2026-08-24 11:25:26",1683.3,2,kazuhirokuriyama
1088,16731776,ASH,"2026-09-01 06:05:15",1683.3,2,pentannnn
1089,16743639,Hanserong,"2026-09-03 01:26:30",1682.9,2,"ronghedragon,rufus666"
1090,16627472,CloverFarm,"2026-09-02 07:48:13",1682.9,2,ljs2546
1091,16665077,"Mohit Babel","2026-08-31 22:56:51",1682.8,2,mohitbabel
1092,16725833,milkcoffeen,"2026-08-27 12:21:31",1682.7,2,milkcoffeen
1093,16790233,"prateek chandra","2026-08-30 15:55:55",1682.6,2,prateekchandra7005
1094,16771010,42X,"2026-08-28 15:45:11",1682.5,2,infcyx
1095,16730065,Blu3s,"2026-08-29 22:33:42",1682.3,2,atteincueo
1096,16656312,"retiring to farm","2026-08-23 17:04:44",1681.8,2,"avnermlim,belati,hilariusjeremy,matthewpramana,nicholasarditirta"
1097,16728084,iwance,"2026-08-24 12:23:07",1681.5,2,iwance
1098,16669810,CREART,"2026-08-29 16:06:18",1681.1,2,gustardust
1099,16752733,zjukop1,"2026-08-25 03:29:28",1680.9,2,zjukop1
1100,16748647,"Adar Cohen","2026-08-24 21:27:43",1680.8,2,adarcohen
1101,16685450,Nadeem,"2026-08-25 09:21:14",1680.2,2,nadeembinshajahan
1102,16664537,"Lenin Goud","2026-08-27 01:07:37",1680.1,2,leningoud
1103,16676762,"Tomas Escobar Rivera","2026-08-27 23:25:05",1679.7,2,tomasescobarrivera
1104,16676455,"Sarthak Sharma ","2026-08-29 20:41:53",1678.6,2,sarthaksharma14
1105,16689569,JovanaLab,"2026-08-27 22:43:51",1678.4,2,"choonesenlu,joxitsai"
1106,16689741,shinamonmon,"2026-08-24 03:05:45",1678.3,2,shinamonmon
1107,16748382,shiiin9,"2026-08-29 15:30:13",1678.0,2,shiiin9
1108,16750268,"Harris Bashir","2026-09-02 16:35:23",1677.6,2,harrisbashir
1109,16688294,"hft farming","2026-08-29 17:14:26",1677.4,2,markslavin
1110,16712432,hengck23,"2026-08-25 17:58:30",1677.0,2,hengck23
1111,16671454,Shadow,"2026-08-28 11:54:28",1676.7,2,uziahmd
1112,16654914,Nozprod,"2026-08-27 18:44:09",1676.6,2,nozprod
1113,16674451,NycteacoBa,"2026-08-28 23:49:23",1676.5,2,nycteaowl
1114,16770927,kaptaan45,"2026-08-28 08:06:32",1674.9,2,kaptaan45
1115,16728076,uuu,"2026-08-24 10:02:45",1674.1,2,vovafinogenov
1116,16738626,李BCDEFGA,"2026-08-25 06:55:39",1673.9,2,bcdefga
1117,16770397,Ryu,"2026-08-30 19:53:50",1673.6,2,bexultanashenov
1118,16698340,"Yanxi Jiang","2026-08-26 03:24:55",1673.4,2,yanxijiang
1119,16684994,"Katasonov Evgeny","2026-08-30 01:39:34",1673.3,2,katasonoveugene
1120,16780995,"Silver Surfer","2026-08-29 06:37:04",1673.0,2,hausch11
1121,16760656,CharTFboy,"2026-08-24 09:19:37",1672.8,2,chartfboy
1122,16710546,"Russlan Ramdowar","2026-08-28 03:27:30",1672.4,2,russlan
1123,16701768,darasty,"2026-09-02 10:06:05",1671.4,2,darasty
1124,16668748,"Harrison Interactive","2026-09-01 21:10:50",1670.9,2,nosiru
1125,16680172,TTANE,"2026-09-02 23:42:02",1670.9,2,otmaneelmahdaouy
1126,16778489,dataWr3cker,"2026-08-28 20:40:52",1670.7,2,gourabr0y555
1127,16755921,"Natnael Yerga","2026-08-24 16:43:22",1670.3,2,natnaelyerga
1128,16724298,Orig_lab,"2026-08-23 18:39:17",1670.0,2,chengxixixi
1129,16743582,ShunkiKyoya,"2026-09-03 00:45:23",1669.3,2,shunkikyoya
1130,16668761,"Lorenzo Regalado","2026-09-01 20:57:46",1668.7,2,lregaladohdez
1131,16733839,"Fabian Ruiz","2026-09-01 15:26:07",1668.4,2,fabianruiz3
1132,16770055,"san yin26","2026-09-02 16:29:57",1667.8,2,"amadeusan,sanyin26"
1133,16762302,OxFFFs,"2026-08-24 13:49:44",1667.8,1,oxfffs
1134,16623199,"Jesse Ferguson","2026-08-31 15:33:09",1667.7,2,jesseferguson
1135,16715066,akahane,"2026-08-30 00:31:26",1667.7,2,shuheiakahane
1136,16639507,Homii_N,"2026-08-24 21:14:01",1667.5,2,homeshwarrao
1137,16764738,Lucasty,"2026-08-25 07:04:36",1667.4,2,lucaswty
1138,16761019,"yiwen hou","2026-08-25 14:48:43",1667.2,2,hevenhina
1139,16632516,"Jiachen Li","2026-08-25 08:16:42",1666.3,2,llccqq624
1140,16782193,nal_nh906,"2026-09-02 01:42:32",1666.2,2,hhan09
1141,16728229,twomoon,"2026-08-27 12:35:54",1665.6,2,twomoon036
1142,16654526,"Jin Niu","2026-08-26 18:25:33",1665.5,2,gufanmingmie
1143,16709115,"PARK HYUNSIK","2026-08-26 01:51:31",1665.3,2,hyunsikpark
1144,16778334,"Onkar Belure","2026-09-01 00:20:13",1665.0,2,onkarbelure
1145,16719578,blueblue222,"2026-09-02 15:13:48",1665.0,2,blueblue222
1146,16666468,"J Penman","2026-08-29 11:53:02",1664.3,2,jpenman
1147,16687294,"Madiyar Khamzanov","2026-08-29 20:07:26",1663.7,2,mkhamzanov
1148,16627799,"navazsh fathi","2026-08-26 17:10:17",1663.4,2,navazshfathi
1149,16633132,"Kaggledew Valley","2026-08-25 16:39:59",1662.9,2,yanzhou06
1150,16748907,EdwardHwang@123,"2026-08-24 15:32:00",1662.6,2,edwardhwang123
1151,16727214,"Jaivardhan Raahi","2026-09-02 08:50:18",1661.4,2,jaivardhanraahi
1152,16654710,"Ray Brothers","2026-08-31 21:16:18",1660.4,2,"madhurjyaray,vibekodr"
1153,16630516,"Seb (allegedly)","2026-09-02 11:38:59",1659.5,2,sebmallia
1154,16778808,"Candace Dudleson","2026-08-31 23:19:12",1658.7,2,candacedudleson
1155,16753194,"Saicharan Ramineni","2026-08-26 19:33:02",1658.2,2,godlydonuts
1156,16748765,"A. R. SEKKAT","2026-08-25 20:36:41",1657.6,2,arsekkat
1157,16692443,xmkevin2004,"2026-08-30 02:44:13",1657.1,2,xmkevin2004
1158,16639746,"Kyle Wang","2026-09-01 02:17:00",1657.0,2,ky1ewan9
1159,16632327,midnq,"2026-08-25 18:36:32",1656.9,2,midnqly
1160,16659419,"Chahat Mehra","2026-08-31 12:35:51",1656.9,2,chahatmehra
1161,16672456,hangglider5,"2026-08-26 08:39:29",1656.8,2,hangglider5
1162,16762139,AltriaE,"2026-08-25 15:27:52",1656.4,2,altriae
1163,16692956,VanKoha,"2026-09-03 00:45:38",1655.2,2,kohasama
1164,16744503,"Jun AKita","2026-08-26 13:20:13",1655.1,2,junakita
1165,16704603,Tmaxxer,"2026-08-28 14:45:38",1654.9,2,tmaxxer
1166,16796980,ChenyuBaii,"2026-09-01 21:22:16",1654.8,2,chenyubaii
1167,16746632,tingyu516,"2026-08-24 06:05:33",1654.5,2,tingyu516
1168,16743656,Deskbo,"2026-08-26 16:14:12",1653.4,2,deskbo
1169,16700771,"Disuru Coba Ama Jaki","2026-08-31 09:50:50",1653.2,2,reiiihel
1170,16674948,habe.sq,"2026-08-26 11:48:32",1652.7,2,habesq
1171,16794090,Euphor_M,"2026-09-03 00:02:48",1652.7,2,euphor
1172,16666977,"Tagir Analyzes","2026-08-29 00:10:35",1652.5,2,tagirkhairutdinov
1173,16639771,"DK Armada","2026-08-30 14:43:29",1652.3,2,dkarmada
1174,16665337,BHackers,"2026-08-26 17:13:11",1651.7,2,clarencepagaduan
1175,16626272,"ömer kiraz","2026-08-29 19:24:10",1651.3,2,merkiraz
1176,16662819,THeLAB,"2026-08-17 18:55:16",1649.9,2,feuorme
1177,16732129,"payne yam","2026-09-02 01:23:13",1649.8,2,payneyam
1178,16759508,george-nigmatulin,"2026-09-01 08:28:06",1649.8,2,georgenigmatulin
1179,16738279,zhangshuosc,"2026-08-26 05:11:57",1649.7,2,zhangshuosc
1180,16720056,"Heads or Tails","2026-08-29 15:06:32",1649.4,2,headsortails
1181,16753125,"Rudransh Singh Rathore","2026-08-26 03:10:23",1649.3,2,rudranshsinghrathore
1182,16774410,"Rishabh Roy","2026-08-26 09:01:38",1649.1,1,rishabhr0y
1183,16695695,"Siva Kumar","2026-09-02 08:55:35",1648.6,2,sivapnlr80
1184,16681125,"M & M & P & Q","2026-09-03 01:06:55",1646.3,2,"morimo,msd0110,piiiiiiiii,qistripute"
1185,16768676,Doit,"2026-08-25 02:09:47",1645.9,1,aifccnb
1186,16668622,"Michael McGrain","2026-09-02 16:05:34",1645.9,2,michaelmcgrain
1187,16663649,"Akhil Chinta","2026-09-03 01:00:36",1645.7,2,akhilchinta1505
1188,16764206,yanjixiang,"2026-08-25 11:37:34",1645.3,2,yanjixiang
1189,16727404,Yichi,"2026-08-27 16:06:01",1645.3,2,yichi02
1190,16682867,sneaky6767,"2026-08-28 13:03:35",1645.1,2,sneaky6767
1191,16634519,"Darshan Makwana","2026-08-24 04:10:09",1645.1,2,ellipticaloranges
1192,16691247,"Aneesh Rao","2026-08-27 17:11:07",1644.9,2,sidrao2006
1193,16747982,"Affriza Wildan Fauzan","2026-09-02 06:15:25",1644.3,2,affrizawildanfauzan
1194,16761788,"Corenthin Buffard","2026-08-26 13:16:28",1644.3,2,cbuffard
1195,16744342,"glupez ","2026-08-31 19:07:18",1644.3,2,glupez
1196,16755244,SZU蓝心,"2026-09-01 11:50:45",1644.3,2,jiazhanliu
1197,16770998,ket,"2026-08-31 22:14:53",1644.1,2,kentken
1198,16760509,"gnanadeepika karanam","2026-08-29 03:35:25",1644.0,2,gnanadeepikakaranam
1199,16703045,ReCurSiON,"2026-08-14 14:14:52",1643.4,2,ashok205
1200,16735341,Ryui68925,"2026-08-24 16:22:30",1641.7,2,ryui68925
1201,16667147,"Daksh Bhalala","2026-08-26 06:41:04",1641.7,2,dakshbhalala
1202,16660988,"AI After Hours","2026-09-01 16:43:31",1641.5,2,"akshaythammana,mmehersaipreetam"
1203,16779067,fishwg,"2026-08-28 09:12:54",1641.1,2,fishwg
1204,16682843,underline12311,"2026-08-29 09:12:45",1641.0,2,underline12311
1205,16655255,MalelizarazoP,"2026-08-26 13:34:53",1640.8,2,malelizarazop
1206,16759250,"Harsh Jain","2026-08-28 06:55:29",1640.4,2,harshjain123
1207,16679389,"JOMIN URK21CS1077","2026-09-02 21:12:31",1640.3,2,jominurk21cs1077
1208,16769082,"Little Xi","2026-08-26 03:31:32",1638.4,2,littlexi0
1209,16744837,JuliaGastellu,"2026-08-29 17:55:01",1638.0,2,juliagastellu
1210,16732586,Juniex,"2026-08-29 00:11:02",1638.0,2,juniex
1211,16682753,"Cam-Luan Truong","2026-08-28 04:28:48",1637.7,2,luantruong
1212,16702590,"Aashka Kapadia","2026-09-02 20:51:08",1637.0,2,aashka
1213,16634153,AnpAn_Men,"2026-08-29 19:47:31",1636.5,2,anpanmen
1214,16749257,rsraki,"2026-09-01 13:56:02",1636.0,2,rsraki
1215,16693342,takemo,"2026-09-01 23:17:29",1634.8,2,takemoriyuto
1216,16786255,OceFFFF,"2026-09-02 12:50:49",1634.5,2,oceanfujimoto
1217,16676739,"Jonathan Zheng Jiahao","2026-08-28 03:22:42",1634.1,2,jonathanzhengjiahao
1218,16758279,"GO HIROSHIMA 2","2026-08-29 02:51:47",1633.9,2,gohiroshima2
1219,16754974,BurntPotato,"2026-08-25 08:25:24",1633.8,2,burntpotato
1220,16777894,"Matthew Neba","2026-08-31 15:59:03",1633.7,2,matthewneba
1221,16675351,-Beterraba,"2026-09-03 00:41:10",1633.3,2,"afonsoo,miguelottoni"
1222,16764545,ArX,"2026-08-24 09:44:45",1632.7,2,arx1993
1223,16655704,heinado,"2026-08-25 13:29:15",1632.5,2,heinado
1224,16621515,"Alexander Gremyakov","2026-08-31 21:09:58",1632.2,2,alexandergremyakov
1225,16670569,Ezzzzzekki,"2026-08-27 16:49:31",1631.4,2,abdullahelzeki
1226,16800775,SunSeeker染汐,"2026-09-01 16:47:33",1631.3,2,sunseekerrx
1227,16796235,"Keside Onyeocha","2026-08-31 20:04:15",1630.8,2,kesideonyeocha
1228,16784611,sardarkhanyadav,"2026-08-28 16:45:33",1630.7,2,sardarkhanyadav
1229,16742267,chandora,"2026-09-02 11:20:41",1630.5,2,chandora
1230,16666393,saikyo,"2026-08-22 16:09:23",1630.4,2,kyosaikyo
1231,16778627,LXZ538,"2026-09-02 16:17:18",1630.4,2,lxz538
1232,16740392,"Amey Thakur","2026-08-25 12:01:41",1629.4,2,ameythakur20
1233,16689274,Anyeson,"2026-08-30 09:24:43",1629.3,2,anyeson
1234,16633100,"Emile Andrieu","2026-08-27 15:36:35",1629.2,2,emileandrieu
1235,16665753,"Mansour A. S. Ataa","2026-08-26 10:28:34",1628.9,2,profmansoor
1236,16691572,"Lord Momo","2026-08-23 11:54:53",1628.5,2,stevenleehans
1237,16706523,"Aussie lover","2026-08-30 21:08:39",1628.0,2,aussielover
1238,16665402,PrasadChopade213,"2026-09-02 18:29:35",1627.9,2,prasadchopade213
1239,16670883,G*Sim,"2026-08-28 07:55:59",1627.7,2,guillaumesimiand
1240,16635504,"Datta Dhebe","2026-08-30 01:52:44",1627.0,2,dattadhebe
1241,16765313,Hosuke,"2026-09-01 04:19:31",1626.4,1,hosuke
1242,16733932,"Jasper Turnidge","2026-08-24 06:36:23",1625.2,2,jasperturnidge
1243,16734435,"Jai Kamal","2026-08-31 19:27:36",1624.9,2,jtheyogi
1244,16773098,Apa,"2026-09-02 04:01:03",1624.7,2,yasso1
1245,16655083,ktyser,"2026-08-22 21:44:20",1624.6,2,keithtyser
1246,16756902,"Matt Palmer","2026-09-02 19:47:57",1624.2,2,palmsey
1247,16666195,"Yihan Guo","2026-08-28 08:44:06",1622.2,2,yihanguo
1248,16621497,"Victor @ Tufa Labs","2026-08-26 20:41:50",1621.7,2,vmerckle
1249,16752082,"Tian hao Qing Nano7ko","2026-08-25 05:25:19",1621.1,2,tianhaoqingnano7ko
1250,16732433,syuuuuu,"2026-09-02 18:25:23",1620.1,2,syuuuuukun
1251,16759402,Capitaalgain,"2026-08-25 05:11:47",1619.9,2,capitaalgain
1252,16677252,カワシギ,"2026-08-25 12:30:04",1618.3,2,kawashigi
1253,16742825,"Ritwik Raha","2026-08-27 20:20:34",1617.8,2,ritzraha
1254,16659715,masb,"2026-09-02 16:41:58",1617.1,2,affansaied
1255,16669191,"Mohammed Nomaan","2026-08-28 18:14:25",1616.8,2,nomaanz
1256,16683808,RuggedBones,"2026-08-28 17:12:10",1616.6,2,ruggedbones
1257,16770299,"أحمد فهد الربيش","2026-08-25 09:55:13",1615.6,2,ghr111
1258,16739925,nofreewill42,"2026-08-24 06:41:31",1614.7,2,nofreewill
1259,16706576,王一凡,"2026-08-20 02:24:40",1614.7,2,"liuziyang1016,mikakohinata68"
1260,16685548,"Erfan Eshratifar","2026-09-03 00:05:12",1614.3,2,erfaneshrati
1261,16767625,"Saurabh Yadav","2026-08-24 17:56:22",1614.1,1,saurabhyadav1305
1262,16764459,chaojiwudiwujie,"2026-08-24 04:10:59",1613.0,1,chaojiwudiwujie
1263,16623459,"Peng Wang","2026-08-24 03:17:52",1612.7,2,pengwang91
1264,16706227,"Wise Fancy","2026-08-24 06:35:55",1611.8,2,wisefancy
1265,16733708,RyanHo,"2026-08-29 03:59:12",1611.2,2,ryanrx
1266,16753515,"Yosif EL-Rammaal","2026-08-25 16:57:09",1611.1,2,yosifelrammaal
1267,16630323,kaggricultureomnidimensionalut,"2026-08-28 10:51:28",1610.0,2,kumarandatascientist
1268,16654511,"Syed Shayan Ali Shah","2026-08-27 14:26:19",1609.1,2,dsshayan
1269,16641230,"An V1","2026-09-02 18:38:38",1608.9,2,barakuga
1270,16741826,StackKnight,"2026-08-28 02:12:12",1608.8,2,stackknight
1271,16717572,kiyomiya-k,"2026-08-27 09:30:13",1608.8,2,kiyomiyak
1272,16633445,Wal8800,"2026-08-26 05:25:48",1608.7,2,wal8800
1273,16732851,chenry2003,"2026-08-24 02:27:53",1608.6,2,chenry2003
1274,16744914,"El Mehdi EL JAIR","2026-08-25 10:47:01",1608.4,2,elmehdieljair
1275,16668071,"Ali Eren Oğuztaş","2026-08-31 19:52:03",1608.1,2,alierenouzta
1276,16701633,"Jacob Davis","2026-08-23 15:06:50",1607.6,2,jacobtdavis
1277,16793600,mogura2.0,"2026-09-03 00:12:25",1607.5,2,mogura20
1278,16632214,roomer,"2026-08-29 08:47:48",1607.2,2,"matsuphy,mqme526,yasunamiura"
1279,16693663,"YoungCheol Son","2026-08-27 00:51:34",1606.8,2,sonyc5720
1280,16763437,"⸻AgentZZ ⸻","2026-08-23 20:47:44",1606.7,1,agentzz
1281,16706185,"Bab Kek","2026-08-25 21:04:53",1606.4,2,babkek
1282,16693431,Jonewang,"2026-08-30 06:38:15",1603.6,2,jone520
1283,16692744,"VAIBHAV RASTOGI 90","2026-08-29 19:13:31",1603.3,2,vaibhavrastogi90
1284,16654752,Agrofitting,"2026-09-02 19:40:39",1602.7,2,"evvfebruary,vinch97"
1285,16638804,"Anhad Mahajan","2026-08-26 12:44:36",1601.3,2,anhadmahajan06
1286,16700846,"Vaibhav Patel","2026-09-02 15:52:42",1601.1,2,vaibhavpatel
1287,16758817,Ruwawa,"2026-08-30 18:23:19",1601.1,2,ruwawa
1288,16768047,アメリカ農業研究会,"2026-08-25 17:19:10",1600.7,2,flnkhome
1289,16624571,"Baidalin Adilzhan [dsml.kz]","2026-08-25 08:52:17",1600.4,2,baidalinadilzhan
1290,16791369,dataix,"2026-09-02 21:54:55",1600.4,2,codymachody
1291,16660492,"Deven Bagul","2026-08-29 11:56:30",1598.8,2,devenbagul
1292,16724228,LSS0334,"2026-08-26 00:15:54",1598.4,2,lss0334
1293,16659771,DieByTheSword,"2026-08-27 06:19:29",1598.4,2,przemysawstroiws
1294,16723991,"James Holland","2026-08-17 01:40:17",1598.2,2,jkhollandjr
1295,16770979,"Paulo Martins","2026-08-30 05:28:35",1597.8,2,paulomartins87
1296,16759705,2nod,"2026-08-23 03:42:04",1597.7,2,tsunoten
1297,16771337,titako0000,"2026-09-01 15:15:47",1597.2,2,titako0000
1298,16684401,WQAAAA,"2026-08-28 14:40:13",1597.0,2,wqaaaa
1299,16730705,chris,"2026-09-03 00:07:09",1595.9,2,chris62
1300,16670999,Maksonch1k,"2026-08-28 23:01:42",1595.5,2,maksonch1k
1301,16671659,Jiang,"2026-08-28 05:29:29",1595.0,2,jncq2006
1302,16745499,"lurs lurs","2026-08-29 02:02:15",1595.0,2,lurslurs
1303,16678609,quantcrypto3,"2026-09-01 19:19:00",1594.1,2,quantcrypto3
1304,16660220,tomo11111,"2026-09-02 14:04:04",1592.8,2,tomo11111
1305,16621165,"xisheng feng","2026-09-02 04:40:18",1591.7,2,xishengfeng
1306,16668260,"Yangle Ma","2026-08-30 04:29:01",1591.1,2,yanglema
1307,16626814,"Vu Tran Hoang","2026-08-27 09:46:58",1591.0,2,hoangvux
1308,16738721,"Luan Kunyu","2026-08-21 14:42:27",1590.6,2,luankunyu
1309,16715244,uri_kkyhr,"2026-08-15 04:53:37",1589.8,2,urikkyhr
1310,16802775," SonSheungmin","2026-09-02 12:51:39",1589.6,1,sonsheungmin
1311,16660268,"Sébastien Mametz (Pixs)","2026-08-14 09:08:39",1589.4,2,sbastienmametzpixs
1312,16763274,vinceybb,"2026-08-31 09:53:49",1589.1,2,vinceybb
1313,16668721,"Efe Can Celiksoy","2026-08-13 22:00:41",1588.5,2,efecnc
1314,16716549,notoverkil,"2026-08-28 08:16:38",1588.1,2,notoverkil
1315,16768543,caas_sicca,"2026-08-31 10:25:30",1587.7,2,caassicca
1316,16660601,"Rabbiya affan","2026-09-02 19:35:06",1587.2,2,rabbiyaaffan
1317,16795086,Leroll,"2026-09-01 01:54:12",1587.1,2,leroll
1318,16756925,"Dread Development","2026-09-01 19:04:20",1585.5,2,"dreaddevelopment,seanornberg"
1319,16661701,premjampuram,"2026-08-20 18:36:21",1584.5,2,"aasthasinha9,anji2705,premjampuram,sheetallodhi"
1320,16682353,"counter puncher","2026-08-27 19:00:05",1584.2,2,ahmadabdoumalickdiop
1321,16658349,lingxiaojun,"2026-08-26 10:26:35",1584.0,2,lingxiaojun
1322,16692639,"Bharat Kumar0925","2026-09-02 20:37:42",1583.4,2,bharatkumar0925
1323,16762101,"Kazama Yusuke","2026-09-02 23:42:57",1582.6,2,kazamayusuke
1324,16782196,"jingyang tu","2026-09-01 01:49:08",1582.5,2,jingyangtu
1325,16708965,"Witold Dziurdz","2026-08-23 16:33:47",1582.4,2,witolddziurdz
1326,16655383,MtN,"2026-09-02 12:41:44",1580.3,2,mariotrsn
1327,16757320,Jingxiang,"2026-08-28 09:15:03",1579.9,2,jingxiango
1328,16663569,XYZ,"2026-09-03 00:00:48",1578.8,2,h249748fkv7lyhik897
1329,16727182,FinalSunFlower,"2026-08-26 12:57:56",1578.5,2,finalsunflower
1330,16664566,"Lormann ","2026-08-23 06:24:29",1577.7,2,lormann
1331,16630711,"Aleks Lviv","2026-08-30 11:46:50",1577.2,2,alekslviv
1332,16666165,ChrisLeiteScha,"2026-08-24 15:20:36",1576.5,2,chrisleitescha
1333,16758074,"mountain Lee111","2026-08-22 09:12:30",1576.0,2,BNBUDINGSHANLee21
1334,16693193,"Efrain Garay","2026-08-28 00:36:49",1576.0,2,efraingaray7
1335,16804549,Feidudu,"2026-09-02 20:42:46",1576.0,2,zenanshao
1336,16769028,"Rishabh Yadav","2026-09-02 08:49:36",1575.3,2,riishabhhh
1337,16766320,vp_mass,"2026-08-25 20:19:08",1574.9,2,vpmass
1338,16623559,DECEM,"2026-08-24 17:50:06",1574.2,2,zy1343930734
1339,16623736,Garigariyong,"2026-09-01 04:31:17",1574.0,2,garigariyong
1340,16680065,Vishodhan,"2026-08-14 23:46:15",1573.9,2,vishodhan
1341,16693549,別班,"2026-08-15 06:47:38",1573.8,2,"kusurizuke,pepushi,tomokiaki"
1342,16708880,yotsutose,"2026-08-31 03:20:51",1573.6,2,yotsutose
1343,16736138,Anand,"2026-08-21 06:00:12",1573.5,2,gazzal
1344,16632757,taopy2,"2026-09-02 20:26:51",1573.3,2,taopy2
1345,16622937,"Sheep 🐑","2026-08-20 03:02:38",1572.6,2,kabilrh
1346,16675960,"Audric LOKO","2026-08-31 15:38:30",1572.2,2,audricloko
1347,16757123,"Sripad Modali","2026-08-25 11:28:18",1569.9,2,sripadmodali
1348,16740159,CY,"2026-08-30 03:27:33",1569.6,2,aimeny
1349,16664002,"Guilherme Zanini de Sá","2026-09-02 22:02:54",1568.9,2,guilhermezaninides
1350,16662651,CoatiAI,"2026-08-29 22:23:39",1568.3,2,gjhordan
1351,16781550,Lumberjacks,"2026-09-01 23:20:56",1568.1,2,jamesmcgarryiv
1352,16740404,BarrelAged,"2026-08-31 03:14:48",1568.1,2,johnhosack
1353,16674310,"Ayaz Ahmed Kazi","2026-08-29 18:49:13",1568.0,2,ayazahmedkazi
1354,16691154,UnknownRobi,"2026-08-31 22:50:27",1567.7,2,canrobichaud
1355,16623630,noobanot,"2026-09-03 01:22:00",1567.3,2,noobanot
1356,16710128,"KeHao Liu","2026-08-14 01:52:29",1567.2,2,kehaoliu
1357,16654091,webmaking,"2026-08-19 05:28:56",1565.8,2,webmaking
1358,16779275,XuetingWang,"2026-09-01 08:50:53",1565.5,2,snoopy262
1359,16691946,"Hassan Algizani","2026-08-13 20:20:09",1565.4,2,hassanalgizani
1360,16697139,Stocks152,"2026-08-23 15:00:19",1565.2,2,stocks152
1361,16709203,Ayush_Patel,"2026-08-25 03:34:12",1565.1,2,ayushpatel1305
1362,16708315,beeyan,"2026-08-21 13:40:53",1565.0,2,beeyan0821
1363,16762195,eliasruntime,"2026-08-31 22:34:30",1564.2,2,eliasruntime
1364,16696593,bplyc15,"2026-09-02 07:42:03",1563.8,2,bplyc15
1365,16640048,"extra eclaire","2026-08-20 05:41:57",1563.8,2,extraeclaire
1366,16702275,Joyal,"2026-08-31 15:54:17",1563.4,2,joyalseejo
1367,16651672,"Xiaolei Lian","2026-08-19 03:18:04",1563.3,2,xiaoleilian
1368,16669666,RhoenSprudel,"2026-08-24 21:05:02",1563.2,2,rhoensprudel
1369,16672709,"RS Turley","2026-08-28 22:21:12",1562.9,2,rturley
1370,16740464,"Jorrawar Grewal","2026-08-21 05:30:14",1562.5,2,jorrawargrewal
1371,16716081,"dunky su","2026-08-23 06:36:50",1562.3,2,dunkysu
1372,16726287,BBaRRel.,"2026-08-22 08:29:00",1562.2,2,yujinkk0609
1373,16704580,"Yunho Hwang","2026-08-25 06:50:17",1561.7,2,yunhohwang
1374,16683193,Paami,"2026-08-24 01:21:00",1560.5,2,coldpaami
1375,16798989,"Harvest Sun","2026-09-01 02:30:57",1560.2,2,zaoooo29
1376,16711608,"Thomas Greissler","2026-08-24 00:01:46",1560.2,2,thomasg22202020
1377,16633507,"Ivan Vorfolomeev","2026-08-20 12:54:05",1558.2,2,ivanvorfolomeev
1378,16665214,Epiphany_Thu,"2026-08-21 12:06:53",1557.9,2,epiphanythu
1379,16689183,Hawksartelier,"2026-08-29 20:24:38",1557.5,2,satyapb2002
1380,16741683,"Lance Wu","2026-08-24 09:40:14",1557.3,1,lancewu722
1381,16666665,Team-Veraxion,"2026-08-31 08:24:24",1556.4,2,"anuragvelekat,ayushiitomar,faizmemon,hariharigandikota"
1382,16710499,sukeke,"2026-09-03 00:04:50",1556.0,2,sukeke
1383,16664751,"Cindy Meng90","2026-08-26 01:10:52",1555.9,2,cindymeng90
1384,16756510,tongmian1314,"2026-09-02 23:35:50",1555.0,2,tongmian1314
1385,16683755,"Meng Di","2026-09-02 16:06:28",1554.7,2,hughshaoqz
1386,16692725,"Zhen Li","2026-08-29 13:41:00",1554.7,2,zhenlisak
1387,16664379,N_Matsumoto24,"2026-09-02 08:17:44",1554.2,2,nmatsumoto24
1388,16702547,Dean0016,"2026-08-13 17:56:10",1554.0,2,dean0016
1389,16758634,Ernnnn4u,"2026-08-24 17:00:46",1553.6,2,ernnnn4u
1390,16726816,"Games Jadley","2026-09-01 18:32:04",1553.0,2,gamesjadley
1391,16743356,"Azat Akhtyamov","2026-09-02 20:20:12",1553.0,2,azakhtyamov
1392,16715933,Scomics,"2026-08-20 07:33:14",1552.9,2,"bruceche7797,dongyiqun,jyxxxx"
1393,16728774,あなまか,"2026-08-30 17:15:37",1552.5,2,arakish
1394,16654076,"Son Pham","2026-08-22 18:32:36",1551.5,2,sonphamorg
1395,16722619,vlavlalva,"2026-08-23 00:37:53",1551.2,2,cppcph
1396,16765215,"arlenjim ","2026-08-24 19:32:48",1551.2,2,arlenjim
1397,16798724,"junfan shen","2026-09-02 01:47:39",1551.1,2,junfanshen
1398,16765135,neuro168,"2026-08-26 05:02:01",1550.8,1,lordmc
1399,16725304,"Alexandru A","2026-08-29 07:34:25",1550.7,2,alexandrua01
1400,16663748,Calmracer,"2026-09-02 02:25:08",1550.3,2,ethanhall123
1401,16662949,"Will English","2026-08-18 17:13:22",1550.3,2,dubascudes
1402,16743016,"MD Zeeshan","2026-08-20 18:13:32",1550.1,2,makrovh
1403,16793229,"Waseem Mushtaq","2026-08-30 13:38:14",1549.7,1,waseemmushtaq045
1404,16745312,"Alexie Huynh","2026-08-22 08:27:27",1549.2,1,alexiehuynh
1405,16734199,Iliamna,"2026-09-02 03:11:56",1549.1,2,decotoj
1406,16786139,Trezerg,"2026-09-02 08:07:16",1549.0,2,progtrollwarrior16
1407,16748933,Lixrixy,"2026-08-26 06:11:03",1548.8,2,lixrixy
1408,16623463,porply,"2026-08-27 09:16:10",1548.8,2,porply
1409,16677592,keniii,"2026-08-25 00:29:31",1548.5,2,kartheeswaran28
1410,16771394,"ZHIRUI ZHAO","2026-08-29 06:27:03",1548.4,2,zhiruizhao
1411,16750364,Tangruichen,"2026-08-26 17:38:42",1548.3,2,device666kunkun
1412,16794205,"kiwi apple","2026-09-01 18:56:25",1547.6,2,kiwiapple
1413,16675610,"Srikar Medisetti","2026-08-30 12:06:25",1546.3,2,deathaunter
1414,16743216,xerkey,"2026-08-31 08:05:19",1545.6,2,xerkey
1415,16661050,Master_S1ave,"2026-08-31 22:45:16",1544.7,2,masters1ave
1416,16726994,bird,"2026-08-23 05:00:19",1544.7,2,whitebird
1417,16666057,StopPlantingStartGameTheorying,"2026-08-27 03:13:02",1544.7,2,mymelodyenjoyer
1418,16730301,wonder777,"2026-09-02 05:43:42",1544.4,2,wonder777
1419,16668152,ksew364,"2026-08-24 14:39:18",1544.3,2,ksew364
1420,16754560,Kam,"2026-08-21 14:02:39",1543.6,1,kamting
1421,16730834,TomoyaM,"2026-08-31 15:44:11",1543.4,2,tomoyamiyaake
1422,16755203,TY0912,"2026-08-31 15:25:47",1543.4,2,samejimatink0
1423,16739898,"solo levelling","2026-08-18 21:08:16",1543.3,2,munibmemon
1424,16728160,Ozi,"2026-09-02 03:39:26",1543.3,2,muhammaduzair21
1425,16709950,"Ryan Myers","2026-08-23 17:57:55",1543.2,2,ryanmyers03
1426,16655501,Savko,"2026-08-21 00:33:21",1543.0,2,savchenko
1427,16744905,"Nator X","2026-08-26 22:15:29",1542.6,2,natorx
1428,16730142,static,"2026-08-28 10:43:31",1542.0,2,huangshunhao
1429,16759075,"Michael Day","2026-08-24 10:38:52",1541.8,2,michaelday99
1430,16658245,ziliangCok,"2026-08-28 16:08:13",1541.8,2,ziliangcok
1431,16768955,Hunedjekdsfkd,"2026-08-25 03:56:30",1541.7,1,hunedjekdsfkd
1432,16661362,BEETRiX🦋,"2026-08-11 14:42:28",1540.8,2,johannaleighdeley
1433,16732446,"Nuri DUDAK","2026-08-29 09:00:59",1540.5,2,nuridudak
1434,16698223,"Feng Jiahui","2026-08-18 08:35:04",1539.8,2,junipersky
1435,16697395,darktetradgod,"2026-08-22 18:26:00",1539.6,2,darktetradgod
1436,16691038,"animal crossing","2026-08-25 00:43:44",1539.3,2,hoonchoonc
1437,16688907,青烟,"2026-08-24 12:39:28",1538.5,2,"imagine4391,mortal4416"
1438,16732813,Soomana1z,"2026-09-02 09:39:06",1538.0,2,soshionodera
1439,16651806,shawnYiB,"2026-09-02 15:18:07",1537.8,2,shawnyib
1440,16699455,vijaikm,"2026-09-02 16:11:04",1537.6,2,vijaikm
1441,16682318,Bibek,"2026-08-19 08:41:54",1537.2,2,bibek777
1442,16727784,Baen,"2026-08-24 06:44:33",1537.1,2,cairh22
1443,16753925,"Tyler Durden","2026-08-28 13:44:04",1537.0,2,jeedimetlacharan213
1444,16679560,LEET,"2026-08-15 00:45:52",1536.5,2,soufianelasfar
1445,16743904,minamoto,"2026-08-25 16:53:16",1536.4,2,usermina
1446,16731911,"liu bo","2026-08-25 11:19:02",1535.1,2,liuboo45586
1447,16746317,xingyun_byto,"2026-09-01 16:16:59",1534.5,2,xingyunbyto
1448,16726011,"Dawid Fleischer","2026-08-25 18:37:25",1533.8,2,dawidfleischer
1449,16719563,"GPT-5.6 Sol🏆","2026-09-02 12:11:02",1533.8,2,"ctfxiao,gaoruihua,otherworldly777,wennaliu2007,xgentle"
1450,16717665,"Christoffer Thimsen","2026-08-29 17:38:39",1533.2,2,lowasitgoes
1451,16753618,mushichou4,"2026-08-22 10:20:51",1533.1,2,mushichou4
1452,16696098,Valmorlee,"2026-08-23 19:40:07",1532.5,2,valmorlee
1453,16687363,"elegantangel (628700)","2026-08-24 09:58:52",1532.1,2,elegantangel
1454,16670297,"Gebreab K. Zewdie","2026-08-26 00:22:15",1531.9,2,gzewdie
1455,16674878,KirillKlem,"2026-08-13 17:41:24",1531.5,2,kirillklem
1456,16779780,SiVitr2fDrXS.2N,"2026-08-30 15:06:17",1531.4,2,sivitr2fdrxs2n
1457,16740399,"Lynn Pigott","2026-08-24 03:32:08",1531.2,2,lynnpigott
1458,16730357,"t fuku","2026-09-03 00:01:57",1530.9,2,"jjinho,ttyn4519"
1459,16664132,kojingbo,"2026-08-22 19:11:23",1530.8,2,kojingbo
1460,16758152,MiguelLFCG,"2026-08-30 11:20:49",1530.0,2,miguellfcg
1461,16728109,"Sidharth Hulyalkar","2026-09-02 18:26:48",1529.4,2,sidharthhulyalkar21
1462,16737843,"Muhammad Shoaib Memon","2026-08-23 19:52:52",1529.4,2,muhammadshoaibmemon
1463,16664573,AdhithyaRokhith,"2026-08-22 20:34:38",1529.2,2,adhithyarokhith
1464,16667843,"durgesh dere","2026-08-21 16:10:13",1529.2,2,durgeshdere08
1465,16642139,"Arnav Goel","2026-08-29 07:24:09",1529.0,2,arnavgoel17
1466,16664128,"Michael Todd Overdorf","2026-08-17 00:32:51",1528.8,2,michaeltoddoverdorf
1467,16640785,"syouya tobita","2026-08-27 07:07:31",1527.8,2,syouyatobita
1468,16719262,sadjeen00,"2026-08-14 02:15:50",1527.7,1,sadjeen00
1469,16709824,pizzahut,"2026-09-02 20:49:27",1527.2,2,csalazoltntams
1470,16731990,Karl0106,"2026-08-23 17:21:38",1527.1,2,karl0106
1471,16656394,"Pushkar K.G","2026-08-18 09:29:08",1527.1,2,dejokz
1472,16716431,m&m,"2026-08-16 16:21:07",1527.0,2,ntrlmt
1473,16661772,R3ddrag0n,"2026-09-02 19:43:09",1526.5,2,r3ddrag0n
1474,16654662,"2/3 rounded to two decimals","2026-08-22 00:36:50",1526.1,2,rnold2
1475,16654193,fvong,"2026-08-30 00:02:24",1525.8,2,fvong35963
1476,16750457,"Adrian Ricardo da Silva","2026-08-25 11:21:43",1525.6,2,adrianricardodasilva
1477,16621741,"Andrey Naymushin","2026-08-24 09:46:41",1525.4,2,andrewsokolovsky
1478,16709501,Galaxantic,"2026-09-02 21:17:47",1525.4,2,neel21yt
1479,16784133,"HASNAIN HAIDER","2026-09-01 17:02:27",1524.9,2,techzero
1480,16710094,winwinwin,"2026-08-23 06:16:53",1524.9,2,"ouyangruize,teecemackenieo"
1481,16672003,carlscamt,"2026-08-14 17:19:42",1524.7,2,carlscamt
1482,16718937,62326368,"2026-08-23 17:28:44",1524.6,2,mooniim
1483,16745351,ChrisXie,"2026-08-20 01:56:24",1523.9,2,chrisstan
1484,16726281,rperez04,"2026-08-22 23:15:13",1523.9,2,rperez04
1485,16762208,"The Great Alliance","2026-09-02 17:06:20",1522.7,2,sorcererbi
1486,16684641,t.me/aetheranime,"2026-08-25 17:49:10",1522.4,2,yfrite
1487,16729192,1m0ke,"2026-08-18 09:25:53",1522.4,2,smokelate
1488,16713007,"Jerry Hwa","2026-08-23 12:20:13",1521.9,2,jerryhwa
1489,16720841,liuhc1017,"2026-09-02 09:17:45",1521.9,2,liuhc1017
1490,16738745,"Anh Quân","2026-08-24 13:41:30",1521.8,2,qunanh
1491,16732792,amaotone,"2026-08-20 14:27:36",1520.7,2,amaotone
1492,16759699,"Mason Cao","2026-08-22 17:47:14",1520.6,1,mzcao7
1493,16728914,d0gied,"2026-08-17 15:12:08",1519.5,2,d0gied
1494,16653805,mohsen2050,"2026-08-23 12:36:20",1519.4,2,mohsen2050
1495,16707561,"Nick Rom111","2026-09-02 12:36:48",1519.4,2,nickrom111
1496,16741672,张菠,"2026-08-28 09:28:25",1519.3,2,ysqdababa
1497,16669269,"yash bhaskar","2026-08-25 19:44:32",1519.1,2,yash9439
1498,16724452,Jay,"2026-08-20 00:34:34",1518.8,2,jayshimada
1499,16782984,crinoid,"2026-09-02 10:59:06",1518.3,2,takemi
1500,16754086,Beenvvv,"2026-08-25 05:57:29",1518.0,2,beenvvv
1501,16621628,pupen_o,"2026-08-22 19:12:01",1517.8,2,pupeno
1502,16707193,"radji kraim","2026-08-26 11:53:17",1517.7,2,radjikraim
1503,16663767,"Tommy Mancino","2026-08-31 23:03:57",1516.8,2,tommymancino
1504,16763813,Sydney,"2026-09-02 14:25:07",1516.6,2,n3yan7
1505,16689186,NCK,"2026-08-24 09:44:38",1516.5,2,drnchaitanyakumar
1506,16756477,Ender,"2026-08-26 03:00:12",1516.3,2,eamonnkashyap
1507,16706897,"Akshay Mathur","2026-08-30 20:38:59",1515.7,2,akshaymathur777
1508,16791549,"Eugenio Schiavoni","2026-08-31 19:14:40",1515.5,2,eugeniokukes
1509,16664477,"The T-MAN","2026-08-26 18:51:40",1515.5,2,otmaneelmahda
1510,16692272,Ddere008,"2026-08-21 18:43:56",1515.4,2,ddere008
1511,16717253,Sybery_AI,"2026-08-31 20:38:45",1515.2,2,syberyai
1512,16752018,三浦桂基,"2026-08-30 04:00:30",1515.1,2,keikipc
1513,16769769,"Artur Shafiev","2026-08-29 05:29:31",1514.9,2,arturshafiev
1514,16720720,道海孤舟,"2026-08-21 06:59:41",1514.7,2,unseenanch
1515,16763444,"crazy achiever","2026-08-28 18:51:13",1514.4,2,crazyachiever
1516,16644578,"Team Name","2026-08-23 03:25:05",1514.3,2,baytree1238
1517,16668700,"Pranshu Ghori","2026-08-17 22:02:35",1513.9,2,pranshughori
1518,16806346,"Mike chen666","2026-09-02 19:22:07",1513.7,2,mikechen666
1519,16730320,Rosebuddychomp,"2026-08-25 14:51:40",1513.6,2,rishabhshetye
1520,16799362,"James Weatherhead","2026-09-01 05:30:54",1512.8,2,jamesweatherhead
1521,16669715,housssaamos,"2026-08-16 19:54:39",1512.6,2,housssaamos
1522,16622934,"Ümit Anık","2026-08-21 04:46:16",1512.5,2,mitank
1523,16651088,ych~sun,"2026-09-02 06:53:21",1512.4,2,ychsun
1524,16763551,"PRASHANT SHUKLA91","2026-08-30 15:03:15",1511.0,2,prashantshukla91
1525,16719536,"Mandy Lin","2026-08-14 03:18:29",1511.0,2,ydnamlin
1526,16786109,"Thomas Deng","2026-09-03 00:57:53",1510.9,2,tdeng24
1527,16732654,Goated_Farmers,"2026-08-23 17:09:50",1510.8,2,"mugundhjb,srinathduvvuri"
1528,16657623,Restart:),"2026-08-20 08:35:50",1510.6,2,wayne127
1529,16786341,"Farmula One","2026-08-29 09:24:08",1510.5,2,"joesland,mer4yyy,ricaaaovo,zhangxingzhe"
1530,16643693,"Kerem çelik","2026-08-19 10:12:47",1510.4,2,keremelik
1531,16742228,"bangqun ZHAO","2026-08-27 05:20:56",1510.3,2,bangqunzhao
1532,16725342,little_d1d1,"2026-08-16 04:24:39",1510.1,2,littled1d1
1533,16628897,"Kyoungwon Jeong","2026-09-02 05:31:31",1509.2,2,kyoungwonjeong
1534,16769795,"Edi Marian","2026-08-25 11:01:09",1508.9,2,edimarian
1535,16782227,"chen yue li","2026-08-29 08:49:30",1508.4,2,yueelc
1536,16679393,"Anvith Pothula","2026-08-30 00:28:58",1507.4,2,anvithpothula
1537,16659942,"Abdoulaye DIAW","2026-08-21 09:57:06",1507.0,2,abdoulayediaw25
1538,16780130,与君作田,"2026-08-29 14:01:35",1507.0,2,zhaoxi1244
1539,16688450,SpiralTip,"2026-09-02 23:24:28",1506.5,2,spiraltip
1540,16637329,Rucbic,"2026-08-19 17:32:21",1506.2,2,rucbic
1541,16719733,CleoCantCompete,"2026-08-25 02:27:27",1505.5,2,cleocantcompete
1542,16644303,"kevin zhou","2026-08-20 04:00:36",1505.4,2,kevinzhou66
1543,16739488,Restodecoca,"2026-08-19 16:42:34",1505.3,2,restodecoca
1544,16623515,fishcat,"2026-08-26 01:20:04",1505.1,2,fishcat37
1545,16690401,Skyspace,"2026-08-21 12:50:09",1504.6,2,empireblue
1546,16675905,HydFarms,"2026-08-30 11:22:11",1504.6,2,"kumaramar,ronithjaju,shiveshcgatech,vidhishah115"
1547,16655718,eveyxy,"2026-08-31 13:57:52",1504.0,2,eveyxy
1548,16756750,Charu,"2026-08-22 00:45:03",1503.9,2,charu13a
1549,16722731,"E&M Pioneer","2026-08-30 11:18:55",1503.9,2,hzq2004
1550,16715319,ocha_heaven,"2026-08-19 13:10:14",1503.3,2,ochaheaven
1551,16746112,"Jonathan Martschinke","2026-08-24 08:52:51",1503.2,2,jonathanmartschinke
1552,16747036,Illusion,"2026-08-31 15:25:11",1502.6,2,briankimtaikab
1553,16778744,"Shunsuke Hayashi","2026-08-28 02:48:54",1502.3,2,shunsukehayashi1993
1554,16665543,"Charan Manthena","2026-08-24 15:32:19",1501.9,2,charanmanthena
1555,16723967,dk2lone,"2026-08-20 05:00:59",1501.6,2,dk2lone
1556,16728708,"Rishi Jain","2026-08-18 07:27:14",1501.3,2,rishijain07
1557,16725441,lemon1219,"2026-08-21 15:37:35",1501.2,2,lemon1219
1558,16762319,"郑诗籍 ZhengShiJi","2026-08-25 03:48:33",1501.2,2,zhengshiji
1559,16729640,"Наталья Скляр","2026-08-21 18:11:07",1500.9,2,natsklyar
1560,16713540,Anruan,"2026-08-25 17:34:49",1500.9,2,xiaowanshen
1561,16709101,"Djaafar Lecheheb DL","2026-09-03 00:40:29",1500.4,2,djaafarlechehebdl
1562,16675161,iVl44d,"2026-08-19 22:50:26",1500.2,2,ivl44d
1563,16715733,peikopon,"2026-09-03 01:08:45",1498.9,2,peikopon
1564,16638177,stpete_ishii,"2026-08-30 05:35:41",1498.8,2,stpeteishii
1565,16717901,"Ahmed Hazem Abdeltawab","2026-08-29 22:18:39",1498.7,2,ahmedhazem23
1566,16685342,"Kanth Da","2026-09-01 14:13:32",1497.9,2,"kanthda,riteeshreddybysani"
1567,16743342,"Артём Свинобоев","2026-08-23 13:06:19",1497.7,2,ssstelmah
1568,16729273,"Munib Ur Rehman Memon","2026-08-24 20:48:08",1497.7,2,muniburrehmanmemon
1569,16725947,SamarthRawat18,"2026-08-22 13:31:06",1497.5,2,samarthrawat18
1570,16714498,Zubekanov,"2026-08-18 01:14:49",1496.8,2,zubekanov
1571,16654379,"Sebastian Mateus","2026-08-25 00:49:27",1496.5,2,sebastianmateus
1572,16691506,Dipak_ISM,"2026-08-29 13:07:18",1495.7,2,dipakism
1573,16651939,"Yogesh Jadhav","2026-08-24 05:50:52",1495.4,2,dynamo14324
1574,16664487,houlidai-jiekiulai,"2026-08-21 11:02:07",1494.9,2,houlidaijiekiulai
1575,16687479,kowalskii,"2026-08-23 19:42:49",1494.8,2,anirudhkumaraheer
1576,16632262,Milkomeda,"2026-08-19 13:45:02",1494.7,2,milkomeda74583
1577,16758895,daphne,"2026-09-02 14:17:07",1494.0,2,daphne4sg
1578,16698294,"John Doe","2026-08-22 11:05:36",1493.6,2,johndoe90843
1579,16726461,mocatti,"2026-09-02 01:32:15",1493.3,2,mocatti
1580,16671376,Lebxgue.,"2026-08-18 04:40:25",1492.6,2,yukieja
1581,16755071,"Varun Rao","2026-08-26 18:46:59",1491.6,2,varunraosfanlkan
1582,16646679,tong00,"2026-08-17 12:02:11",1491.4,2,tong00
1583,16622319,"Roman Tamrazov 52","2026-08-21 07:51:48",1491.4,2,romantamrazov
1584,16655877,"Harish K","2026-08-25 19:09:49",1490.8,2,harishk2209
1585,16712535,"Benjamin Beaujard","2026-08-18 11:03:03",1490.5,2,benjaminbeaujard
1586,16736079,Maxy5illion,"2026-08-26 14:33:39",1490.3,2,maxy5illion
1587,16731275,carbonapi,"2026-08-24 21:08:43",1489.8,2,nonempty
1588,16791999,"Dashi Tsybikzhapov","2026-09-01 07:13:57",1489.7,2,dashitsybikzhapov
1589,16632612,Farmville,"2026-08-24 02:12:45",1489.3,2,rafaelfigueiredo13
1590,16665352,"Paul Nassiri","2026-08-22 20:15:33",1488.9,2,laszlolevray
1591,16689844,"Hồ Tuấn Khôi","2026-08-22 15:27:41",1488.8,2,htunkhi
1592,16736250,Yizhi,"2026-08-31 06:03:48",1488.6,2,yizhitao
1593,16737041,presucc,"2026-08-24 15:36:32",1488.1,2,presucc
1594,16716697,"Habil Tobi","2026-08-28 20:57:52",1487.1,2,habiltobi
1595,16689601,"Prathmesh Adsod","2026-08-18 03:55:13",1485.9,2,prathmeshadsod
1596,16666578,STRAF,"2026-08-23 23:07:25",1485.8,2,nikosstraf
1597,16681049,"SiLin “Can SiLin” Can","2026-09-01 10:45:53",1484.8,2,"k3rn3l,silincansilincan"
1598,16676336,lemon13418,"2026-08-18 07:34:03",1484.8,2,lemon13418
1599,16728067,"Chenzhao Li","2026-08-18 08:04:21",1484.3,2,heartquest
1600,16662051,"Salem Ali","2026-08-26 07:57:33",1484.2,2,salemali7
1601,16641548,"Indium AI Labs","2026-08-24 15:01:50",1484.1,2,"devaanshpa,wolframbopp"
1602,16730688,zy,"2026-08-27 07:25:40",1483.8,2,justforwin
1603,16641372,ShoaibSSM,"2026-08-29 10:18:25",1483.6,2,"naveenlx111249971939,shoaibssm"
1604,16675503,"Jeff Marc E. Cadet","2026-08-30 17:56:07",1483.4,2,jeffmarcecadet
1605,16679214,alban,"2026-08-27 22:36:43",1483.1,2,albantiacoh
1606,16712185,"Vishal Khomane","2026-09-02 15:32:38",1483.0,2,vishal567
1607,16663445,"ali dzaki","2026-08-30 15:57:51",1481.9,2,alidzaki
1608,16724584,"Jinx JK","2026-08-18 09:08:26",1481.5,2,jinxjk
1609,16744127,Faiz,"2026-08-21 20:33:33",1481.1,2,souraditya26
1610,16657637,"Ronnie Atuhaire","2026-09-02 17:17:18",1480.8,2,ronnieatuhaire
1611,16700068,"My Little Pony","2026-08-17 13:41:17",1480.5,1,"buxiangzaoqi66,juliezhang131,yaoyilv"
1612,16733297,sohasoha42,"2026-08-18 17:50:51",1480.5,2,sohasoha42
1613,16660281,"xiy lin","2026-08-30 06:02:31",1480.4,2,xiylin
1614,16738899,Grayden_Lee,"2026-08-21 11:42:07",1480.1,2,haozelii
1615,16632304,"Masataka Suzuki","2026-08-31 12:30:27",1479.5,2,masatakasuzuki
1616,16664490,llllllc666,"2026-09-02 08:24:49",1479.4,2,llllllc666
1617,16687159,Max64738CB,"2026-08-30 18:22:51",1479.4,2,max64738cb
1618,16685047,Yvonne.,"2026-08-28 05:48:42",1479.3,2,zdawer250
1619,16624969,tf,"2026-08-24 12:08:56",1478.9,2,tfukuhara
1620,16713267,"yq l68135","2026-08-21 21:35:52",1478.8,2,yql68135
1621,16662735,"Kurian George","2026-08-23 18:16:30",1478.3,2,kuriangeorge
1622,16661073,PyJa,"2026-08-22 12:31:53",1478.1,2,pixiux
1623,16696099,moss,"2026-08-20 15:52:48",1477.7,2,kenyashimizu
1624,16726660,"Prime Leo","2026-08-23 14:21:53",1476.7,2,primeleo
1625,16735232,"Johnson Chishimba","2026-09-02 23:25:23",1476.5,2,johnsonchishimba
1626,16712258,Yizhou,"2026-09-03 01:19:49",1476.0,2,yaphellee
1627,16696607,"Manish modak","2026-08-16 07:37:54",1475.2,2,manishmodak
1628,16675486,"SALAH ELDIN ELNABARAWY","2026-08-18 21:17:22",1475.2,2,salaheldinelnabarawy
1629,16765233,Shun,"2026-09-03 00:07:35",1474.9,2,shunchan0677
1630,16628664,"Anton Tikhonov","2026-08-17 16:05:18",1474.7,2,itwastony
1631,16726064,"sana slama","2026-08-15 17:01:13",1474.1,1,sanaslamamm
1632,16736969,"york li13","2026-08-19 01:07:02",1473.7,2,yorkli13
1633,16714474,"Glenn Dalbey","2026-08-22 20:44:17",1473.4,2,glenndalbey
1634,16690612,"Mina Gayid","2026-08-16 12:59:16",1472.6,2,minagayid
1635,16677938,"Hajime Tamura","2026-08-21 13:52:44",1472.5,2,thajime
1636,16638557,"Araik Tamazian","2026-08-26 13:27:28",1472.3,2,atamazian
1637,16674684,next-best-agent,"2026-08-17 15:28:53",1471.3,2,"minhduy13ly,tdtu981"
1638,16682032,"Satkar sarvankar","2026-08-27 07:19:02",1471.2,2,satkar003
1639,16730728,"Le Trong Hieu","2026-08-18 01:04:19",1471.1,2,backtracking
1640,16770884,VegetabledogNeo,"2026-08-31 01:23:25",1471.1,2,vegetabledogneo
1641,16725996,MatheusPSorancoDeCarvalho,"2026-08-17 22:12:37",1470.6,2,matheussoranco
1642,16632777,"Alexandrine Cakpo","2026-08-20 10:20:22",1470.5,2,alexandrinecakpo
1643,16773244,"Yudai Ueno","2026-09-02 10:45:04",1470.3,2,yudaiueno
1644,16654021,"Swachhith B","2026-08-24 08:40:04",1470.3,2,swachhithb
1645,16655195,Pirhosseinlou,"2026-08-24 18:17:43",1470.3,2,pirhosseinlou
1646,16741720,MarKoz,"2026-08-20 15:31:09",1470.3,2,sirgauda
1647,16662653,"Jordan Schaeffer","2026-09-02 20:08:24",1469.8,2,jordanmschaeffer
1648,16673234,MACvengers,"2026-08-19 16:34:04",1469.8,2,"astrojaswanthkumar,ikpikp"
1649,16741131,"Adarsh Balanolla","2026-08-23 19:09:08",1469.8,2,adarshreddyb
1650,16696304,"Utkarsh #2","2026-08-26 08:46:02",1469.3,2,n0va007
1651,16783328,AggriTrader,"2026-08-28 14:37:10",1469.3,2,leoluo
1652,16724351,"Luxshan Thavarasa","2026-08-24 09:58:38",1469.3,2,luxluxshan
1653,16725335,"Chris #2","2026-08-29 15:32:47",1469.2,2,kagglecompetechris
1654,16690970,"Raoul Biagioni","2026-08-22 06:37:40",1469.2,2,raoulbiagioni
1655,16654742,"Aastik Rajan15","2026-08-22 23:25:10",1468.9,2,aastikrajan15
1656,16706395,"Kunal Desale","2026-08-17 15:49:39",1468.1,2,kunaldesale2408
1657,16741932,"Michael Chen","2026-08-31 06:08:41",1468.1,2,fuqiangchen
1658,16790548,"Francesco Del Sesto","2026-08-31 10:47:27",1468.0,2,francescodelsesto
1659,16659328,"Muhammed Ashiq Abdul Khader","2026-08-26 06:32:42",1467.9,2,ashiqabdulkhader
1660,16654841,"ABHIRUP DAS","2026-08-28 04:51:44",1467.9,2,abhirupdas10
1661,16728238,ubcict232,"2026-08-24 11:17:08",1467.5,2,ubcict232
1662,16630839,steubk,"2026-08-21 21:55:39",1467.3,2,steubk
1663,16659763,clarkzhang1031,"2026-08-13 12:27:10",1467.3,2,"clarkzhang1031,huafeihuang"
1664,16722319,"༺ANIS YT༻","2026-08-19 13:08:47",1467.2,2,anisyt
1665,16623368,"Evgeniy Veselkov","2026-08-18 05:26:04",1467.1,2,evgeniyveselkov
1666,16722303,JohannPongratz,"2026-09-02 19:20:43",1466.8,2,johannpongratz
1667,16670041,tc-al,"2026-09-03 01:05:49",1466.5,2,bobmyersthesecond
1668,16715506,"Moo Point","2026-08-17 21:44:26",1466.3,2,"gnarlycow,tianmeiwang"
1669,16709930,llRX,"2026-08-25 05:33:21",1466.3,2,"bankkobe,leojeel,ruikaihong"
1670,16623470,rurumi,"2026-09-02 05:21:15",1465.9,2,rurururumi
1671,16778417,"TANG BUDU 19SD195","2026-08-30 02:41:39",1465.7,2,tangbudu19sd195
1672,16661575,skw1990,"2026-08-27 06:49:03",1464.9,2,skw1990
1673,16717289,JackChenghao,"2026-08-22 12:07:06",1464.3,2,jackchenghao
1674,16661352,"Porch Goose","2026-08-21 02:52:24",1464.0,2,jaclyndeem
1675,16639732,"Junbeom Lee23","2026-08-15 02:45:23",1463.8,2,junbeomlee23
1676,16769116,qiuqiu,"2026-09-02 14:42:17",1463.6,2,qiuqiuh
1677,16729554,"JingSong Yang","2026-08-28 05:33:55",1463.5,2,jingsongyang
1678,16749079,mraz1006,"2026-08-26 09:32:57",1463.5,2,mraz1006
1679,16696999,"HD h Joratos","2026-09-03 00:44:58",1463.0,2,hdhjoratos
1680,16680524,Nealdarkdarkdark,"2026-08-26 15:13:50",1462.7,2,wklyb1
1681,16683813,WangQrkkk,"2026-08-17 06:54:07",1462.7,2,wangqrkkk
1682,16732763,"Raihan Ramadistra","2026-08-18 13:59:22",1462.5,1,raihanramadistra
1683,16737057,Wiz,"2026-08-24 03:15:13",1461.9,2,williamzhou001
1684,16685074,"Emir Can","2026-08-30 20:16:36",1461.6,2,aerospacer
1685,16625856,takai380,"2026-09-01 02:34:05",1461.4,2,takai380
1686,16658931,"somewhere after","2026-08-19 08:16:29",1461.2,2,amaterasuuuuu
1687,16632735,"No Free Lunch, Only Melons","2026-08-22 03:09:45",1461.1,2,kawaharataishi
1688,16707383,chizhu,"2026-08-19 13:40:03",1461.1,2,chizhu2018
1689,16757384,straw_Yu,"2026-09-02 02:37:45",1461.1,2,strawyu
1690,16658203,Lan_Sky,"2026-09-01 15:04:56",1460.6,2,lansky6
1691,16786013,sakarush,"2026-09-02 13:17:42",1460.4,2,sakarush
1692,16623580,matsu997,"2026-08-21 16:16:52",1459.4,2,mastu997
1693,16744842,juisajdiasd,"2026-08-30 04:51:42",1459.3,2,juisajdiasd
1694,16698576,monnu,"2026-08-19 05:55:01",1459.2,1,fuumin621
1695,16721070,LiuChen1350,"2026-08-26 05:30:30",1459.1,2,liuchen1350
1696,16639800,"Yong Ming-Jia","2026-08-21 11:23:07",1458.7,2,ymingj
1697,16777359,"Dmitriy Ulybin","2026-09-03 00:17:59",1458.5,2,dmitriyulybin
1698,16727191,"Alexander Kokshenin","2026-08-20 02:08:15",1457.6,2,kokshenin
1699,16685160,Yura,"2026-08-17 07:27:50",1457.2,2,yuratrubitsyn
1700,16744043,Take,"2026-08-23 14:17:27",1455.9,2,takeuchidaisuke2001
1701,16651804,"Bocen Li","2026-08-29 06:20:37",1455.8,2,bocenli
1702,16729691,YinuoChen271,"2026-08-17 15:42:51",1455.1,2,yinuochen271
1703,16745995,"Guido Tapia","2026-09-01 03:26:20",1454.8,2,guidotapia
1704,16748476,sam_the_rice_cake,"2026-09-01 07:28:54",1454.6,2,"hash548,wliilamsam"
1705,16694710,ponsuk,"2026-08-17 19:01:09",1454.4,2,ponsuk
1706,16636094,Hax2456,"2026-08-15 10:05:01",1453.9,2,hax2456
1707,16725081,ZhouYongqi,"2026-08-27 08:47:02",1453.6,2,xy0v0zhang
1708,16727842,"Iadh Jarray","2026-08-17 13:45:11",1453.5,2,iadhjarray
1709,16710389,GuerillaMoon,"2026-08-19 22:33:46",1453.4,2,guerillamoon
1710,16661784,"XU XUXIANG","2026-08-27 12:57:06",1453.0,2,"mikeaaaa14,xuxuxiang"
1711,16695242,"Utkarsh Prakash Srivastava","2026-08-25 19:22:39",1452.7,2,utkarshps
1712,16654373,thwaitsusa2,"2026-08-26 23:19:40",1452.4,2,thwaitsusa2
1713,16715579,Uvais,"2026-08-24 00:58:56",1452.2,2,joshuaedwinjacobv24f
1714,16768385,neibyr,"2026-09-03 01:19:40",1451.3,2,neibyr
1715,16647324,GG-bond,"2026-08-24 03:14:55",1451.3,2,wyhwyh123
1716,16697922,TingyuanLi277,"2026-08-21 03:39:03",1451.3,2,tingyuanli277
1717,16632164,"Tim Shini","2026-08-30 18:04:29",1450.4,2,timshini
1718,16709214,"Ariel Suntasig","2026-08-17 19:46:09",1450.3,2,arielsuntasig2001
1719,16635668,"Mirza Yasir Abdullah Baig","2026-08-21 14:13:17",1450.2,2,myab07
1720,16633222,maxingkong733,"2026-08-18 23:32:58",1449.7,2,maxingkong733
1721,16655379,Ikeda0516,"2026-08-27 08:52:18",1449.6,2,ikeda0516
1722,16741178,guruguru000,"2026-08-21 08:43:29",1449.5,2,guruguru000
1723,16621163,john,"2026-08-16 14:06:25",1449.5,2,jaejohn
1724,16723096,Shabuuu,"2026-09-01 18:44:54",1449.4,2,shabuuu
1725,16664232,"Eddy Despradel","2026-09-01 23:58:35",1447.4,2,eddydespradel
1726,16735066,"Saber #2","2026-09-02 17:00:51",1447.3,2,yzheng21
1727,16665927,"bhavya shah","2026-08-17 11:06:22",1447.1,2,bhavyashah007
1728,16735582,"Tumaini Makena","2026-08-18 06:01:09",1446.9,1,tumainimakena
1729,16721237,phoenixai0,"2026-08-19 06:22:13",1446.9,2,phoenixultra
1730,16630380,JM,"2026-08-27 00:39:05",1446.8,2,julianmukaj
1731,16742048,SuperGiantLam,"2026-08-25 02:08:17",1446.2,2,zptpsz
1732,16692923,"Pavel Kazlou","2026-08-31 16:10:22",1446.1,2,paulik
1733,16742439,"Shangshang Zhang","2026-08-19 10:40:01",1442.9,2,msvzss
1734,16719414,SahilKumarTolani,"2026-09-01 19:45:22",1442.7,2,sahilkumartolani
1735,16654548,DataSluts,"2026-08-28 07:00:12",1442.1,2,"rahulmedida,siddarthnayak50,sivasu07"
1736,16675655,TrebolNoir_,"2026-09-01 12:59:42",1442.1,2,trebolnoir
1737,16675807,cubreto,"2026-08-26 15:00:34",1442.1,2,cubreto
1738,16734492,Orynx,"2026-08-19 08:01:33",1442.0,2,"inderj1,jayveersingh6"
1739,16698930,MrKiwi,"2026-08-19 09:34:31",1442.0,2,mrkiwi
1740,16639796,rmizuta,"2026-08-28 15:07:43",1441.9,2,rmizuta
1741,16709304,"Aleksey SCHUKIN","2026-09-01 19:31:11",1441.8,2,alekseyschukin
1742,16655109,"Tia He","2026-08-14 19:58:44",1441.5,2,altheahe
1743,16699947,HKmgikao,"2026-08-22 05:24:13",1441.3,2,hitoshikmgai
1744,16721383,"Emon xu","2026-08-21 16:14:05",1441.1,2,emon0xuyym
1745,16690923,"Maqsoud Tawaliou","2026-08-23 20:52:18",1440.8,2,maqsoudtawaliou
1746,16724060,"Mạnh Linh Hoàng","2026-08-15 15:54:52",1440.7,2,manhlinh1501
1747,16725403,tabetai28,"2026-08-18 14:38:57",1440.6,2,taichiabewaseda
1748,16664762,"John Marinton","2026-08-25 12:10:10",1440.5,2,marintonjohn
1749,16724353,PrathamGupta,"2026-08-17 02:04:38",1440.4,2,prathamguptaaaaaaa
1750,16736685,kentaro_kato,"2026-08-24 00:36:31",1439.6,2,kentarokato
1751,16715187,maker2026,"2026-08-28 07:13:03",1439.6,2,maker2026
1752,16657276,"Пётр П","2026-09-03 00:08:11",1439.3,2,petrinvest
1753,16707990,Snorlax,"2026-08-25 01:32:23",1438.7,1,pku1400010735
1754,16696703,"Aleksei Churashev","2026-08-20 17:02:01",1438.4,2,alekseic
1755,16665336,"maoyuan ma","2026-08-18 11:41:09",1438.3,2,maoyuanma
1756,16730810,mgoto51004,"2026-08-23 02:46:30",1437.0,2,mgoto51004
1757,16701362,"Papa Annan","2026-08-20 21:26:39",1436.8,2,papaannan
1758,16732666,"Stefano Blando","2026-08-30 17:43:12",1436.6,2,stefanoblando
1759,16698439,"Pournami Prakash","2026-08-25 17:44:57",1436.2,2,pprakas
1760,16735075,"Ronchen Luo","2026-08-18 04:29:47",1436.1,2,ronchenluo
1761,16727147,"Alan Smith","2026-08-27 03:44:28",1435.9,2,acorncupcake
1762,16757903,"Om Singh","2026-08-27 07:05:06",1435.6,1,spoilyfrog
1763,16729054,"Shantanu Kesarkar","2026-08-27 05:50:23",1435.0,2,shantanukesarkar
1764,16653129,"Prashanth Reddy Biyyani","2026-08-20 13:53:37",1434.9,2,"prashanthbiyyani,shivagurrala,sumu1526"
1765,16671607,"Chanhyuk Han","2026-09-02 13:04:02",1434.7,2,chanhyukhan
1766,16727350,"T Hansda","2026-08-19 14:57:55",1434.7,2,hansda
1767,16657229,"Adam Li","2026-09-02 13:12:03",1434.1,2,lizhiiii
1768,16733576,"Ojas Aklecha","2026-08-17 18:34:02",1434.1,2,ojasaklecha
1769,16728901,dqvide,"2026-08-17 19:53:39",1434.0,2,dqvide
1770,16662810,HarshitSama,"2026-08-16 12:54:17",1433.0,2,harshitsama
1771,16670118,"Álvaro Benítez","2026-08-29 15:46:04",1432.7,2,lvarobentezlvarez
1772,16725346,sokoranohimazin,"2026-08-18 19:39:07",1432.5,2,sokoranohimazin
1773,16759813,tyf_scu,"2026-08-23 17:11:18",1432.0,2,tyfscu
1774,16634166,Yuki.O,"2026-08-19 01:38:42",1432.0,2,yukiohkawa
1775,16668430,"john inan","2026-08-17 18:44:07",1432.0,2,johninan
1776,16719006,bouiboui,"2026-08-20 18:55:02",1431.1,2,bouiboui
1777,16651833,"Hồ Khánh Duy","2026-08-14 17:52:23",1430.4,2,hkhnhduy
1778,16756557,"Marius Heuser","2026-08-24 21:41:31",1430.1,2,mariusheuser
1779,16660477,SeaGoat,"2026-09-02 00:01:49",1430.0,2,vbandaru
1780,16661622,"Ergin Akın","2026-08-20 16:45:19",1429.2,2,erginakin
1781,16687068,digiliwigili,"2026-08-22 12:49:07",1429.1,2,kukchyievervin
1782,16729372,"Gaspard Plt","2026-08-17 21:58:55",1428.8,2,gaspardplt
1783,16716991,XristosFilip,"2026-08-18 16:43:34",1428.7,2,xristosfilip
1784,16701868,AJ,"2026-08-24 23:56:36",1428.4,2,abduljabbarcalica
1785,16708624,"Aboubacar HEMA","2026-08-19 14:24:02",1428.1,2,"aboubacarhema,marcmare,wilfredkouadjo"
1786,16708185,XiaoYan12,"2026-08-30 15:57:47",1427.9,2,xiaoyan12
1787,16656931,pns,"2026-08-15 09:45:46",1427.4,2,"nikhilkasyap07,premsivasai,saranboddu"
1788,16730344,lvisdd,"2026-09-03 00:47:52",1427.2,2,lvisdd
1789,16671361,"Hangyu Yu","2026-08-15 13:46:57",1427.2,2,cqupthangyuyu
1790,16771677,"hedy huangyuheng","2026-08-27 02:13:28",1427.1,2,hedyhuangyuheng
1791,16621590,Yaroslav,"2026-09-03 01:13:46",1426.9,2,yaroslavrogoza
1792,16674683,"Ali Esam","2026-08-14 18:13:12",1426.8,2,zyxsu0
1793,16635818,F.A.Nina,"2026-08-16 20:15:06",1426.7,2,nina2025
1794,16730634,Priestess,"2026-08-21 14:10:31",1426.6,2,kalypheus
1795,16697458,"Lissandra Kruse Fuganti","2026-09-01 15:19:00",1426.0,2,lissandrakruse
1796,16639250,"Hamed Seyed-allaei","2026-08-21 19:11:09",1425.4,2,pinocchio
1797,16658474,huyimin517517,"2026-08-18 06:19:04",1425.0,2,"huyimin517517,touyouzhaji,wumingshi2006"
1798,16724801,Noir,"2026-09-03 00:11:46",1424.2,2,nuitnoir
1799,16653311,"Stanislav Tsepa","2026-09-01 23:50:06",1424.1,2,mrtsepa
1800,16623152,"agentic warriors","2026-08-21 08:59:44",1423.9,2,"ibadia,isabellawoo01"
1801,16654783,quantara.cv,"2026-08-29 07:26:16",1423.9,2,goth55
1802,16736404,¡olé!,"2026-08-19 03:30:32",1423.3,2,hjx1024
1803,16721079,"six seven swag","2026-08-23 09:08:28",1423.0,2,polinababiichuk
1804,16748559,GodofThunder2407,"2026-08-21 10:30:22",1422.7,2,godofthunder2407
1805,16653379,"Asakawa Ruriko","2026-08-30 00:31:08",1422.5,2,asakawaruriko
1806,16632291,"alex chilton","2026-08-31 12:18:09",1422.0,2,alexchilton
1807,16677945,"Quân Trần","2026-08-25 06:43:39",1421.8,2,wuntrn
1808,16663240,"Rilen T. L.","2026-08-18 13:45:46",1421.7,2,"jairosilvabastos,rilentl"
1809,16738278,yansf677,"2026-09-01 12:24:29",1421.6,2,yansf677
1810,16651402,"Mille Initiate","2026-08-31 04:04:11",1421.0,2,milleinitiate
1811,16638375,"Tran H Hoang","2026-08-14 17:01:27",1421.0,2,tranhhoang
1812,16670791,Hugelidus,"2026-08-25 03:43:18",1420.8,2,hugelidus
1813,16625241,"Mutoy Choi","2026-09-01 07:42:20",1420.5,2,mutoy1
1814,16739298,"ricardo assaad","2026-08-18 19:03:22",1420.5,2,ricardoassaad
1815,16727379,"Nicholas Chua","2026-08-20 16:28:44",1420.4,2,nickckb
1816,16664293,"Adam Lloyd","2026-08-17 07:09:50",1420.2,2,alloyd256
1817,16631595,CuteClaw,"2026-08-14 01:25:52",1419.9,2,bloodmoonwq
1818,16712134,cf696666,"2026-08-31 01:35:15",1419.7,2,cf33333
1819,16793261,Von_Feynman,"2026-08-30 13:35:43",1419.4,1,terrenceluo1017
1820,16668162,AlejandroAlvarez,"2026-08-26 12:31:45",1419.4,2,theworm
1821,16701612,Kiki,"2026-08-17 08:54:03",1419.3,2,rouiou
1822,16732685,Tanmay,"2026-08-23 18:16:07",1419.2,2,blankkz
1823,16690867,HowardLeeTW,"2026-08-15 09:14:17",1419.0,2,howardleetw
1824,16655500,"Zhao Liying","2026-08-16 02:50:53",1418.9,2,yeohzhonghanervin
1825,16765953,"Muhammad Ahmed","2026-08-26 13:46:48",1418.8,2,muhammad4hmed
1826,16644643,today,"2026-08-20 14:09:31",1418.5,2,today55
1827,16640077,larry54321zhao,"2026-08-25 16:20:29",1418.3,2,larry54321zhao
1828,16730462,"Xiang Tang","2026-08-28 15:11:51",1418.3,2,flyonthewater
1829,16655368,"Mohammed Maqsood L","2026-08-19 10:40:17",1418.2,2,mohammedmaqsoodl
1830,16771277,zhaowenyi7,"2026-08-31 09:18:04",1417.8,2,zhaowenyi7
1831,16750344,Vaasu0501,"2026-08-28 16:49:39",1417.7,2,vaasu0501
1832,16693934,evnchn,"2026-08-23 15:41:50",1417.6,2,evnchn
1833,16695615,Celinao,"2026-08-14 08:02:47",1417.5,2,celinao
1834,16659614,"Heikki Leskelä","2026-08-22 16:35:42",1417.1,2,heikkileskela
1835,16744355,"Sameera T","2026-08-22 10:13:47",1417.1,2,sameeramaq
1836,16672199,Vachan,"2026-08-20 07:33:48",1416.8,2,vachanpadival
1837,16660250,Moshel,"2026-08-24 12:36:19",1416.7,2,moshel
1838,16699745,"Norbert Szolnoki","2026-08-18 11:39:55",1416.7,2,norbertszolnoki
1839,16764422,"ong bee","2026-08-28 06:07:55",1416.7,2,ongbee
1840,16667324,"Muhammed selim Bilic","2026-08-26 17:02:17",1416.6,2,muhammedselimbilic
1841,16741516,"Anh Tu","2026-08-28 05:10:34",1416.2,2,natcs98
1842,16716012,LaiCxm,"2026-09-02 01:11:05",1416.1,2,laicxm
1843,16666939,20237208_黄奕恺,"2026-08-22 12:53:27",1416.1,2,mrhuangyy
1844,16634128,ZechHuang,"2026-08-20 05:07:33",1415.6,2,zechhuang
1845,16623370,kenmatsu4,"2026-08-14 09:03:08",1415.4,2,kenmatsu4
1846,16702691,"Zengyi Mei","2026-08-28 17:01:51",1415.2,2,sfkmzy
1847,16660041,"Hoàng Quốc Việt ","2026-08-27 10:39:10",1414.9,2,viethwang3i
1848,16698214,Juandix,"2026-08-18 03:35:51",1414.5,2,juandix
1849,16644702,cracker_1_war,"2026-08-23 18:26:39",1414.4,2,cracker1war
1850,16671694,evananann,"2026-08-19 07:46:36",1414.1,2,evananann
1851,16759625,gkg223,"2026-08-23 19:00:17",1414.0,2,gkg223
1852,16667734,SuroRitch,"2026-08-15 16:23:52",1414.0,2,suroritch
1853,16622242,"Robert Koval","2026-08-15 07:02:17",1414.0,2,robertkoval
1854,16623445,"Hasin Raihan Dhrubo","2026-08-16 09:28:12",1413.9,1,hasinraihandhrubo
1855,16643125,"CARLOS CAADA ROSTRO","2026-08-21 19:23:34",1413.4,2,carloscaadarostro
1856,16621294,dpquoc,"2026-08-31 04:22:00",1413.0,2,dpquoc
1857,16678172,"Eishkaran Singh","2026-08-19 19:12:02",1412.8,2,eishkaran
1858,16710661,"Pengyi Peng1","2026-08-22 02:06:40",1412.6,2,pengyipeng1
1859,16674831,"nk for work","2026-08-29 02:31:21",1412.4,2,nkforwork
1860,16760295,"Luke Hurt","2026-08-24 01:03:42",1412.3,2,lukehurt
1861,16693942,"Lisan al-Gaib","2026-08-31 12:31:42",1412.1,2,azrihasin
1862,16653890,YUKRUB,"2026-08-20 07:37:27",1411.8,2,yukrub
1863,16719100,"Abhiraj Singh","2026-08-14 12:02:33",1411.8,2,cyberdrago
1864,16629624,"Sayandeep Ghosh","2026-09-02 19:57:53",1411.7,2,sayandeepghosh
1865,16745294,"Ahmed Ehab Fathi","2026-08-20 17:15:31",1411.2,2,ahmedehabfathi
1866,16697891,KuziJA,"2026-08-20 20:35:43",1411.1,2,kuzija
1867,16710141,htatsumi,"2026-08-15 01:07:11",1410.9,1,tatsumihasebe
1868,16690113,m0chi1216,"2026-08-16 15:07:24",1410.8,2,m0chi1216
1869,16697936,"Sami Cakiral","2026-08-15 19:43:40",1410.3,2,samicakiral
1870,16722112,nyori,"2026-08-18 10:35:38",1409.6,2,nyoriworks
1871,16714902,HunterBlue,"2026-08-13 18:54:47",1409.5,2,marianacodebase
1872,16686583,techtech69,"2026-08-22 16:19:05",1409.5,2,techtech69
1873,16682471,Soumya2003,"2026-08-25 17:58:29",1409.0,2,soumya2003uyvv755
1874,16757689,YanXiaohan666,"2026-09-01 15:57:45",1408.1,2,yanxiaohan666
1875,16678346,"Farhan Abid","2026-08-16 08:41:15",1407.9,2,farhanabidtech786
1876,16621219,"Inna Campo","2026-08-15 09:08:23",1407.9,2,innacampo
1877,16659210,HASHP100D,"2026-09-01 03:52:29",1407.8,2,hashp100d
1878,16659711,williams,"2026-08-31 16:37:57",1407.8,2,williams
1879,16659972,"Pelamovic ","2026-08-25 18:03:34",1407.7,2,pelamovic
1880,16658150,Gravity-x73d,"2026-08-17 09:16:29",1407.6,2,gravityx73d
1881,16709295,"Isaac Owomugisha","2026-08-20 16:22:52",1407.3,2,cmplxxyttmt
1882,16737561,"Raj Aryan Singh","2026-08-18 11:50:54",1407.1,2,kratos14raj
1883,16680967,Tyooughtul,"2026-08-16 00:58:06",1407.0,2,yooughtul
1884,16698884,VVVoyager,"2026-08-14 03:55:10",1406.8,2,"haoxuanshan,hengnui"
1885,16662940,"The Coder Geek Squad Leader","2026-08-17 09:23:58",1406.7,2,soulemaneisissifou
1886,16781170,"Ulugbek Salohiddinov","2026-08-28 02:38:15",1406.6,2,ulugbeksalohiddinov
1887,16712943,"Cesar Marcondes","2026-09-02 13:03:59",1406.1,2,cmarcond
1888,16749347,Shibungi,"2026-09-01 06:52:21",1406.1,2,shibungi
1889,16666301,"James Felipe","2026-09-01 04:14:58",1405.9,2,jamesfelipe
1890,16641893,"Kashyapsinh gohil","2026-08-15 16:10:05",1405.4,2,kashyapsinhgohil
1891,16683488,"Ripudaman Parmar","2026-08-23 12:06:07",1404.9,2,"ktkgpt,ripudamanparmar"
1892,16708226,asi1024,"2026-08-16 13:14:53",1404.9,2,asi1024
1893,16720088,"Oiti Roy","2026-08-14 06:26:04",1404.4,1,oitiroy
1894,16660735,"Bassel Elbahnasy","2026-09-02 21:01:51",1404.2,2,basselashraf
1895,16705499,byncpy,"2026-08-17 17:18:47",1404.2,1,jinliangbi
1896,16664120,SaiDuttaAbhishekDash,"2026-08-21 20:30:01",1403.9,2,saiduttaabhishekdash
1897,16656296,Fususu,"2026-08-25 03:03:04",1403.7,2,phuongncn
1898,16701897,"Alejandro Lavandeira Casais","2026-08-14 12:56:12",1403.3,2,alejandrolavandeira
1899,16713127,Felis,"2026-08-25 20:07:16",1403.2,2,ilyaafanasenko
1900,16656584,Spintronic,"2026-08-19 15:24:17",1402.9,2,spintronic
1901,16717756,Dominick,"2026-09-02 15:29:00",1402.8,2,kcinimod
1902,16759652,Fnoa,"2026-08-23 12:26:39",1402.6,2,trasibulo
1903,16683865,Shin7jp,"2026-08-14 09:51:13",1402.5,2,shin7jp
1904,16729421,Oblivix,"2026-09-02 04:16:25",1402.4,2,"aradhyatiwariii,oblivix"
1905,16724262,"Obu obu","2026-08-15 10:48:05",1402.4,2,obuobu
1906,16727090,"Deep Blue Pasture","2026-08-17 02:28:34",1402.2,2,shamanah
1907,16663590,"Jakub Dolének","2026-08-13 13:08:32",1402.1,2,dolenek
1908,16660840,"An Garcia","2026-09-03 00:51:20",1402.1,2,angarcia
1909,16633096,anvai_agents,"2026-08-20 05:50:45",1402.0,2,"anandgaikwad7781,vaidehidhamnikar"
1910,16722818,"Mukesh R","2026-08-16 13:07:44",1402.0,2,mukeshr06
1911,16722120,nekoha,"2026-08-15 15:01:16",1401.4,2,nekoha
1912,16678872,ibrahim,"2026-08-17 19:30:32",1400.7,2,skyfish77
1913,16635969,"Omkar Kadam","2026-08-31 15:22:20",1399.9,2,"itzzomkar,khanayanayub,princypaonam"
1914,16621683,Shivangoudaa,"2026-08-26 11:45:55",1399.6,2,ishivapatil
1915,16748421,lulzx,"2026-08-20 17:52:11",1399.6,2,lulzxy
1916,16731432,sieradni,"2026-09-01 06:12:00",1399.6,2,sieradni
1917,16635317,"KAKA Minishijie","2026-08-26 04:36:55",1399.4,2,kakaminishijie
1918,16656399,CROW,"2026-08-14 04:59:30",1399.2,2,"aaayangxh,hanifnoerrofiq"
1919,16658554,Pai,"2026-08-31 07:45:14",1399.0,2,rajathrpai
1920,16721453,"Random Mambo","2026-09-01 09:41:19",1398.7,2,beaten67
1921,16682306,岸本湧士郎,"2026-08-31 01:59:46",1398.6,2,yushiro20021111
1922,16691830,"Nikita Lugovoy","2026-08-15 03:39:17",1398.6,2,nikital7
1923,16715628,Dian,"2026-08-17 01:57:33",1398.5,2,clas233
1924,16719238,"Rômulo Siqueira","2026-08-20 00:15:16",1398.0,2,romulosiqueira
1925,16664860,ANUJPUROHIT18,"2026-09-01 05:03:07",1397.6,2,anujpurohit05
1926,16729488,"Bala vighnesh Reddy","2026-08-26 07:35:49",1397.5,2,balavighneshreddy
1927,16663851,"Harshith revuru","2026-08-21 22:15:33",1397.4,2,harshithrevuru
1928,16716698,gisgisgis,"2026-08-15 05:35:47",1396.8,2,gisgisgis
1929,16652764,hikahika,"2026-08-16 00:35:31",1396.6,2,naganohikaru
1930,16658345,Ficu∞$,"2026-08-28 08:43:18",1396.2,2,mikeintokyo
1931,16634246,just_calculate,"2026-08-20 08:22:38",1396.2,2,justcalculate
1932,16670524,"Nat Bel ML Fun","2026-09-02 22:48:16",1396.0,2,natbel4ml
1933,16730180,zshandy,"2026-08-19 22:29:48",1396.0,2,zshandy
1934,16682892,"Alvaro Llamojha","2026-09-02 19:40:04",1395.2,2,alvarollamojha
1935,16713178,Funno,"2026-08-19 17:32:54",1395.1,2,yes711
1936,16726232,"sayed rafi","2026-08-18 21:13:00",1394.8,2,sayedrafi
1937,16774237,"Dennis SH Lai","2026-08-30 17:21:31",1394.7,2,dshihlai
1938,16632006,"Adwait Tagalpallewar","2026-08-16 08:44:12",1393.3,2,adwaittagalpallewar
1939,16672530,GUGUGAGA,"2026-08-14 04:33:54",1392.9,2,"ruiyangzhang23,taoguo079"
1940,16622367,mg,"2026-08-23 17:49:21",1392.9,2,"egorkashpar,sashaboriskin,smooky"
1941,16761875,eugenn,"2026-09-02 17:10:30",1392.7,2,eugennekhai
1942,16687596,AjPrem,"2026-08-21 02:37:39",1392.3,2,"ajprem,jefferysingh,neelcasula"
1943,16623408,shiggriculture,"2026-09-03 01:04:28",1392.2,2,shimishige
1944,16713743,oliver,"2026-08-22 16:48:18",1391.9,2,ollibolli
1945,16682885,风沙星辰,"2026-08-23 03:28:27",1390.5,2,"duoliya,linyeping,sereinovov,wangying2026"
1946,16691987,0xalgos,"2026-08-17 09:35:28",1390.0,2,anandvashishtha5362
1947,16665125,"David Schindler15","2026-08-14 04:58:39",1389.9,2,"davidschindler15,mz3207"
1948,16675777,"Ml BOY","2026-09-02 17:45:23",1389.7,2,mlboy1
1949,16688313,"Gnosys Labs","2026-08-30 00:29:34",1389.3,2,gnosyslabs
1950,16672033,"Mohan Prasath P","2026-08-21 10:08:16",1389.2,2,mohanprasath21
1951,16669643,"Athenix Kaggriculture","2026-08-24 18:23:54",1389.1,2,sdafdsfsdfgdsg
1952,16726071,"PDF ULTRA","2026-08-20 19:36:33",1388.9,2,"alengevorgyan,gab0yan"
1953,16727019,uitsnf,"2026-08-23 15:45:22",1388.8,2,uitsnf
1954,16682557,"Soumalya Mandal","2026-08-14 14:57:29",1387.4,2,mrcyberhunter
1955,16634093,gezi,"2026-08-27 12:56:56",1386.2,2,goldenlock
1956,16691976,"Harini Panigrahi","2026-08-14 16:57:32",1385.5,1,harinipanigrahi
1957,16668069,jackhsia,"2026-08-23 15:56:13",1385.4,2,jackhsia
1958,16774141,Evelyn3976,"2026-08-31 01:13:23",1385.3,2,evelyn3976
1959,16623226,"Hafida Belayd","2026-08-28 12:41:48",1385.2,2,hafidabelayd
1960,16750477,"Tapabrata Biswas","2026-08-25 13:11:13",1384.7,2,"dumbakaash,ishanhira"
1961,16657228,"Vladimir Babin","2026-08-30 02:28:50",1384.7,2,vovababin
1962,16758709,dk07dk,"2026-08-26 08:45:35",1384.1,2,dk07dk
1963,16694091,"Nan Leng","2026-08-23 07:41:41",1383.8,2,nleng66ca
1964,16655766,前衛,"2026-08-15 00:17:53",1383.8,2,"atharvranjan,shreyasgandhe,siddharth9077"
1965,16724947,teacherli0,"2026-08-16 03:09:09",1382.5,2,teacherli0
1966,16721947,groots,"2026-08-16 06:32:40",1381.8,2,muhammadismail433
1967,16713155,AdarshAleti,"2026-08-18 05:39:57",1381.8,2,adarsh1077
1968,16623836,awarse,"2026-08-14 06:00:45",1381.1,2,awarse
1969,16770648,"Yoshitaka Nozaki","2026-08-26 00:38:06",1380.9,1,yoshitakanozaki
1970,16709339,"Mohammad Javad Dianat","2026-09-02 20:39:25",1380.7,2,dianatofficial
1971,16664759,OrGanAIc,"2026-08-14 22:58:18",1380.2,2,arghyaranjandas
1972,16679443,albu,"2026-08-15 19:22:12",1380.1,2,albuslaev
1973,16657803,"Arya Mazloomi","2026-08-14 00:17:11",1379.9,2,aryamazloomi
1974,16630315,janson,"2026-08-19 10:54:37",1379.5,2,johnjanson
1975,16709246,"Tariku Mehdi","2026-09-03 00:25:56",1379.0,2,tarikumehdi
1976,16723941,teraSurfer40141,"2026-08-16 01:16:49",1377.7,2,r00tt00r
1977,16696561,"Ali Ramazanov","2026-09-02 06:12:30",1377.6,2,aliramazanov
1978,16656519,"Chris Laska","2026-08-25 19:45:39",1377.4,2,chrislaska
1979,16669897,"Tahsan Ferdous","2026-08-14 19:30:09",1377.4,2,tahsanferdous
1980,16634238,SoWwe,"2026-08-29 18:17:46",1377.2,2,sowwe4
1981,16622531,"musya lyusya team","2026-08-19 11:22:46",1377.2,2,vswz2nqp
1982,16743528,JunWenZhu_1314,"2026-09-02 23:36:09",1376.7,2,junwenzhu1314
1983,16712459,松原琉喜,"2026-08-14 14:54:47",1376.5,2,ryuki12kyo
1984,16676904,researchstudio.site,"2026-09-01 02:40:44",1376.3,2,fistyee
1985,16667787,"Daryl Brach","2026-08-17 09:41:51",1376.1,2,dbrach
1986,16801797,Tv,"2026-09-02 14:04:08",1375.6,2,linyeah
1987,16717792,han10086,"2026-08-13 15:05:21",1375.6,2,han10086
1988,16663818,"Mike Mordetsky","2026-08-18 11:49:58",1374.8,2,mikemordetsky
1989,16736838,アナコンダ,"2026-08-24 08:29:45",1374.5,2,"ei1333,unosss"
1990,16652912,"Kyle Ellard","2026-09-02 15:28:17",1374.4,2,kyleellard
1991,16649313,"Jiajun HAN","2026-08-14 07:13:57",1374.3,2,jiajun1
1992,16632444,"Issac “Izreal” Davis","2026-08-13 20:42:03",1374.2,2,issacizrealdavis
1993,16661034,"Devesh Mehta","2026-08-30 23:55:02",1373.9,2,deveshmehtaaie
1994,16734667,sadanamaru,"2026-09-02 17:23:12",1373.8,2,sadanamaru
1995,16718745,"Vishwamitra Mishra","2026-09-02 00:23:18",1373.7,2,vishwa007
1996,16671767,Kaileh57,"2026-09-03 00:56:22",1373.5,2,kaileh57
1997,16661509,JSON_Voorhees,"2026-09-03 00:14:35",1373.5,2,michaelgreenhut
1998,16765601,"Dinesh Makireddy 7389","2026-08-31 04:30:54",1373.2,2,dineshmakireddy7389
1999,16722986,"Abhiram 9803","2026-08-15 18:43:09",1373.1,2,abhiram9803
2000,16759037,Yuyannnn,"2026-08-29 15:36:43",1372.6,2,yuyannnn
2001,16671738,Exposed,"2026-08-22 07:02:02",1372.3,2,erickeller2
2002,16655335,Justus,"2026-08-19 14:18:38",1371.4,2,justus0
2003,16694138,Alex,"2026-09-01 18:56:13",1371.3,2,alex789
2004,16703300,"Fahd EL ANSARI","2026-08-15 23:47:17",1370.8,2,fahdelansari
2005,16705176,"Ruslan Raupov","2026-08-20 09:10:24",1370.6,2,ruslanraupoff
2006,16718572,MLarpers,"2026-08-22 14:06:48",1370.2,2,"koteikachannel,mrhornetik"
2007,16664164,"Elzandi Irfan Zikra","2026-08-15 15:53:21",1370.0,2,"dyahayuretnoningsih2,zangetsufuin"
2008,16714162,MarvinTMB,"2026-09-01 05:45:37",1369.8,2,marvintmb
2009,16666054,Ani,"2026-08-28 04:10:27",1369.7,2,anirudhk333
2010,16785505,"Rishiraj Acharya","2026-08-29 03:10:09",1368.9,1,rishirajacharya
2011,16739939,crescent_star,"2026-08-24 15:50:25",1368.3,2,cenzop
2012,16666884,"Antonio Stanciu","2026-08-15 14:33:52",1368.3,2,stanciuantonio
2013,16667998,Speril,"2026-08-16 09:13:41",1368.1,2,speril
2014,16685850,K,"2026-08-14 06:37:41",1367.3,2,kolci017
2015,16764476,daviddnd,"2026-08-31 15:11:13",1367.0,2,daviddnd
2016,16719083,"Justin Mai 16","2026-08-24 06:06:16",1366.9,2,justinmai16
2017,16644877,lu_fish,"2026-08-16 14:13:53",1366.6,2,thefish114514
2018,16691702,kss,"2026-08-13 19:30:20",1365.5,2,l0glikelihood
2019,16710421,SZ_00_zyz,"2026-08-20 02:54:53",1365.4,2,sz00zyz
2020,16724795,yangqi1234,"2026-08-23 08:26:23",1365.4,2,yangqi1234
2021,16628295,qwertykeypadapple,"2026-08-13 19:05:04",1364.9,2,qwertykeypadapple
2022,16761593,"stsa asts","2026-09-02 19:16:22",1364.7,2,stsaasts
2023,16707598,Kamazarashi,"2026-08-18 05:40:15",1364.7,2,kamazarashi
2024,16676034,"Songyot P","2026-08-18 15:56:07",1364.6,2,songyotpi
2025,16621355,Raiden.B,"2026-08-12 05:49:42",1364.6,2,raidenb
2026,16688130,"Lujia Liang","2026-08-24 09:15:27",1364.2,2,lujialiang123
2027,16743790,"yuji y","2026-08-28 10:53:06",1363.9,2,yujiyyy
2028,16728571,hasibirok0,"2026-09-02 13:06:51",1363.8,2,hasibirok0
2029,16624896,"Akmal Azzam o'g'li","2026-08-18 06:03:51",1362.1,1,akmalmir
2030,16670755,"Amine zeDDouk","2026-08-18 09:37:41",1359.3,2,aminezeddouk
2031,16749352,"Ian Virchenko","2026-08-25 17:36:35",1358.5,2,yvainr
2032,16794207,AlekseiProvorov,"2026-08-31 09:59:52",1358.0,2,leoprovorov
2033,16697689,"Pavel Pakhmutov","2026-08-12 23:11:23",1357.8,2,pavelpakhmutov
2034,16671588,Keisuke,"2026-08-26 20:02:19",1357.2,2,keisukeueda
2035,16807038,mitsuki,"2026-09-02 08:06:26",1357.2,2,mk00000
2036,16634691,bot-farmer,"2026-08-19 06:16:19",1356.6,2,shauryam25
2037,16711725,meatori-nu,"2026-08-16 19:28:03",1356.6,2,meatorinu
2038,16725354,"Swaroop piduguralla","2026-08-19 14:23:28",1356.2,2,pnsaimanitejaswaroop
2039,16669494,"Abdullah Razi","2026-08-20 17:41:24",1355.9,2,abdullahroninrazi
2040,16655179,"I Need an Internship","2026-08-15 02:39:23",1355.5,2,dimasibnumuthi
2041,16697223,"Azizii Gill","2026-08-29 20:38:00",1355.4,2,aziziigill
2042,16655688,"Ryan Shan","2026-08-13 02:43:38",1355.1,2,codegold
2043,16751140,onick_man,"2026-08-31 19:42:43",1355.0,2,ftakahas
2044,16665237,"get some fries","2026-09-03 00:56:43",1355.0,2,"rainchen0411,richardsilence,tongyuexiao"
2045,16668788,ConnieCodes,"2026-08-17 13:40:25",1354.8,2,conniecodes
2046,16726431,Manav,"2026-08-16 17:51:03",1354.7,2,manavsangwan
2047,16792927,EnricRovira,"2026-09-02 22:19:03",1354.5,2,enric1296
2048,16796544,"Xiaonan FU","2026-09-02 08:23:49",1354.0,2,xiaonanfu999
2049,16698256,Mint,"2026-08-17 18:39:08",1353.8,2,rorandangerous
2050,16655263,rishavsaigal,"2026-08-29 17:52:32",1352.9,2,rishavsaigal
2051,16634143,"manual player","2026-08-14 00:41:13",1352.9,2,prospal
2052,16735125,mtskggle,"2026-08-22 04:50:43",1352.8,2,matsusakaggle
2053,16666018,"H vv sathwik","2026-08-26 06:49:10",1351.7,2,hvvsathwik
2054,16778410,"uriel villegas govea","2026-08-28 00:25:47",1351.6,2,urielvillegasgovea
2055,16728723,"Ronith Rashmikara","2026-08-18 03:28:52",1350.0,2,ronithrr
2056,16675088,"Andrei Chulkov","2026-08-15 19:43:12",1349.5,2,andreichulkov
2057,16722902,"Grigorii IU","2026-08-22 01:54:09",1349.5,2,grigorii220
2058,16658777,"Jiarui (Jerry) Cao","2026-08-15 03:44:07",1348.8,2,jiaruicao7
2059,16698069,k_4821,"2026-08-12 06:43:09",1347.8,2,edgarondoodevilclub
2060,16671424,cicen1139,"2026-08-22 09:37:51",1347.7,2,cicen1139
2061,16786092,Shiru2,"2026-08-29 02:15:44",1347.0,2,shiru2
2062,16640368,"Nkosi Ndwandwe","2026-08-22 05:40:06",1346.7,2,nkosindwandwe
2063,16678618,"Manu Nicholas Jacob","2026-08-23 23:03:35",1346.6,2,manunicholasjacob
2064,16729828,spunkrock,"2026-08-16 20:08:06",1346.3,1,spunkrock
2065,16691524,"Martim Nascimento","2026-09-02 02:25:53",1346.1,2,martimnascimento
2066,16803103,hugghngkai,"2026-09-02 09:38:14",1344.5,2,hugghngkai
2067,16740320,NguyenAn27,"2026-08-20 00:46:32",1344.2,2,nguyenan27
2068,16657610,"H Bharath","2026-08-31 18:54:57",1343.7,2,hbharath
2069,16775473,LuanHengYu,"2026-08-31 04:20:45",1343.5,2,apexml
2070,16685556,binghua_123,"2026-09-02 12:05:50",1343.4,2,binghua123
2071,16696631,"saya akan lawan!","2026-08-21 18:42:23",1343.0,2,nurhadibudhy
2072,16655305,"Junior Sohou","2026-08-14 00:15:42",1342.9,2,juniorsohou
2073,16621407,Kh0a,"2026-08-27 11:25:28",1342.4,1,llkh0a
2074,16716930,"Direc M","2026-08-31 04:54:06",1342.1,2,direcm
2075,16738895,SangGold,"2026-08-18 15:48:23",1342.1,1,sanggold
2076,16692851,ichnixhelle,"2026-08-12 22:20:24",1342.1,2,ichnixhelle
2077,16735238,DHKim0324,"2026-08-25 08:49:34",1342.0,2,dhkim0324
2078,16719090,CHSTO,"2026-08-16 23:43:52",1342.0,1,haotianqi
2079,16730334,EUGENEYEUNG,"2026-08-22 13:03:33",1341.6,2,eugeneyeung
2080,16770149,rikutokuwayama,"2026-08-27 10:40:56",1341.1,2,rikutokuwayama
2081,16658081,ando,"2026-08-20 01:52:23",1341.1,2,andoshunsuke
2082,16748246,"Eric S","2026-08-26 12:50:54",1340.5,2,ericsangberg
2083,16743737,"Joanna C.","2026-08-20 23:07:09",1339.4,2,joannaciesielski
2084,16786603,"Shutong Hou","2026-09-02 05:39:04",1339.3,2,praxel123
2085,16696983,"JKM Ventures","2026-08-17 22:58:03",1338.4,2,jeffreydrew
2086,16726948,Stitch,"2026-08-29 03:58:50",1338.4,2,mitsuaccessjam
2087,16634650,UnfriendlyAI,"2026-08-24 11:44:47",1338.1,2,unfriendlyai
2088,16674479,"Alan Rosston","2026-08-14 08:20:49",1337.6,2,alanrosston
2089,16726115,helloworld311,"2026-08-17 05:52:20",1336.9,2,helloworld311
2090,16658618,"philip georgiev","2026-08-29 21:47:04",1336.2,2,philipgeorgiev
2091,16661304,"Jonathan Roy","2026-09-02 22:55:08",1336.2,2,jonathanroy7
2092,16659123,sd,"2026-08-18 17:46:56",1335.5,2,siddharthadevkota
2093,16656948,"alexander kern","2026-08-24 18:02:17",1335.0,2,alexanderkern
2094,16663969,"Aarush Kute","2026-08-19 22:06:48",1335.0,2,aarushkute
2095,16715024,"Ömer Özbek","2026-08-22 13:50:34",1334.6,2,omerozb
2096,16775412,"moo moo","2026-08-30 15:18:26",1334.6,2,"amrof122,yassinamr11"
2097,16681893,morality0707,"2026-08-31 06:50:24",1334.2,2,morality0707
2098,16640264,DhanaLakshmiMalla,"2026-08-21 09:38:58",1333.8,2,dhanalakshmimalla
2099,16654791,"Dev Rath","2026-09-02 12:52:27",1333.4,2,devbratrath
2100,16721259,Qsj,"2026-08-28 09:20:10",1333.3,2,qiaoshiji
2101,16769866,"Suzuki Riki","2026-08-25 12:11:09",1332.9,2,suzukiriki
2102,16725242,chinchilla,"2026-08-19 10:53:07",1332.9,2,tgwstr
2103,16624303,seven,"2026-08-31 05:21:16",1332.7,2,morikawatakeshi
2104,16723988,yuyinghuang,"2026-09-01 23:51:29",1332.4,2,yuyinghuang
2105,16723132,Bridgeport,"2026-08-21 20:25:32",1332.3,2,bridgeport
2106,16738825,RishabhSpark,"2026-08-28 05:11:27",1332.1,2,rishabhspark
2107,16763418,overwhelmer,"2026-08-25 08:22:55",1332.1,2,overwhelmer
2108,16728272,"Daris Dzakwan Hoesien","2026-08-16 10:48:22",1332.1,1,darisdzakwanhoesien2
2109,16766401,"Gobi Elangovan","2026-09-02 17:16:14",1331.4,2,gobielangovan
2110,16766640,watana,"2026-08-30 07:55:08",1331.3,2,yukiwat
2111,16730903,noynkmr,"2026-08-25 05:47:01",1331.1,1,noynkmr
2112,16700995,"Maram Ali","2026-08-15 09:13:15",1331.0,2,msama01
2113,16700204,"ZHOU HONGYI","2026-08-21 12:47:28",1330.7,2,zhouhyz
2114,16726545,whm8016,"2026-09-02 14:13:54",1330.7,2,whm8016
2115,16651623,"Sarvesh Talele","2026-08-28 05:18:58",1329.6,2,sarveshtalele
2116,16774228,"Anggit Maulana Abdi","2026-08-28 14:37:01",1329.3,2,anggitmaulanaabdi
2117,16639230,Rylan,"2026-08-15 13:15:45",1329.0,2,"liuruihan333,wangxiaodundun"
2118,16770715,"Vicens Gaitan","2026-09-01 16:11:46",1328.9,2,vicensgaitan
2119,16630331,"Mohamed El-Nageeb","2026-09-03 01:19:22",1328.9,2,thelastsmilodon
2120,16661423,"Rishavendra Sharma","2026-08-31 08:38:23",1328.7,2,rishavendrasharma
2121,16693272,ush,"2026-08-16 12:44:31",1328.7,2,kusuha
2122,16664334,"Satishvaran Ragu","2026-08-28 03:07:19",1328.5,2,satishvaranragu
2123,16650372,Greed,"2026-08-12 17:18:47",1328.1,2,greedshen
2124,16671940,LJazya,"2026-09-02 06:10:00",1327.7,2,jihanelek
2125,16668998,WarRusher,"2026-09-02 23:43:55",1327.1,2,warrusher
2126,16649314,"Yuka,Ota","2026-08-17 03:42:23",1326.8,2,yukaika
2127,16673881,"Sebastian Johansson","2026-08-27 08:39:07",1326.3,2,sebbejohansson
2128,16725642,"Arav Sharma","2026-08-17 03:51:14",1326.0,2,aravsharma26
2129,16723955,chunsuri,"2026-09-03 01:10:53",1325.9,2,chunsuri
2130,16675704,reeemii,"2026-08-26 08:51:15",1325.4,2,reeemii
2131,16778206,yuanlao153,"2026-08-28 15:00:04",1325.3,2,yuanlao153
2132,16658290,rrishavrraj,"2026-08-22 11:00:34",1325.3,2,"rrishavrraj,shubhamkumar9812"
2133,16658409,AlexMasip,"2026-09-01 14:37:26",1325.0,2,alexmasip
2134,16743741,Arooran,"2026-08-24 13:37:47",1324.8,2,arooransivakarunai
2135,16701969,旧楚狂人,"2026-08-15 14:20:59",1324.6,2,jiuchukuangren
2136,16633179,infamemconculcemus,"2026-09-02 07:32:27",1323.1,2,jcgweb
2137,16691012,"Sanzhar Almasuly","2026-08-29 07:28:34",1323.0,2,sanzharalmasuly
2138,16664761,"Udit Jain #2","2026-08-19 14:15:29",1322.8,2,iamudit
2139,16678462,"Eric Han Wang","2026-09-03 00:58:51",1322.7,2,ericwang03
2140,16651257,PursueML,"2026-09-02 16:26:41",1322.6,2,pursueml
2141,16671504,Agentmaster,"2026-08-28 06:33:07",1322.2,2,"kinjaza,shawnno"
2142,16677832,"Maryam Tahir","2026-08-25 15:07:42",1322.1,2,maryamtahir09
2143,16761652,"Dhruv #2","2026-09-02 12:37:22",1321.9,2,dhruvrama
2144,16728460,oh-Artistburger-AHA-TastyMeat!,"2026-08-16 11:54:46",1321.1,1,akikukeo1
2145,16735102,"Zhiqi Liu","2026-08-31 02:57:12",1320.6,2,crazyqiqi
2146,16693557,"Ifeoluwa Adewumi","2026-08-19 17:00:37",1320.5,2,ifeadewumi
2147,16675512,Corgi-Samoyed,"2026-09-02 13:31:10",1320.2,2,corgisamoyed
2148,16669089,YujieXing10,"2026-09-02 13:59:41",1319.9,2,yujiexing10
2149,16688153,"Panchajanya Banerjee (Pancham)","2026-08-16 20:28:27",1319.9,2,delayedkarma
2150,16756415,"Mihai Balan","2026-08-31 06:39:25",1319.6,2,mihaibalan
2151,16731836,"Theo Venturian","2026-09-01 21:33:41",1319.6,2,theodorraulventurian
2152,16655582,"Yang Jinneng","2026-08-29 13:01:07",1319.0,2,adurey
2153,16656340,InfiHeart,"2026-08-17 10:02:11",1319.0,1,infiheart
2154,16622939,"Kamal Das","2026-08-27 12:47:13",1318.4,2,kmldas
2155,16672653,Cultuurstelsel,"2026-08-13 16:59:47",1318.1,2,ryuorlandotamin
2156,16665596,chunhu666,"2026-08-30 07:05:40",1318.0,2,chunhu666
2157,16671821,donglee,"2026-08-13 09:13:09",1317.9,1,dongleeovo
2158,16770282,colt,"2026-08-25 09:55:29",1317.8,1,xiaomaguo
2159,16714058,"Ahmet Erdem Pamuk","2026-08-12 18:59:18",1317.5,2,ahmeterdempamuk
2160,16740103,Adjakou,"2026-08-24 07:31:02",1317.5,2,adjakou
2161,16802578,Yuuki4543,"2026-09-02 16:17:09",1317.1,2,yuuki4543
2162,16689447,"Ivan Berrutto","2026-08-13 04:14:38",1317.0,2,ivanberrutto
2163,16663229,kakuteki,"2026-08-28 04:08:43",1316.8,2,kakuteki
2164,16732879,daulettoibazar,"2026-09-03 01:21:54",1316.7,2,daulettoibazar
2165,16672168,"Justin Rutkowski","2026-08-14 17:34:37",1316.6,2,justinrutkowski
2166,16695093,"Ryota Murai","2026-08-27 15:28:04",1316.1,2,rmuraix
2167,16732428,"Darren Amadeus Martin","2026-08-19 00:48:02",1315.7,2,darrenamadeusmartin
2168,16666853,"Bisola Olasehinde","2026-08-31 13:08:21",1315.4,1,bizzyvinci
2169,16629292,"Syed Saad Hasan Emad","2026-08-17 06:14:38",1315.2,1,syedsaadhasanemad
2170,16707036,"Just a Farmer","2026-09-01 11:52:57",1315.2,2,gunianxue
2171,16623791,rakumo,"2026-08-19 23:46:04",1315.1,2,sirakumo
2172,16751358,Cristiano,"2026-08-24 15:04:54",1314.6,2,zhuangbility
2173,16640552,"rupsa roy","2026-08-31 16:11:57",1314.6,2,rupsarroy
2174,16622034,"Aryan Yadav","2026-08-15 18:49:17",1314.6,2,simplexcomplex
2175,16668647,"THIRUPATHI KANNAN K","2026-08-27 15:40:29",1314.2,2,thirupathikannank
2176,16623749,Tejas,"2026-08-17 09:52:29",1314.2,2,tejuuss
2177,16784485,betterme,"2026-08-28 13:39:45",1313.9,2,betterme12345
2178,16623708,"Chekhlov Dmitrii","2026-08-18 10:11:47",1313.9,2,zoli800
2179,16758893,"Sercan Yeşilöz","2026-08-28 19:16:26",1313.5,2,sercanyesiloz
2180,16726870,"Svanik Kolli","2026-08-16 00:11:14",1313.3,1,svanikkolli
2181,16706207,Wonderwall,"2026-08-21 07:04:04",1313.3,2,yuxiang328
2182,16623020,Muhandro,"2026-08-20 16:29:57",1313.1,2,muhandro
2183,16685626,"Livingstone Selassie","2026-08-16 00:26:50",1313.0,2,"hackerx019,livingstoneselassie"
2184,16709462,"KK #2","2026-08-14 09:06:37",1313.0,2,kk2909
2185,16733547,"Mark Grayson","2026-08-17 18:53:21",1312.7,2,flyingsinclair
2186,16655632,"Dmitry Kozlov","2026-08-28 10:06:54",1312.5,2,dkozlov
2187,16723893,iring58,"2026-08-22 04:43:36",1312.4,2,iring58
2188,16714980,Chenaters,"2026-08-16 08:41:10",1312.0,2,chenaters
2189,16728135,sukirman,"2026-08-17 12:24:20",1311.2,1,rakbidb
2190,16662615,"Anurag irawit","2026-09-01 14:16:49",1311.1,2,anuragirawit
2191,16634654,unknown,"2026-08-13 02:11:22",1310.1,2,abdullahshafi2021
2192,16657728,"T Soo","2026-08-13 06:36:25",1310.1,1,ttgrcgrc
2193,16756399,"old Ryne Mac had a farm","2026-08-21 19:44:11",1309.8,1,rynemac
2194,16779451,kibuna,"2026-08-27 12:00:58",1309.8,2,kibuna
2195,16736050,SuperZero11,"2026-09-01 16:15:49",1309.7,2,anandaverma
2196,16680931,"Rattan Singh","2026-08-16 04:23:37",1309.5,2,rattans
2197,16632788,"Bright O.H.","2026-08-23 03:45:36",1309.4,2,brightoh
2198,16691714,"Wesley Juraschek","2026-08-19 06:07:37",1309.4,2,wesleyjuraschek1
2199,16730288,matsurih,"2026-08-22 12:03:05",1309.1,1,matsurihime
2200,16668049,"Masayoshi Kurihara","2026-08-14 06:20:21",1308.9,2,masayoshikurihara
2201,16624339,"Дворкин Евгений Владимирович","2026-09-02 18:53:01",1308.6,2,evgendvorkin
2202,16656807,Yoganjaneyulu,"2026-08-13 09:20:17",1308.5,2,yoganjaneyulu
2203,16717630,Amer,"2026-08-13 21:23:41",1308.5,2,amerhu
2204,16732462,"Aji Samudra","2026-08-24 09:05:21",1308.4,2,ajisamudra
2205,16665050,"Praneeth Palugula","2026-08-14 06:28:56",1308.2,2,praneethpalugula
2206,16748717,mt,"2026-08-20 13:09:12",1308.1,1,mtanakaslgfreak
2207,16701759,xycai,"2026-08-14 17:23:35",1307.9,2,xycaipku
2208,16772993,"dirty farmers","2026-08-26 06:33:12",1307.8,2,jamesgui2007
2209,16773266,newbyy,"2026-08-26 05:21:47",1307.6,1,newbyy
2210,16628456,kiro,"2026-09-01 10:06:31",1307.5,2,kirosamurai
2211,16747161,wqlun06,"2026-08-20 08:02:11",1307.3,2,wqlun06
2212,16734450,"Ian Teigen","2026-08-18 00:04:38",1306.8,2,ianteigen
2213,16711910,"Artem Zapara","2026-08-18 16:48:51",1306.8,2,artemzapara
2214,16765526,"Kotala Kishan Reddy","2026-08-24 08:56:22",1306.7,1,kotalakishanreddy
2215,16709793,"Victor Hotz","2026-08-13 18:48:06",1306.6,2,victorhotz
2216,16656990,"NALLA SUMANG","2026-08-30 03:15:46",1306.4,2,sumangnalla
2217,16766982,"Sir Dona ","2026-08-25 15:54:46",1306.4,2,sirdona
2218,16630713,"Grzegorz Sionkowski","2026-08-16 16:31:57",1305.5,2,sionek
2219,16695691,neural-canvas,"2026-08-12 20:46:37",1305.4,2,mrsanap
2220,16622032,"Raunak Dey","2026-08-13 17:22:49",1305.1,2,raunakdey07
2221,16710587,durgasai,"2026-09-01 13:14:36",1305.0,2,dsainvg
2222,16730578,IsThereAnyCode,"2026-09-02 22:13:40",1304.9,2,"isthereanycode,lynnkim0"
2223,16663284,"Aman Prakash","2026-08-12 20:58:28",1304.7,2,amanprakash777
2224,16662023,"Vikas Kumar","2026-08-26 16:42:14",1304.4,2,vikshit104
2225,16765065,"Rohith T R","2026-08-26 13:28:38",1304.1,2,rohithtrgod
2226,16763978,"Swayam Gode","2026-08-30 13:49:27",1303.8,2,swayamgode2
2227,16667839,Viet-Tien,"2026-08-22 19:46:21",1303.7,2,tiena2cva
2228,16655844,MAFIN,"2026-08-13 01:53:06",1303.7,2,moneyman91
2229,16779171,Xunden,"2026-08-27 09:14:10",1303.7,1,xunden
2230,16712888,Vux,"2026-08-20 14:32:16",1303.6,2,weiyu85
2231,16805244,nari,"2026-09-01 19:34:04",1303.3,1,shoheiyoshinari
2232,16772450,"Muneeba Badar","2026-08-25 21:19:13",1303.3,2,muneebabadar
2233,16699610,"Sneha ","2026-08-17 01:00:34",1303.0,2,kharya3
2234,16770952,"Satyajeet Kumar","2026-08-25 20:42:40",1303.0,2,m4rcuseryx
2235,16759864,exaucedossou,"2026-08-22 17:56:40",1302.9,2,exaucdossou
2236,16731243,"[Deleted] dab36be1-9992-4710-95f4-39a9f7a2cd3c","2026-08-24 15:13:27",1302.5,2,del=fd92954ed0c92f1a
2237,16739537,"Bina Salama","2026-09-02 20:01:30",1302.4,2,binasalama
2238,16775386,kaggler,"2026-08-31 09:29:41",1302.1,1,deepkim
2239,16624651,"Zihao Zeng","2026-08-21 11:58:35",1301.7,2,zihaozeng0021
2240,16770832,"Harish Yadav","2026-08-27 06:18:09",1301.5,2,harishyadav0506
2241,16659314,Sandeep063,"2026-08-25 12:44:22",1301.2,2,sandeep063
2242,16662314,"Hanh Tran","2026-08-13 12:29:31",1301.2,1,honghanhhh
2243,16707303,meTeam,"2026-08-23 15:01:49",1300.9,2,aaronzribi
2244,16625214,Malla,"2026-08-21 09:55:13",1300.6,2,mallaphalguni
2245,16625611,"Karl Smile","2026-08-28 16:42:46",1300.5,2,karlsmile
2246,16624047,GUOHAOYANG,"2026-08-12 22:23:02",1300.4,2,pkuszboi
2247,16798694,"Young Uk Song","2026-09-03 00:43:45",1300.1,2,nintendojoa
2248,16665838,wenbodai,"2026-09-01 12:41:51",1299.8,2,wenbodai
2249,16714059,Yentür,"2026-08-12 18:47:44",1299.8,1,meryentr
2250,16755808,"Van-Phuc Huynh","2026-08-22 10:43:46",1298.9,1,hvanphucs112
2251,16630418,butterchicken,"2026-08-28 16:45:23",1298.8,2,"ritanshuprasad,sriramlingavel01"
2252,16769419,dylanaki,"2026-08-26 13:30:43",1298.7,2,dylanaki
2253,16663759,🔥🦫📿🗽,"2026-08-26 06:37:41",1298.6,2,datafad
2254,16766796,panda__MB__maximus,"2026-08-25 12:54:58",1298.4,1,tanishmohokar09
2255,16622820,"Sergey Nefedov","2026-08-25 10:52:44",1298.1,2,sergionefedov
2256,16688368,"Lam Vo","2026-08-15 16:39:23",1297.8,2,nhatlam
2257,16750614,"Shivansh Chaudhary","2026-08-22 14:22:57",1297.6,2,shivanshchoo
2258,16764850,"cy zhang","2026-08-27 11:08:45",1297.4,2,zcy20051117
2259,16655567,Heisnotanimposter,"2026-08-25 00:47:27",1297.4,2,test013
2260,16758839,"Yusuf Murtaza","2026-08-23 04:08:43",1296.8,2,yusufmurtaza01
2261,16663929,"Erman Man","2026-08-18 03:47:58",1296.8,2,ermanman
2262,16757566,"Ankit Kumar","2026-08-23 12:03:53",1295.9,2,imankit57
2263,16732754,ikeuchy,"2026-08-29 04:10:41",1295.8,2,ikeuchy
2264,16692548,"Rockstar Farmer","2026-08-19 05:15:37",1294.9,2,yuhaili
2265,16781516,"Hongbin Guokaggle","2026-08-29 04:16:00",1294.8,2,hongbinguokaggle
2266,16700737,HechtJP,"2026-08-13 11:12:06",1294.2,2,hechtjp
2267,16783265,"Xiangjiang Zhou","2026-08-28 06:33:05",1293.5,1,xiangjiangzhou
2268,16633580,Vinymo,"2026-08-23 15:32:23",1293.2,2,vinymo
2269,16738657,Mactorr,"2026-09-02 22:44:15",1293.0,2,mactorr
2270,16722849,"Dhruv Bansal","2026-08-28 08:01:42",1293.0,2,dhruvb2028
2271,16709529,alhlbx5,"2026-09-02 23:53:54",1292.8,2,alhlbx5
2272,16636909,"wking edewd","2026-08-21 11:21:57",1292.8,1,wkingedewd
2273,16621687,ropeadope,"2026-08-25 10:36:05",1292.5,1,silkross
2274,16625219,MJVinay,"2026-08-21 09:37:02",1292.4,2,mallajayanthvinay
2275,16763120,"Shivam Singh #2","2026-08-23 16:56:35",1292.4,1,shivamsingh17072001
2276,16770302,stardxx,"2026-08-26 02:21:35",1291.9,2,stardxx
2277,16623988,"Charismatic Pizza Party🍕","2026-08-30 03:55:06",1291.4,2,debugendless
2278,16690020,shantaitichu,"2026-08-17 09:40:30",1291.2,2,shantaitichu
2279,16667080,King-damon,"2026-09-02 12:20:33",1291.0,2,kingdamon
2280,16663694,"Dimitri ZABRE","2026-08-12 21:00:12",1290.8,2,dimitrizabre
2281,16766905,Antigone_duckduck,"2026-08-24 16:38:37",1290.8,2,antigonexzh
2282,16639570,"Vishesh Banna","2026-08-25 04:24:34",1290.6,2,visheshbanna
2283,16627796,tizawa3,"2026-08-19 00:28:23",1290.4,2,tizawa
2284,16696887,kt-Kitayama,"2026-09-01 13:23:49",1290.4,2,ktkitayama
2285,16661648,"Vân Nguyễn","2026-08-26 18:34:06",1290.4,2,vunnguyen
2286,16750843,jammings,"2026-08-25 14:15:33",1290.3,1,jammings
2287,16726512,shash,"2026-08-15 19:41:18",1290.2,1,zshashz
2288,16671133,Kazeneko,"2026-08-22 00:18:50",1290.1,2,kazeneko77
2289,16672243,"Fazil Putra","2026-08-14 01:24:17",1290.0,2,fazilputra
2290,16773559,"Abhishek Mahto","2026-08-26 06:40:07",1289.9,1,abhishek3115
2291,16768022,"Miles Oberting","2026-08-31 23:48:39",1289.5,2,milesoberting
2292,16766840,"Andrey ","2026-08-24 14:27:38",1289.3,1,anti1111
2293,16632294,"Rajan Nagarajan","2026-09-01 14:22:29",1289.2,2,narajan
2294,16651052,lty,"2026-08-18 02:33:01",1288.5,2,linwei9
2295,16622251,"Moroz Roman","2026-08-20 06:22:05",1288.3,2,crissyro
2296,16753985,"Narenthira Balaji","2026-08-21 10:54:17",1287.8,1,narenthirabalaji
2297,16753710,tax_free,"2026-08-25 03:16:23",1287.0,2,taxfreepython
2298,16727745,auouer,"2026-08-16 08:20:31",1286.2,2,"auouer,guriken,hkamna,insightfulthinking"
2299,16693962,"Changyuan Chen","2026-08-17 14:18:21",1286.1,2,changyuanchenmit
2300,16748524,TongY26,"2026-08-21 08:33:16",1285.9,2,tongy26
2301,16748330,Okan,"2026-08-21 11:15:17",1285.6,2,okanzkaya
2302,16722330,"Jean-Louis Roy","2026-08-31 07:44:08",1285.1,2,jeanjean111
2303,16750317,"ELhamdaoui AM","2026-08-30 19:29:43",1284.9,2,elhamdaouiabdelmajid
2304,16663999,"Colton Martin","2026-09-03 00:05:44",1284.9,2,coltonmartinnn
2305,16774250,"C R Suthikshn Kumar","2026-08-26 08:22:03",1284.8,1,crsuthikshnkumar
2306,16634172,"Mario Cicala","2026-09-02 02:20:17",1284.7,2,mariocicala
2307,16731751,"Nikita Pudovkin","2026-08-17 09:15:54",1284.5,1,nickpudovkin
2308,16665919,"Labmem Tang","2026-08-31 03:06:37",1284.0,2,labmemtang
2309,16724533,"Yusei Ito","2026-08-22 19:18:19",1283.8,2,yuseiito
2310,16652631,"Panagiotis Anagnostou","2026-08-31 14:16:41",1283.8,2,panosanag
2311,16761849,viber3221,"2026-08-24 13:38:59",1283.7,2,viber3221
2312,16630963,"Multi-Head Farmers","2026-09-02 13:10:56",1283.7,2,horizen12
2313,16658803,"Rahul Jiwane","2026-08-21 06:19:57",1283.4,2,rahuljiwane
2314,16747273,ra1nac1d,"2026-08-22 19:00:23",1283.2,2,ra1nac1d
2315,16736670,"Mark Astrid","2026-09-01 13:06:24",1282.6,2,markastrid
2316,16655559,"Fajri Yanuar Shiddiq Juanda","2026-08-13 01:40:20",1282.1,2,fajriyanuar
2317,16679004,"Kevin Zhao","2026-08-23 10:45:26",1281.3,2,kevinzhao666
2318,16722378,waticson,"2026-08-26 14:39:35",1280.7,2,yutodennou
2319,16655682,"Azamat Sadikov","2026-08-30 23:56:28",1280.2,2,azamatsadikov
2320,16634824,yuki16,"2026-08-27 02:55:04",1280.1,2,yuki16
2321,16771843,"Surekha Ramireddy","2026-09-01 15:34:18",1279.1,2,surekharamireddy
2322,16635747,"Jeki Wan Taufik","2026-09-03 00:10:42",1278.5,2,jek1wantaufik
2323,16663313,onlysmrtsumx,"2026-08-12 01:29:30",1277.7,2,onlysmrtsumx
2324,16673013,TTT,"2026-08-27 06:40:10",1277.6,2,tadahiroasami
2325,16644160,"Saravana Rajan B","2026-08-23 14:50:39",1277.4,2,saravanarajanb
2326,16791862,"Emmanuel Mireku","2026-08-31 19:35:19",1277.0,2,eldermireku
2327,16734578,"Pascal Andreas","2026-08-26 17:42:14",1276.9,2,pascalandreas
2328,16689488,"Ming Fong","2026-08-27 01:41:31",1276.4,2,evilpegasus
2329,16664217,Shushantw,"2026-09-03 00:33:49",1275.8,2,shushantw
2330,16677342,Fedor,"2026-09-02 17:13:55",1275.7,2,fedorchuprakov
2331,16633709,"kitory Yeah やきとり","2026-08-15 22:30:08",1275.7,2,kitoryyeah
2332,16623806,黒田彩人,"2026-08-17 04:05:34",1275.5,2,ayato0705
2333,16729484,"Sankalp Nagineni","2026-08-16 17:35:31",1275.0,2,sankalpnagineni
2334,16623753,HZM,"2026-08-21 07:14:11",1275.0,2,leehann
2335,16749618,Fon1as,"2026-08-21 09:36:42",1274.4,2,fon1as
2336,16740700,"Vyas Senthilkumar","2026-08-19 04:26:42",1273.9,2,vyassenthilkumar
2337,16724109,"small fry in the underworld","2026-08-26 11:00:37",1272.8,2,wwwwhitley
2338,16663241,"Kris Adamatzky","2026-08-13 09:49:19",1271.3,2,krisadamatzky
2339,16744658,Shree85,"2026-08-29 12:38:55",1269.4,2,shree85
2340,16632743,"Krizsó Gergely","2026-08-31 23:07:09",1269.4,2,lucifer19
2341,16689389,Chukunder,"2026-08-16 02:25:12",1269.1,2,"farbricated,sarikajivrajika"
2342,16663992,小陈同学,"2026-08-18 07:26:54",1269.1,1,czastu
2343,16695229,X1a0Ch3n,"2026-08-12 18:04:39",1268.8,2,xiaochen20236673
2344,16677423,songling,"2026-09-02 01:45:08",1268.6,2,"lvbingrong,oralia"
2345,16654381,"Dmitry Belan","2026-08-30 17:16:29",1268.2,2,dimong4
2346,16663352,"Avnish Sharma","2026-08-31 14:42:23",1267.1,2,kewlaz
2347,16718947,"Dani Ortega","2026-08-25 07:07:35",1266.7,2,daniortega99
2348,16716468,"Sakhawat Hossen","2026-08-15 03:28:07",1265.3,2,sakhawathossen
2349,16767164,"yuhan wu","2026-08-26 09:37:53",1265.1,2,yuhanwu487
2350,16675739,"Jithendra Maddala","2026-09-01 16:28:46",1264.0,2,jithendramaddala
2351,16705790,clora,"2026-09-02 14:37:25",1263.8,2,clora16
2352,16744573,"Oleksandr Kovalchuk","2026-08-31 23:19:22",1262.7,2,oleksandrkovalchuk
2353,16808914,slfmmm,"2026-09-02 11:50:26",1262.3,1,slfmmm
2354,16697923,"Vincent Debout","2026-09-02 23:46:43",1260.1,2,vdebout
2355,16751267,Guojun1,"2026-08-21 01:57:23",1259.9,1,guojun1
2356,16769277,卡心农场,"2026-09-02 06:45:03",1259.7,2,"hkd2333,hsiaosuan"
2357,16689952,"Lazarus Ogero","2026-08-11 16:44:08",1258.7,2,lazarusogero
2358,16675780,susutem,"2026-08-21 04:03:32",1258.6,2,susutem
2359,16727893,mmwstudy,"2026-08-25 10:25:36",1258.5,2,mmwstudy
2360,16667052,"Dandan Li","2026-08-15 18:07:17",1257.3,2,clcll532x
2361,16639844,MaxChen303,"2026-08-13 02:25:24",1256.4,2,maxchen303
2362,16767528,"Umut Toygar Göz","2026-08-30 13:01:54",1256.1,2,umuttoygargoz
2363,16805778,"Dương Đức Anh","2026-09-03 00:54:15",1256.0,2,dda2k6
2364,16623856,aowhite,"2026-08-30 12:18:44",1255.4,2,brandnewyork
2365,16768647,vaultguard,"2026-09-02 04:04:17",1254.2,2,vaultguard
2366,16674586,"Stanislav Ilin","2026-08-17 06:45:46",1251.2,2,stanislavilin2026ai
2367,16649108,"Steve AVOMO","2026-08-17 03:12:41",1251.1,2,aurelsteve77
2368,16643554,"Arnie Jimenez","2026-08-20 16:48:24",1251.0,2,arniejimenez
2369,16653955,"tanmay singhal","2026-08-29 12:00:53",1249.9,2,anexperiencedidiot
2370,16708296,LUCKY2,"2026-09-02 10:24:32",1249.7,2,carolezountangni
2371,16805980,Kifine,"2026-09-02 05:25:41",1249.6,2,liaoyingxi
2372,16688436,Zuu3scode,"2026-08-12 15:19:16",1249.6,2,zuu3scode
2373,16635509,simmons1025,"2026-09-02 16:32:14",1249.4,2,simmons1025
2374,16729227,Marjao,"2026-08-16 16:49:12",1249.2,2,muniburrehman2020
2375,16706321,lumen,"2026-09-02 05:44:20",1247.5,2,lumenyuto
2376,16657857,hust_xll,"2026-08-12 05:38:12",1246.7,2,hustxll
2377,16667729,"Daniel Wu","2026-08-15 14:35:27",1246.2,2,danielwuu
2378,16709744,"Emre Bayram","2026-08-14 09:04:57",1245.1,2,emrebayram
2379,16624682,FrederikZ,"2026-09-02 10:17:51",1244.7,1,zkirederf
2380,16695501,brocade,"2026-08-15 00:01:12",1244.2,2,brocade
2381,16690763,chungkuangwen,"2026-08-19 20:27:55",1242.9,2,chungkuangwen
2382,16658801,"Thuc Nguyen Dang 111","2026-08-28 19:45:47",1242.4,2,thucnguyendang111
2383,16652904,TonightIsOver,"2026-09-02 17:27:26",1242.1,2,tonightisover
2384,16757987,maverick_ss_26,"2026-09-01 14:07:17",1240.0,2,maverickss26
2385,16703099,GansPiro,"2026-08-13 18:34:26",1240.0,2,ganspiro
2386,16679767,Salut!,"2026-08-12 21:56:55",1239.7,2,denismekhanikov
2387,16656731,"Muhammad Ali","2026-08-14 06:47:06",1238.4,2,sardaralimaqsood
2388,16671666,showtree,"2026-09-02 01:53:55",1238.1,2,showtree
2389,16657494,Trex,"2026-08-12 14:00:14",1236.5,2,trexzone
2390,16673110,"Sri Jayavel K","2026-08-20 08:18:31",1236.0,2,srijayavelk
2391,16697249,"Sudharsana Rajasekaran","2026-08-13 06:25:58",1235.8,2,sudhan03
2392,16681275,"CUG HeQiao","2026-08-12 09:06:14",1234.2,2,cugheqiao
2393,16697024,"Jiri Prudky","2026-08-20 20:58:26",1234.1,2,jiprud
2394,16705584,"Adil Munawar","2026-08-29 21:18:33",1234.0,2,adilmunawar
2395,16692090,sans,"2026-08-12 03:14:55",1233.4,2,sans6262q
2396,16693058,"Yuvraj singh","2026-08-13 14:03:24",1233.3,2,yuvrajsingh789
2397,16695608,"Elie Elias","2026-08-12 14:14:48",1233.1,2,elieelias
2398,16693159,"Zonglin Han","2026-08-13 17:10:08",1233.0,2,zonglinhan
2399,16664072,"victor aguilera","2026-09-02 00:46:28",1232.7,2,viaguilera
2400,16682303,"Kapadiya Nirav Kumar","2026-08-18 06:24:30",1232.5,2,kapadiyaniravkumar
2401,16738467,EnriFermi,"2026-08-26 23:51:18",1232.0,2,enrifermi
2402,16673250,Prashant,"2026-08-12 05:06:08",1232.0,2,"kajalsinghrajpoot,prashantxo"
2403,16761728,"Vybhav Nath C A","2026-08-30 12:19:48",1231.0,2,shadowfax2000
2404,16632783,chocolat,"2026-09-03 01:02:42",1230.8,2,chocolatnya999
2405,16659467,AlexMoura2026,"2026-09-01 09:49:30",1230.4,2,alexmoura2023
2406,16673230,saitamad,"2026-08-12 04:20:31",1229.5,2,saitamad
2407,16660711,ricardo,"2026-08-15 22:34:26",1229.4,2,magania
2408,16625615,"Mobeen Fatima","2026-08-28 16:47:17",1229.0,2,mobeenfatimah
2409,16789509,"Yang Wei Hao","2026-08-29 08:39:19",1228.7,1,aichangeworld
2410,16792542,RB25det,"2026-09-03 01:25:57",1228.4,2,rb25det
2411,16729650,"Tapiwa Makandigona - Zimbabwe21","2026-08-31 11:36:48",1227.0,2,mukanya1994
2412,16683441,Eura73,"2026-08-21 08:07:47",1227.0,2,eura73
2413,16803913,"SUJIB BARMAN","2026-09-01 16:42:07",1225.1,1,cardata
2414,16685014,"Vishal Kishore","2026-08-29 14:37:26",1224.3,2,kishorevishal
2415,16692138,"Bishwa Thakur","2026-08-21 11:44:03",1223.4,2,bishwathakur
2416,16688808,"Niranjan Nakkala","2026-08-11 12:26:14",1223.2,1,niranjanmudhiraj
2417,16700116,Goldian,"2026-08-21 16:13:40",1222.5,2,goldian
2418,16684163,MohamedFD,"2026-08-13 12:32:47",1222.4,2,mohamedfd
2419,16621799,"🌽 High Frequency Farming 🌽","2026-08-30 15:26:12",1221.2,2,veshkinartem
2420,16658014,Bharath,"2026-09-02 19:08:50",1221.1,2,pes2ug23cs121
2421,16645712,"Changye Li","2026-08-24 06:23:33",1220.3,2,antoinegg1
2422,16635314,"Aurora wy","2026-09-02 22:09:19",1219.4,2,aurorawy
2423,16707584,sadatch,"2026-08-13 05:18:28",1219.3,2,sadatch
2424,16627400,"Krasnov Daniil","2026-08-11 06:04:48",1218.9,2,daniilkrasnovvv
2425,16674649,寿!,"2026-08-12 06:45:37",1218.7,1,taka3776toshi
2426,16678638,Loshtradz,"2026-08-26 18:40:35",1218.5,2,loshtradz
2427,16692164,Abdulrahman.su10,"2026-08-11 20:35:39",1218.3,1,abdulrahmansu10
2428,16705370,TS2333,"2026-08-11 03:40:40",1217.1,2,ts2333
2429,16632021,istinetz,"2026-09-01 14:55:53",1216.8,2,istinetz
2430,16697675,"Isaac Grossman","2026-08-30 23:21:35",1215.9,2,kingisaac
2431,16668688,"Nezihe Sözen","2026-09-02 14:06:02",1215.9,2,nezihesozen
2432,16662380,"Brandon Calderon-Morales","2026-09-02 04:01:50",1215.7,2,bmoe640
2433,16695964,"JiMing Feng","2026-08-17 10:56:45",1215.5,2,jimingfeng
2434,16700314,Giallar,"2026-08-14 16:45:53",1215.0,2,andreykrotkikh
2435,16632579,ZZfancy,"2026-08-11 12:04:42",1214.8,2,zzfancy
2436,16758767,"Mikhail Karchevskiy","2026-09-02 18:54:00",1213.2,2,suvalex
2437,16806886,dreamtear,"2026-09-02 05:55:56",1213.0,1,mohanzeng
2438,16624645,"Closed Loop","2026-09-02 21:29:58",1212.7,2,hobbisttech
2439,16692110,"Ahmed Khudair","2026-08-11 22:33:06",1212.7,1,ahmedkhudair121
2440,16621735,VN-Orion,"2026-08-21 11:42:27",1212.3,2,fastthanh78
2441,16677217,Panos,"2026-08-30 08:37:11",1211.8,2,panosc
2442,16710672,"Yasemin Koç","2026-08-14 05:52:52",1211.3,2,yaseminmkoc
2443,16699082,Sakthei,"2026-09-02 20:02:02",1211.1,2,sakthei
2444,16709468,"Andrey Chankin","2026-09-01 18:33:15",1210.0,2,bluepill
2445,16660233,ko9ma,"2026-08-26 02:43:46",1209.9,2,kohojung
2446,16680690,MYOUCER,"2026-09-01 01:20:04",1209.6,2,myoucer
2447,16767431,Nine1Eight,"2026-08-24 16:51:12",1209.3,1,wethepeople918
2448,16660479,"Lakhindar Pal","2026-08-31 13:26:49",1209.0,1,lakhindarpal
2449,16635973,"Code by Nadiia","2026-08-31 13:09:44",1208.6,2,codebynadiia
2450,16708573,Benser,"2026-08-15 14:41:24",1208.0,2,benser
2451,16666733,"Alberto MV","2026-08-10 23:06:33",1207.7,2,albertomv
2452,16669256,Shivam_2212,"2026-08-11 09:59:19",1207.7,2,shivam2212
2453,16660911,"Animesh Ratna","2026-08-23 22:01:35",1207.4,2,animeshratna
2454,16682936,"Latifa Riziki","2026-08-12 09:38:13",1206.8,2,latifariziki
2455,16681749,"rohith vinice","2026-08-11 23:55:16",1206.7,2,rohithvinice
2456,16656316,"Richard Tang","2026-08-11 01:09:34",1206.6,2,richardgtang
2457,16811461,wangxi608,"2026-09-03 01:29:08",1206.6,2,wangxi608
2458,16701573,"Haggai Musoda","2026-08-17 20:04:00",1206.5,2,haggismusoda
2459,16706283,haogood666,"2026-08-11 08:25:40",1205.8,1,haogood666
2460,16692457,t2better,"2026-08-12 11:56:41",1204.7,2,t2better
2461,16706315,"Desert Fox88","2026-08-11 12:02:03",1204.6,2,desertfox88
2462,16636004,"Ragunath Ravi","2026-08-11 10:59:07",1204.5,2,ragunathravi
2463,16709300,炫酷的小克里斯,"2026-08-19 15:54:28",1204.4,2,tinfufans
2464,16659803,nRuaif,"2026-08-22 02:47:10",1203.4,2,phngdoan
2465,16702774,FilipJ,"2026-08-16 18:34:05",1203.0,2,filipjarmua
2466,16699659,"Dimas Pasha Akrilian","2026-09-01 01:59:59",1202.6,2,dimaspashaakrilian
2467,16676043,"Tejash Rai","2026-08-14 07:16:01",1202.5,2,tejashrai
2468,16654042,B.Pushpanjali,"2026-08-25 11:04:54",1202.4,2,"bpushpanjali,vinithwade"
2469,16697021,Vaishnavi22052006,"2026-08-11 18:43:08",1202.3,2,vaishnavi22052006
2470,16724779,"Gavin Cao","2026-08-16 09:00:53",1202.3,2,gavinxgcao
2471,16763383,"Alexandru Sitaru","2026-08-25 07:05:06",1201.8,2,sitaru
2472,16695176,"Zakaria Settar","2026-08-16 21:52:31",1200.8,2,zakariasettar
2473,16733748,"Ashutosh Agarwal","2026-09-02 06:43:29",1200.5,2,ashutoshagarwal088
2474,16656691,"Sahaj Deep Singh","2026-08-12 01:39:36",1199.6,2,sahajdeepsingh9877
2475,16623381,cocoaAI,"2026-08-21 06:03:38",1199.4,2,cocoaai
2476,16709473,"Selahattin Günter","2026-08-23 14:07:42",1198.4,2,selahattingnter
2477,16662846,"Kerem Ercin","2026-08-27 05:44:23",1198.1,2,keremercin
2478,16656382,Aevion-Labs,"2026-08-10 14:44:32",1197.4,2,aevionlabs
2479,16663919,hnhyhj,"2026-08-13 04:05:56",1197.2,2,hnhyhj
2480,16632675,"Baran Kucuk","2026-08-11 15:09:58",1197.0,2,barankucuk
2481,16667731,"Agent 33","2026-08-28 13:20:28",1197.0,2,agent33
2482,16659692,"Hùng Nguyễn Huy (Hiirooo)","2026-08-11 03:47:45",1196.8,2,hngnguynhuy
2483,16662166,duy,"2026-08-31 08:50:51",1196.6,2,hduynguyen
2484,16676356,"Wander waal","2026-08-11 02:48:56",1196.1,2,wanderwaal
2485,16724366,"YASH JAIN","2026-09-02 16:55:20",1195.6,2,yashjain911
2486,16657646,mountainbob,"2026-09-01 14:36:45",1195.3,2,shongpakmanoon
2487,16771703,"Moomin and his farm","2026-08-29 15:04:40",1195.3,1,ataraxyyeah
2488,16650485,nasu726,"2026-08-13 13:51:20",1195.2,2,nasu726
2489,16693886,spellstriker,"2026-08-12 22:03:20",1195.0,2,spellstriker
2490,16660333,"Deanos Crew","2026-08-11 13:10:19",1194.9,2,jamescole0101
2491,16655826,KKY,"2026-08-11 20:29:38",1194.1,2,evilpsycho42
2492,16807802,嘴爷,"2026-09-03 00:06:41",1193.6,2,zui0711
2493,16690065,JiangWenfeng1,"2026-08-12 01:25:29",1192.9,2,jiangwenfeng1
2494,16699722,Dicere,"2026-08-13 08:00:17",1192.7,2,thedark735
2495,16670433,"Mohammad Osamah Atif","2026-08-19 08:46:32",1192.6,2,osamatif
2496,16635280,"Narendra Sirvi","2026-08-12 06:43:07",1192.5,2,narendras78
2497,16655128,"Somasundar V","2026-09-01 15:05:48",1192.3,2,somasundarv
2498,16689770,"Abdillah Sagif","2026-08-11 10:11:23",1192.3,2,abdillahsagif
2499,16773069,Grant,"2026-08-29 11:33:24",1191.8,1,leolin05
2500,16634873,shin0000,"2026-08-28 13:16:29",1191.8,1,shin0000
2501,16696769,"maximo lorenzo y losada","2026-08-12 13:07:35",1189.8,2,maximolorenzoylosada
2502,16679371,ΛYMΞNRH,"2026-08-11 06:43:55",1189.2,2,aymnrh
2503,16659890,"Cu Spoon","2026-08-25 22:02:11",1189.1,2,cuspoon
2504,16627888,atl132,"2026-09-02 07:22:55",1189.0,1,atl132
2505,16692103,HaniJezo,"2026-08-11 20:32:40",1188.7,1,hanijezo
2506,16792586,dodoshark,"2026-09-02 03:05:56",1188.1,2,dodoshark
2507,16669778,UknesIruka,"2026-08-11 11:13:46",1188.0,2,uknesiruka
2508,16653068,"Shuichi Fushimi","2026-08-11 10:55:05",1187.8,2,shuichifushimi
2509,16697877,"Sky kun","2026-08-24 12:52:49",1187.8,2,skykun
2510,16672374,"kelly waldeck","2026-08-11 21:07:30",1187.7,2,kellywaldeck
2511,16728955,"Chris Murphy","2026-08-18 00:02:10",1187.5,2,mur418
2512,16709069,"James Mcquay","2026-08-14 18:05:40",1186.8,2,jamesmcquay
2513,16692711,Deniz,"2026-08-30 09:23:13",1186.2,2,denizeryilmaz
2514,16707639,Fujinawa,"2026-09-01 21:15:54",1186.1,2,wasshoiwasshoi
2515,16660331,A.K.NITHIN,"2026-08-12 12:07:32",1185.3,2,aknithin
2516,16657657,ArnabKarmakar,"2026-09-03 00:05:11",1185.1,2,arnabkarmakar
2517,16729863,Monkeyzl,"2026-08-22 20:02:21",1185.0,2,monkeyzl
2518,16651331,"Mohamed Saeed","2026-08-11 18:58:08",1184.6,2,m0sm71
2519,16687824,"André Dkw","2026-08-10 17:17:25",1183.9,2,andrdkw
2520,16672448,"Crisis Liu","2026-08-11 23:49:49",1183.7,2,crisisliu
2521,16754838,"Berkay Özkan","2026-08-30 12:51:07",1183.4,2,berkayzkan
2522,16687594,"Andrew Markley","2026-08-13 01:19:04",1183.4,2,andrewmarkley1
2523,16632146,Haker_Sam,"2026-08-27 10:45:31",1183.3,1,hakersam
2524,16723318,グレイラットルーデウス,"2026-09-02 16:16:36",1183.0,2,rudeus666
2525,16663214,"Mathieu W","2026-08-24 14:42:56",1182.0,2,mathieuw
2526,16730375,Floth,"2026-09-01 14:39:47",1181.6,2,suwat513
2527,16802535,"To be happy","2026-09-01 11:08:41",1181.3,1,yaokaixinya123
2528,16660371,"José Luis Gómezz","2026-08-13 01:37:42",1180.4,2,josluisgmezz
2529,16708333,"Phạm Vương","2026-08-11 16:17:10",1179.3,2,vuongphamqq
2530,16700630,apoyusiken,"2026-08-12 06:10:52",1178.6,2,umutarpay
2531,16667233,EdGy2k,"2026-08-10 10:41:12",1178.6,2,edgy2k
2532,16657091,raw2clean,"2026-08-12 08:12:12",1178.2,2,raw2clean
2533,16695376,Garv88,"2026-08-13 12:19:20",1178.0,2,garv88
2534,16633414,"sagar tripathy","2026-08-13 15:57:56",1176.9,2,sagar8trip
2535,16662681,"Vernon Campbell","2026-08-12 23:18:18",1176.2,2,vernoncampbell
2536,16707993,"Sangita Bannore","2026-08-11 14:33:47",1175.8,1,sangitabannore
2537,16687724,Yijue1,"2026-08-11 02:15:05",1175.7,2,yijue1
2538,16627995,"Fire Bird","2026-08-11 20:36:45",1175.6,2,xuanleekaggle
2539,16695137,"Samantha Nicole Bracamonte","2026-08-12 00:35:56",1175.3,2,snrbracamonte
2540,16679245,"Krzysztof Gonia","2026-08-28 06:42:51",1175.0,2,krzysztofgonia
2541,16688136,"Armanzhan Ayan","2026-08-11 16:49:36",1174.8,2,armanzhanayan
2542,16655952,"Tianfu Wang (王天夫)","2026-08-12 15:08:12",1173.9,2,wangtf96
2543,16640058,"Justin CH123","2026-08-11 09:15:28",1173.4,2,justinch123
2544,16652741,"Sergi Bas","2026-08-12 16:05:13",1173.3,2,sergibas
2545,16684075,"Tianfang Li","2026-08-13 14:20:13",1173.0,2,tianfangli1
2546,16679519,"Петьо Лазаров","2026-08-10 22:30:35",1172.4,2,pesosz
2547,16737113,"Sergei Myshianov","2026-08-20 03:24:23",1172.4,2,sergeimyshianov
2548,16684012,ceh,"2026-08-16 04:58:18",1172.1,2,emilhessman
2549,16728959,"no pain no gain","2026-08-26 09:02:31",1172.1,2,ilyayurov2000
2550,16793275,"Biao Cao","2026-08-30 13:44:48",1171.3,1,biaocao398
2551,16704622,ray,"2026-08-11 16:30:13",1170.5,2,rayenezanned
2552,16749342,crasal,"2026-09-02 15:03:06",1170.0,2,crasal
2553,16691591,"Dheeraj Kumar #3","2026-08-12 04:05:32",1170.0,2,kdheeraz
2554,16698942,"PRADHAN RS","2026-08-13 18:06:58",1169.7,2,pradhanrs
2555,16676154,"Tuan Tran","2026-08-10 16:29:40",1169.7,2,thtuan
2556,16681848,Haraguchi-T,"2026-09-01 09:03:21",1168.9,2,haraguchit
2557,16698134,Hossein,"2026-08-12 02:56:17",1168.5,2,tomi85
2558,16692490,"Enes Coşkun","2026-08-11 05:37:38",1168.1,2,enscskn
2559,16736816,LLE,"2026-08-22 16:50:40",1168.1,2,"rajaditya01,saiash"
2560,16745092,zakihiro,"2026-08-21 07:59:39",1168.0,2,zakihiro
2561,16739181,yamu_duck,"2026-08-27 16:28:47",1167.8,2,crazyleg11
2562,16701074,Yan,"2026-08-10 21:29:25",1167.7,1,qujiahui
2563,16677723,"Trip Meiners","2026-08-11 19:26:55",1167.4,2,tripmeiners
2564,16661983,"Victor's Team","2026-08-12 12:05:19",1167.2,2,"dlordsjustified,jezrealmomoh,joludare,victorokpe"
2565,16660395,ljx59141421,"2026-08-12 01:27:08",1166.0,2,ljx59141421
2566,16701466,"HELIOS reasonning","2026-08-11 22:38:55",1165.4,2,heliosreasonning
2567,16706004,Divyansh,"2026-08-25 16:38:00",1165.1,2,sehgaldivyansh
2568,16660678,"Chaitanya Sonaje","2026-08-11 13:30:49",1164.9,2,chaitanya205
2569,16624088,Pomiro,"2026-08-11 04:41:24",1164.7,2,pomiro
2570,16681620,wanwanuil,"2026-08-13 12:43:19",1164.1,2,wanwanuil
2571,16657277,"Dude and Destroy","2026-08-31 17:43:38",1163.8,2,raymondbrookman
2572,16702482,"Carlos Navarro","2026-08-14 05:26:26",1163.7,2,navarr0
2573,16712651,riicon,"2026-09-02 14:36:28",1163.3,2,risakashiwabara
2574,16675240,Leifson1337,"2026-08-30 16:47:49",1163.1,2,leifson1337
2575,16660037,shehai.lrs,"2026-08-11 13:37:32",1162.3,2,shehailrs
2576,16633006,Kaiser,"2026-09-01 06:36:38",1162.2,1,kaiserm
2577,16655715,Chin,"2026-08-12 06:20:32",1161.5,2,qinyukun
2578,16639263,Yam,"2026-08-23 15:01:21",1160.9,2,minyam
2579,16658185,"Juwon Kweon","2026-08-25 00:45:16",1159.5,2,juwonkwon
2580,16805699,amrrs,"2026-09-02 02:22:18",1158.5,2,nulldata
2581,16725680,henri66,"2026-08-15 21:09:47",1158.5,2,henri665
2582,16739578,"Pietro Valocchi","2026-09-02 21:41:24",1157.6,2,pietrovalocchi
2583,16633886,mudesteven,"2026-08-16 02:54:25",1157.2,2,fastlight2007
2584,16696608,beanbamboozled,"2026-08-10 10:45:19",1156.9,2,beanbamboozled
2585,16659662,MOHSIN525,"2026-09-01 15:43:49",1156.8,2,mohsin525
2586,16768644,Momoko,"2026-08-25 03:22:50",1156.7,1,yangmengyuanmomoko
2587,16786082,"Noberto Frota","2026-08-29 00:40:42",1156.7,1,nobertofrota
2588,16725287,NoahRyan,"2026-09-01 16:43:26",1156.5,2,beginner080
2589,16624625,"Harsha Vardhan","2026-08-10 07:33:35",1156.5,2,harshacode101
2590,16809211,"Aleix López","2026-09-03 00:02:29",1154.9,2,aleixlopez
2591,16655474,Focus,"2026-08-31 09:10:43",1154.7,1,overvalueawareness
2592,16698726,"Honeey L","2026-09-02 07:41:10",1154.5,2,honeeyl
2593,16643319,Jules,"2026-08-30 13:24:53",1153.9,2,julesvanligtenberg
2594,16689366,"Cuong Le","2026-08-14 08:16:33",1153.3,2,ad1999
2595,16803141,"Zachariah Zhang","2026-09-02 12:40:32",1153.0,2,xinweizhang003
2596,16640869,taijunhao,"2026-08-12 10:26:30",1152.7,2,taijunhao
2597,16675305,"Justin Sabu Sebastian","2026-08-22 23:19:57",1152.3,2,justinsabusebastian
2598,16657429,"xiao cat q","2026-08-12 01:41:13",1150.6,2,xiaocatq
2599,16719551,JamesYip7,"2026-08-20 10:24:50",1149.9,2,jamesyip7
2600,16632231,"Samrish B","2026-08-30 16:06:48",1149.7,2,samrishb
2601,16661093,"INDRAJIT SWAIN","2026-08-15 13:23:37",1149.3,2,indrajitswain
2602,16673097,"Sonu Kushwaha","2026-09-01 11:10:15",1149.2,2,sonukushwaha124
2603,16633212,goosehaaan,"2026-08-31 23:14:19",1148.2,2,goosehaaan
2604,16739363,kulukkuluu,"2026-09-03 01:15:28",1147.2,2,kulukkuluu
2605,16671837,"Ronald K Wilson ","2026-08-28 13:09:38",1147.0,2,ronaldkwilson
2606,16726422,"Praveen Kumar","2026-08-29 11:25:55",1146.2,2,pankajrepswal
2607,16655210,Amon,"2026-08-16 06:09:04",1146.0,2,kingaemon
2608,16746507,Ushimaru,"2026-08-21 09:01:51",1145.0,2,behindkun
2609,16705192,"John Ogah","2026-08-16 03:54:21",1144.9,2,johnogah
2610,16687935,"Sardak Pavel","2026-08-24 11:51:58",1144.8,1,bebra3222
2611,16732140,Miaa1526,"2026-08-24 08:58:42",1144.7,2,miaa1526
2612,16780558,hxrdxk,"2026-08-29 18:36:48",1144.4,2,hxrdxk
2613,16695903,cerensukaramese,"2026-08-14 09:18:05",1144.2,2,cerensukaramese
2614,16666296,A.P.R.I.L,"2026-08-24 09:32:28",1144.2,2,puneeth333
2615,16740419,IamDiganta.7,"2026-09-03 01:03:25",1144.1,2,iamdiganta7
2616,16665058,"Llin Ding","2026-09-01 05:38:32",1143.7,2,llinding
2617,16804961,explise,"2026-09-02 08:13:03",1143.4,2,explise
2618,16711204,"harden james","2026-08-12 08:00:14",1142.5,1,ffusername
2619,16745059,mekduy,"2026-08-29 11:42:07",1142.0,2,mekduy
2620,16659618,"Jeevan Jolly","2026-08-13 13:51:52",1141.5,2,jeevanjolly
2621,16639476,耶✌,"2026-08-30 19:52:36",1141.3,1,qifeihhh666
2622,16704027,"Alan Cai","2026-08-10 22:36:40",1140.6,1,alancai27
2623,16676275,Scorpi,"2026-08-12 01:34:25",1140.5,2,scorpi
2624,16724233,"Rafal Porwol","2026-08-21 18:42:37",1140.5,2,rafalporwol
2625,16675582,DavidX,"2026-08-11 06:05:18",1139.7,2,davidasx
2626,16699586,"Linda Liu","2026-09-02 05:38:13",1139.7,2,lpoint
2627,16697411,VynoDePal,"2026-09-02 14:30:09",1139.2,2,kvynodjo
2628,16655693,DePie,"2026-08-10 08:01:37",1139.1,2,phucthaiv02
2629,16657395,"Uchechukwu Ajuzieogu","2026-09-03 00:48:14",1138.6,2,uchechukwuajuzieogu
2630,16691001,"Mahmoud Abdelshafy","2026-09-02 10:47:38",1138.1,2,mahmoudabdshafy
2631,16656181,Vishwa,"2026-08-11 05:46:58",1137.8,2,rv1922
2632,16672579,"Udbhaw Anand","2026-08-22 13:15:18",1136.9,2,udbhawanand
2633,16662176,"jorge fabian avila","2026-08-10 18:51:13",1136.8,2,jorgefabianavila
2634,16652849,Hejunhui,"2026-08-16 14:15:29",1134.6,2,website98
2635,16731983,Gracie,"2026-08-30 16:53:05",1134.0,2,gracie428
2636,16718819,Majkel1337,"2026-09-03 01:23:27",1133.7,2,majkel1337
2637,16633793,adakoda,"2026-08-12 01:49:13",1132.8,2,adakoda
2638,16697142,Kujaomega,"2026-08-10 22:13:02",1132.6,1,kujaomega
2639,16632245,u,"2026-09-03 01:04:17",1131.7,2,"apostoloskontarinis,curbotron13,halzweiman,josephmcgonaglebrown,shreyanshpoddar"
2640,16685743,"Alex Oranov","2026-08-28 19:30:54",1131.4,2,aoranov
2641,16790005,"Rohit Kumar Sahoo","2026-09-02 18:06:49",1130.2,2,rohit4118
2642,16691275,"Muhiminul Islam   Mahim","2026-08-12 10:04:35",1129.4,2,muhiminulislammahim
2643,16652212,"Варим сельский самогон","2026-08-10 16:23:21",1129.4,2,asimandia
2644,16631777,KiKi,"2026-08-19 16:49:21",1128.4,2,kingkiller2164
2645,16660594,XIAODOUZI,"2026-08-17 12:06:50",1128.2,2,xiaodouzi666
2646,16672075,"Kameron Green","2026-08-11 05:49:32",1127.9,2,hgenix20
2647,16643233,"Marco DG","2026-08-11 06:20:14",1125.8,2,marcodg
2648,16658983,"Titi Huang","2026-08-24 11:38:29",1124.8,2,titihuang
2649,16710469,Qimra1729,"2026-08-13 00:09:57",1124.6,1,qimra1729
2650,16709504,U023,"2026-08-11 22:04:04",1124.6,1,ryutek
2651,16666410,"Binil George","2026-08-12 10:40:43",1124.1,2,binilg
2652,16729800,"Alchemical Retard.","2026-08-20 07:28:07",1124.0,2,alchemicalretard
2653,16701221,"Othman Istaiteh","2026-08-10 13:25:38",1124.0,2,istatieh
2654,16731924,CuddleYokai,"2026-08-19 10:57:11",1123.4,2,cuddleyokai
2655,16690567,"Falih Kaleel","2026-08-29 10:09:06",1123.2,2,alphajet185
2656,16674353,"Lakshmanan R","2026-09-02 06:32:53",1121.6,2,lakshmanankumar02
2657,16790115,Starumi,"2026-08-31 00:39:22",1121.3,2,starumi
2658,16729212,lilishyxf,"2026-09-02 07:18:46",1120.2,1,lilishyxf
2659,16705441,CooperJiang,"2026-08-13 06:57:44",1119.9,2,gingersna
2660,16690019,Around30,"2026-09-01 15:36:11",1119.6,2,"cyanspring,masahiromatsuda,sutesute000012"
2661,16664481,"Siddhu Jaykay","2026-08-12 14:02:29",1119.3,2,siddhujaykay
2662,16663603,xsong2020,"2026-09-01 03:17:10",1119.3,2,xstargate
2663,16688265,"Kyle #2","2026-08-11 01:51:35",1117.9,2,georgeturbo
2664,16644891,yankang_XZK,"2026-09-02 18:29:53",1117.7,2,yankang233
2665,16675752,"Simon Rüba","2026-08-10 14:23:16",1116.8,2,simonrba
2666,16736429,Rudra278,"2026-08-18 12:07:42",1115.1,1,rudra278
2667,16677596,Sere1n,"2026-08-24 06:51:52",1114.5,2,chacc0
2668,16672040,"Tom Yim","2026-08-12 05:12:30",1113.5,2,tomyim
2669,16657587,PxlPau,"2026-09-02 13:17:04",1113.4,2,studybeetutoring
2670,16761975,lixiuqixiaoke,"2026-08-26 09:59:11",1112.7,2,lixiuqixiaoke
2671,16668334,Suavemango,"2026-08-12 05:18:03",1112.5,2,suavemango
2672,16733111,qihuaz,"2026-09-02 19:21:58",1112.5,2,qihuaz
2673,16630689,yw8837,"2026-09-03 01:05:53",1109.0,2,yw8837
2674,16780967,"black hole sun","2026-09-01 02:25:21",1108.2,2,danielefiorino
2675,16639236,"Dhavan Shah","2026-08-12 18:20:38",1107.9,2,dhavanshah99
2676,16635195,my,"2026-08-18 06:01:08",1107.8,2,ryyymy
2677,16666282,"Bang sion","2026-08-22 10:06:06",1107.5,2,bangsioni
2678,16737482,Lindicaphxag,"2026-08-27 03:41:59",1107.5,2,oblivicore
2679,16666632,to1_10i,"2026-08-19 20:27:42",1107.4,2,to110i
2680,16653153,Gbining,"2026-08-09 12:21:06",1105.8,2,gbining
2681,16662712,"Roman Stupin","2026-08-27 23:52:01",1105.6,2,rcnegby
2682,16698206,"Bark at the Barnyard","2026-08-21 03:21:19",1103.9,2,mming0430
2683,16746592,Harvester,"2026-08-21 13:57:05",1103.4,2,yudhis16
2684,16662718,xlnt,"2026-08-22 12:37:49",1103.4,2,"princebisht,xlnt404"
2685,16749435,SGY2512,"2026-08-28 16:10:11",1102.8,2,sgy2512
2686,16623378,"nvidia fan","2026-09-02 20:25:05",1101.9,2,outwrest
2687,16713031,"Nahid Hossain Redom","2026-08-13 15:38:30",1101.1,2,nahidhossainredom
2688,16747306,"Yasasvi Josyula","2026-09-02 05:00:23",1099.0,2,yasasvijosyula
2689,16658109,edward1503,"2026-08-17 04:22:50",1098.6,2,nguynnc
2690,16680646,Naym0425,"2026-08-14 04:20:36",1096.4,2,naym0425
2691,16654122,"Peter Thompson","2026-08-10 17:59:36",1095.8,2,mightytreefolk
2692,16732104,sizumita,"2026-09-03 01:01:33",1094.7,2,sizumita
2693,16694744,XiaoZhiren,"2026-08-10 13:03:56",1093.1,2,"ruikangan,xiaozhiren"
2694,16630984,TakamaruEX,"2026-08-31 20:42:33",1090.9,2,takamaruex
2695,16660137,Densike,"2026-09-02 15:47:33",1090.9,2,densike
2696,16760101,"Big Moo","2026-08-25 00:52:06",1090.8,2,abdullahramadan1
2697,16694346,ywwywww,"2026-08-10 03:34:01",1088.5,2,ywywww
2698,16656810,IskanderAkhmetov,"2026-08-11 07:43:50",1087.3,2,iskander2017
2699,16663166,Rey4Dan,"2026-09-03 00:47:39",1087.3,2,rey4dan
2700,16659430,"John Keith Weber","2026-08-13 05:18:03",1087.2,2,johnkeithweber
2701,16693374,"Henfry De Los Santos","2026-08-12 11:43:51",1087.2,2,henfrydelossantos
2702,16756592,"Abdalrahman Eissa","2026-08-23 23:43:11",1087.2,2,abdalrahmaneissa
2703,16713590,"Александр Арутюнян","2026-08-13 05:20:18",1086.6,2,alexarut17
2704,16633133,"[Deleted] ef4f021b-198c-4d19-9134-3805e9f76f46","2026-08-19 08:49:58",1086.4,2,holeneckles
2705,16644378,"hicham bedrani","2026-08-28 11:33:17",1085.9,2,hichambedrani
2706,16705907,Adrià,"2026-08-29 21:57:05",1085.6,2,adriamb3
2707,16639969,"Sheep Are All You need","2026-08-29 10:49:33",1085.3,2,aliyelbekov
2708,16760841,KIsXcl,"2026-08-24 14:34:11",1084.3,2,kisxcl
2709,16730449,"Shinichiro Yoshida","2026-08-29 16:24:21",1083.1,2,sysd00
2710,16679347,"Youssef EL MSIYAH","2026-08-09 12:07:55",1083.0,2,youssefelmsiyah
2711,16674744,"Burhan Ul Tayyab","2026-08-10 10:55:43",1082.9,2,babychick
2712,16631101,"Muneeb ul Hassan","2026-08-10 09:56:41",1082.8,2,muneeb2405
2713,16658044,"Roshan Singh","2026-08-22 08:47:57",1082.1,2,roshanavadheshsingh
2714,16696852,MYGEMER,"2026-08-09 15:43:13",1081.9,1,mygemer
2715,16722500,"Mike Murunov","2026-08-16 15:18:17",1081.8,2,mikhailmurunov
2716,16663928,Auxileon,"2026-08-09 16:20:13",1081.7,2,auxileon
2717,16671314,"Robot Farm","2026-08-29 16:54:23",1081.6,2,codearranger
2718,16672660,"Straw Hat","2026-08-11 06:14:47",1080.4,2,"anuragugargol,tanishafagare114"
2719,16667124,"Chaotic Era","2026-08-12 01:26:13",1080.3,2,sani84
2720,16670545,"Mouad AIT HA","2026-08-18 20:03:55",1079.7,2,mo0103
2721,16645078,"A Aswanth Raj","2026-08-09 08:57:36",1079.1,2,aaswanthraj
2722,16679810,"Patrick Joël MAIRLOT-MBEZELE","2026-08-12 14:47:54",1078.7,2,pigenesis75
2723,16659610,gareeb,"2026-08-10 15:46:50",1078.1,2,"arjund29,saqlainsqx,yashawl194"
2724,16654109,"Mohamed Amine Aichaoui","2026-08-22 13:54:01",1077.9,2,mohamedamineaichaoui
2725,16674881,"Saisree Dhanasekaran","2026-08-20 08:09:07",1076.5,2,saisreedhanasekaran
2726,16732381,Raphdraft,"2026-09-03 01:11:34",1076.5,2,raphdraft
2727,16655323,roma,"2026-08-09 19:49:51",1076.3,2,mnroma
2728,16698735,Larfii,"2026-08-21 18:01:02",1076.2,2,larfii
2729,16694065,zhangwei02,"2026-08-30 09:29:12",1075.3,2,zhangwei02
2730,16699784,nianyu,"2026-08-10 09:46:32",1075.0,2,nianyuc
2731,16684639,Bru3ll,"2026-08-09 15:50:45",1074.2,2,bru3ll
2732,16654322,"Debatreya Biswas","2026-08-10 02:02:38",1074.0,2,debatreyabiswas
2733,16639583,typeIIIfairy,"2026-08-19 13:09:28",1074.0,2,typeiiifairy
2734,16672980,"Thomas Prinz","2026-08-09 13:57:51",1073.9,2,xardiphotography
2735,16684852,後藤将斗,"2026-08-24 14:51:20",1073.6,2,masato09
2736,16698661,"Albert Wang","2026-08-10 03:51:15",1073.3,1,mianwang1024
2737,16669439,"RL на спорах и мухоморах ZZZZZ","2026-08-23 09:29:37",1071.4,1,egoregors
2738,16695799,Vaycheslav,"2026-08-09 19:44:14",1069.5,2,vaycheslav
2739,16653385,"Vasilii Buzmakov","2026-08-26 09:29:04",1068.4,2,vasiliibuzmakov
2740,16792989,ALKRIS,"2026-08-31 14:35:26",1065.6,2,wasimjbuh
2741,16675778,213tubo,"2026-08-28 09:58:57",1065.4,1,tubotubo
2742,16657598,"Arun Mallikarjuna","2026-08-10 04:29:14",1065.0,2,arunmallikarjuna
2743,16670202,"Elizabeth Park","2026-08-09 20:33:17",1063.6,2,elizabethpark
2744,16663780,"Hamza Kanice","2026-08-09 00:08:11",1062.7,2,hamzakanice
2745,16669826,Jesse,"2026-08-09 16:12:43",1062.0,2,jesneuman
2746,16672371,Loren-wen,"2026-08-09 13:23:49",1061.2,2,wofusituerte
2747,16689471,wenjinyang,"2026-08-11 13:32:09",1061.0,2,wenjinyang
2748,16672247,"Movie Watch2022","2026-08-18 19:48:12",1059.5,2,moviewatch2022
2749,16624309,jjamppongmandu,"2026-08-10 01:36:25",1059.4,2,"beckspeca,hihiimj,jjamppongmandu"
2750,16684947,Hoaquason,"2026-09-02 09:21:14",1059.1,2,"datnguyen0102,mibombaclat"
2751,16789865,AgroByte-dev,"2026-09-02 14:39:25",1058.5,2,ylyasyylkybayev
2752,16660430,"Hassaan Ibrahim","2026-08-10 12:45:55",1058.3,2,hassaanibrahim
2753,16685828,Ztr0,"2026-08-09 05:53:10",1058.2,2,y1amadeus
2754,16658875,"Noah Bishop","2026-08-10 09:56:34",1057.6,2,noahbishop1
2755,16694751,im_justmatthew,"2026-08-10 11:27:00",1056.9,2,imjustmatthew
2756,16698467,"Ra'uf Fauzan Rambe","2026-08-10 04:29:13",1056.8,2,rauffauzanrambe
2757,16635518,"ROFIQUL ALAM SHEHAB","2026-08-09 11:49:00",1056.6,2,rofiqulalamshehab
2758,16652214,Zhenrui.Weng,"2026-08-09 06:45:10",1056.5,2,zhenruiweng
2759,16638998,"khalid harouach","2026-09-02 14:19:04",1056.4,2,khalidharouach
2760,16661249,Yaohui,"2026-08-26 14:59:02",1055.6,2,yaohui85
2761,16679848,Nikola010,"2026-08-13 16:29:19",1053.8,2,nikola010
2762,16724895,russ,"2026-08-19 08:55:30",1053.5,2,mdevian
2763,16669038,"Nabeel Shar","2026-08-09 13:29:09",1052.9,2,nabeelshar
2764,16644150,"J.M.Mubasshir Rahman","2026-08-09 17:15:01",1052.8,2,jmmubasshirrahman
2765,16661707,"Rudolf HOUNLETE","2026-08-09 11:41:08",1051.7,2,queystanle
2766,16639496,"Sai Teja Bandaru","2026-08-11 14:51:49",1050.9,2,saitejabandaruin
2767,16683439,Goober,"2026-08-10 19:46:41",1050.7,2,kongzhisyuen
2768,16622376,fmind,"2026-08-21 15:49:18",1050.7,2,freaxmind
2769,16657989,"vishnu gopal P","2026-08-08 12:27:56",1050.4,2,vishnugp
2770,16664179,animelonerboy,"2026-08-09 15:52:55",1050.0,2,adambasa5
2771,16661899,AAI,"2026-08-09 14:23:08",1049.8,2,aiolapo
2772,16624485,"Nishant Dahal","2026-08-10 02:24:42",1049.4,2,nishantdahal
2773,16665500,"Madan kumar","2026-08-13 17:31:57",1049.3,2,winklemad
2774,16683036,"Ritesh Thawkar","2026-08-14 08:34:08",1049.2,2,riteshthawkar
2775,16683982,Kenny,"2026-08-16 19:43:13",1049.1,2,kmonar
2776,16715729,Ajay_Rao_43,"2026-08-17 04:34:13",1048.8,1,ajayrao43
2777,16695182,"Ali Haydar Özdağ","2026-08-10 14:29:59",1047.9,2,ahoirg
2778,16720913,Candidates,"2026-08-23 17:18:05",1047.8,2,"ulyanovmmm,vladimirarchipov"
2779,16683909,"Krzysztof ""Chris"" Karaszewski","2026-08-14 08:41:11",1047.7,2,futureofworkchannel
2780,16623461,MightyK,"2026-08-09 05:36:23",1046.7,2,anhhkhoi
2781,16732496,kanno,"2026-08-18 04:16:14",1046.7,2,kannomasaki
2782,16661739,"Spandan Mhapsekar","2026-08-08 10:39:41",1045.4,2,spandanmhapsekar
2783,16690829,JeremyH43,"2026-08-16 00:06:30",1045.2,2,jeremyh43
2784,16678930,"Just a moroccan","2026-08-09 13:45:12",1045.0,2,zbidaamine
2785,16652827,"Rob C","2026-08-14 03:04:30",1044.8,2,robertcheah
2786,16692038,CodeHacker,"2026-08-09 07:58:52",1044.2,2,junhanzangai
2787,16623189,"Aditya Mishra","2026-08-09 03:42:06",1043.6,2,adityamishranika
2788,16668758,"Aman Vishwakarma","2026-08-09 17:33:00",1043.1,2,amanvishwakarma01
2789,16732679,argon,"2026-08-19 08:32:47",1042.3,2,argonlabs
2790,16660385,"Jose Santiago Echevarria","2026-08-25 12:02:45",1042.1,2,jmsechevarria
2791,16630249,"Aymar Avohoueme","2026-08-20 10:22:33",1041.2,2,aymaravohoueme
2792,16662592,"Vladislav Yushkevich","2026-08-09 14:54:24",1040.7,2,"crazyflyingsheep,vladislavyushkevich"
2793,16726173,"Aman Bihari","2026-08-23 12:51:05",1040.5,2,amanbihari
2794,16690897,"Ashok Kumar Garain","2026-08-08 13:26:11",1040.3,1,ashokkumargarain
2795,16705242,"Chonghao Peng","2026-08-26 21:16:03",1039.8,2,chonghaopeng
2796,16665976,"Daksh Goyal","2026-08-08 20:36:06",1038.8,2,dakshgoyal387
2797,16659958,brainpick,"2026-08-24 21:54:50",1038.3,2,prathvirajpalekar
2798,16670406,"jessica jennifer","2026-08-20 15:55:41",1038.2,2,jessicajennifer
2799,16684568,"[ODS] waniz","2026-08-08 11:04:42",1037.2,1,wanizz
2800,16771780,Trichoderma,"2026-08-29 01:41:24",1036.8,2,brunoescalhao
2801,16653984,"Howard Lyu","2026-08-08 18:35:00",1036.6,2,howardlyu
2802,16635330,tekatoncat,"2026-08-16 23:42:10",1036.5,2,tekatoncat
2803,16681986,"Chirantan Bhardwaj","2026-08-07 10:07:52",1035.8,1,chirantanbhardwaj
2804,16694317,"PRITIKA SA","2026-08-09 07:17:19",1035.7,2,pritikasa
2805,16742442,"Anton Dugin","2026-08-21 09:51:07",1035.7,2,antondugin
2806,16624003,weedfarmer,"2026-08-08 05:34:16",1035.6,2,aleksanderhan
2807,16665935,eternitywinner,"2026-08-08 14:41:53",1035.1,2,eternitywinner
2808,16665841,"Mohit Rao","2026-08-09 05:05:31",1034.9,2,vmohitrao
2809,16674839,"hongqian miao","2026-08-08 09:24:03",1034.4,2,hongqianmiao
2810,16748142,"Hikaru Umeda","2026-09-02 09:17:32",1034.2,2,hikarumeda1030
2811,16684762,X-xuhui,"2026-08-08 10:07:58",1034.2,2,xxuhui
2812,16659585,"Anas Riaz","2026-08-08 20:20:23",1034.1,2,anasriaz
2813,16664242,"Alex Lee","2026-08-11 03:43:12",1034.0,2,aiexanderr
2814,16640332,"ning gu","2026-08-21 00:01:22",1033.9,2,morninggu
2815,16669930,"Ilya Klimanov","2026-08-25 13:30:13",1033.8,2,ilyaklimanov
2816,16695283,"Mark Baushenko","2026-09-02 18:49:57",1033.7,2,e0xextazy
2817,16667091,"Nico Feiler","2026-08-07 14:27:47",1033.6,2,nicofeiler
2818,16633043,"Ryan Adams","2026-08-27 23:24:08",1033.2,2,ryanadamsai
2819,16692970,LakoMoor,"2026-08-09 17:43:25",1031.8,2,lakomoor
2820,16765151,htnhtn,"2026-09-02 08:20:40",1031.3,2,htnhtn
2821,16692883,coolguy,"2026-08-08 20:56:21",1031.2,1,vihangpagare334
2822,16725564,"Kole Duncan Robertson","2026-08-31 01:40:11",1030.9,2,kduncanrobertson
2823,16622487,"Sam kramer_1028","2026-08-18 09:40:58",1030.8,2,samkramer1028
2824,16678506,SireeshLimbu,"2026-08-08 08:39:43",1030.1,2,sireesh
2825,16655076,"Tita Kongolo","2026-08-08 09:08:57",1030.1,2,titakongolo
2826,16629699,radiant-allomancer,"2026-09-02 07:25:14",1029.2,2,radiantallomancer
2827,16676038,"Adyanth M","2026-08-09 05:12:40",1029.0,2,adyanthm
2828,16749776,DataLover,"2026-08-20 16:34:37",1028.9,1,paulknidler
2829,16663668,"╰┈➤ˎˊ˗ www.sleepyai.org","2026-08-08 23:49:32",1028.4,2,tahsinarafat
2830,16692677,"Ashish Dubey","2026-08-10 06:17:34",1028.4,2,ashish124536
2831,16679683,Aberrchan,"2026-08-08 17:44:32",1028.3,2,aberrchan
2832,16688579,"Long Hu","2026-08-09 09:41:04",1028.0,1,longhul
2833,16717671,Jeremy,"2026-09-01 15:58:58",1027.6,2,lukeenness
2834,16625472,"luna is free！","2026-08-29 16:39:51",1027.3,2,simingtan
2835,16669711,"Anton Shaniuk","2026-08-09 12:46:11",1027.3,2,antonshaniuk
2836,16680075,I_luv_magick,"2026-08-07 09:50:30",1026.9,2,iluvmagick
2837,16655497,cszf_first,"2026-08-09 02:06:46",1026.7,2,cszffirst
2838,16664409,"Kathi Munishwar","2026-08-09 03:37:05",1025.5,1,kathimunishwar
2839,16670117,"Raj Aryan","2026-08-07 18:15:04",1025.1,2,rajaryan2503
2840,16738705,"Atilla Y","2026-08-25 06:27:51",1025.1,2,atillay
2841,16630372,Q.qlmmm,"2026-08-24 18:25:02",1025.0,2,qlammi
2842,16658499,Grifun,"2026-08-09 03:24:51",1025.0,2,msingatullin
2843,16660101,Zarathustra,"2026-08-12 02:48:18",1024.5,2,rezkyadytama
2844,16683288,HuaLQin,"2026-09-03 00:49:05",1023.9,2,hualqin
2845,16623034,"Vlad Kochetov","2026-08-10 21:43:51",1023.5,2,vladkochetov07
2846,16667245,"KAIWALYA RAUT","2026-08-09 09:04:25",1023.1,2,kaiwalyaatulraut
2847,16634082,"Mikey Marszewski","2026-08-09 00:46:00",1023.1,2,mikeymarszewski
2848,16664827,"Jose Miguel Diez de la Lastra","2026-08-07 16:08:49",1023.0,2,josemigueldiez
2849,16658213,"Ahmet Abdullah Gültekin","2026-09-03 00:20:03",1022.7,2,abdullahgultekin
2850,16664283,"Nguyễn Hữu Công","2026-08-07 05:24:48",1022.6,2,nguynhucng
2851,16677399,lyts,"2026-08-23 16:04:08",1022.4,2,lytsyyds
2852,16671403,"Alex Karpowicz","2026-08-08 18:36:52",1021.7,2,alexkarpowicz
2853,16658278,"Malcolm Durosaye","2026-08-18 20:59:51",1021.4,2,malcolm95
2854,16661100,"Muhammad Junaid","2026-08-17 10:50:45",1021.3,2,junaid512
2855,16665353,Sakshamm2587,"2026-08-17 16:50:43",1020.9,2,sakshamm2587
2856,16634468,"Kun Zhang","2026-09-01 11:38:47",1020.2,2,beicicc
2857,16623485,XtraLearning,"2026-08-09 17:10:36",1020.0,2,xcessivesmash
2858,16653262,"tianwen zhang1","2026-08-08 16:21:18",1019.4,2,tianwenzhang1
2859,16692469,neoistheone,"2026-08-08 18:38:13",1019.3,1,neoistheone
2860,16658789,Zhanpeng.W,"2026-08-08 10:05:26",1019.3,2,zhanpengw
2861,16686843,"Juraj Zelman","2026-08-09 08:40:09",1019.3,2,jurajzelman
2862,16687463,"Manolo Chow","2026-08-09 22:56:20",1019.2,2,manolochow
2863,16784691,"Emre Kurubaş","2026-09-03 00:42:54",1018.7,2,emrekuruba
2864,16670065,"Artyom Sayapin","2026-08-18 23:40:18",1018.6,2,spielmeister
2865,16671372,"Meet Sabhaya","2026-08-08 06:02:13",1018.5,2,meetsabhaya
2866,16662161,"Touhidul Alam Seyam","2026-08-10 12:39:51",1018.2,2,seyamalam
2867,16655763,"Diogo Sena","2026-08-22 17:08:45",1017.8,2,diogodmsena
2868,16734498,kazuhiro3381,"2026-09-01 03:44:31",1017.3,2,kazuhiro3381
2869,16688898,"Sanskar Omar","2026-08-09 11:10:44",1017.3,2,sanskaromar7
2870,16716558,"Evan Tobias","2026-08-31 19:19:50",1017.2,2,evantobias
2871,16771456,"Tianrun Liao","2026-09-02 17:27:38",1017.1,2,tianrunliao1
2872,16732667,Doug,"2026-08-26 23:26:49",1017.1,2,dougsgrott
2873,16671174,Alexandre008,"2026-08-09 12:29:49",1017.0,2,alexandre008
2874,16656347,OctahedronBB,"2026-08-07 00:52:27",1016.9,2,octahedronbb
2875,16762837,Nagamatsur,"2026-09-02 19:34:00",1016.1,2,rihitonagamatsu
2876,16654626,bgsszsa,"2026-08-07 12:01:33",1016.0,2,bgsszsa
2877,16670361,"Saud Saudesen","2026-08-15 22:16:42",1015.5,2,saudsaudesen
2878,16662730,Operator-X,"2026-08-08 10:06:04",1015.4,2,"jpexee,lavlinjaisonme23b250"
2879,16670020,nanare,"2026-08-28 19:08:06",1015.3,2,nanaresudo
2880,16665015,"laiba razzaq10","2026-08-07 14:21:49",1015.3,2,laibarazzaq10
2881,16731259,"Manvik singh rathore","2026-08-30 17:18:55",1015.3,2,manviksinghrathore
2882,16676193,"Akira Hirohashi","2026-08-07 14:00:23",1014.8,2,akirahirohashi
2883,16682336,"Çınar Efe Yetişen (Student)","2026-08-19 08:29:20",1014.4,2,narefeyetienstudent
2884,16659730,"Zhang Yingluo","2026-08-10 08:15:53",1014.1,2,zhangyingluo
2885,16689084,Tam1m,"2026-08-29 09:56:39",1013.8,2,booleanwolf
2886,16660120,gktdgktdgktd,"2026-08-07 07:50:45",1013.5,2,gktdgktdgktd
2887,16663369,csteeve,"2026-08-07 18:44:37",1012.8,2,csteeve
2888,16660613,今日洗澡明日香,"2026-08-07 09:58:49",1012.6,2,"jasperkag,ryjiang,timmengzh,yningc"
2889,16641535,Tutti,"2026-08-09 12:38:55",1012.6,2,malk271828
2890,16666826,"Simone di costanzo","2026-08-07 19:38:11",1012.5,2,simonedicostanzo
2891,16670221,fle3n,"2026-08-08 19:48:37",1012.2,2,fleongg
2892,16663457,Furqan102102,"2026-08-09 12:02:35",1011.9,2,furqan102102
2893,16666358,"GAYATHRI SALINI","2026-08-07 07:55:26",1011.6,2,gayathrisalini09
2894,16683852,"Abhiram Anil","2026-08-08 06:26:11",1011.4,2,abhiramanil
2895,16681226,"tingting shen","2026-08-10 09:24:23",1011.4,2,tingtingshen99
2896,16676025,"Csaba József","2026-08-31 19:31:00",1011.2,2,"jcsaba,peterkiss4"
2897,16680408,mochogo,"2026-08-07 05:42:33",1010.0,1,mochogo
2898,16667219,"Komil Parmar","2026-08-08 10:00:55",1009.8,2,komilparmar
2899,16693382,Sandrone,"2026-08-29 07:40:35",1007.7,2,luvgoelo
2900,16622788,Fitzcarraldo,"2026-08-07 14:17:24",1007.6,2,ivankuc
2901,16655156,"Pranjal Ranjan","2026-08-06 23:58:43",1007.6,2,pranjalranjan299
2902,16634174,phibkro,"2026-08-07 03:10:52",1007.5,2,phibkro
2903,16681480,"Kevin Nguyen","2026-08-14 18:16:29",1007.4,2,haidangnguyen1802
2904,16630441,"yjhv buddies","2026-08-07 09:50:05",1007.1,2,bender1123123
2905,16644552,Keanan,"2026-08-08 11:35:17",1007.1,2,citerne
2906,16665529,Venneth,"2026-08-08 12:32:20",1006.2,2,venneth
2907,16626203,"Manish Kumar Maurya","2026-08-18 17:01:59",1006.0,2,manishkumarmaurya11
2908,16660259,Marcus,"2026-08-08 17:23:34",1005.7,2,marcuseno
2909,16658670,EveryJust,"2026-08-07 08:33:35",1005.5,2,"everyjust,zfc666wsnd"
2910,16658343,aisamhottman,"2026-09-03 01:13:14",1004.5,2,heuingttiang
2911,16670378,"Ari Carter","2026-08-08 23:18:02",1004.4,2,aricarter
2912,16671844,I2nfinit3y,"2026-08-07 02:27:10",1003.6,2,i2nfinit3y
2913,16671515,ziheng,"2026-08-07 09:47:38",1003.4,2,zihengedie
2914,16643193,"Shoroogh Ahmadi","2026-08-13 10:36:43",1002.9,2,shorooghahmadi
2915,16729472,"Boris Pletenev","2026-08-16 17:23:56",1002.1,1,borispletenev
2916,16631665,"jatan sanghvi","2026-08-07 06:10:48",1002.0,2,jatansanghvi
2917,16623524,"Marcus Vinicius","2026-08-28 13:04:15",1001.6,2,marcux777
2918,16654697,KawattaTaido,"2026-09-02 03:27:25",1001.4,2,kawattataido
2919,16685358,"Nuno Ferreira","2026-08-07 13:48:37",1001.3,1,ngcferreira
2920,16666686,yolo,"2026-08-08 12:08:38",1001.2,2,avin55
2921,16673131,"Arfin Mustofa","2026-08-19 01:46:41",1000.8,2,arfinmustofa
2922,16670671,"TAUIL Abd Elilah","2026-08-11 01:17:39",1000.8,2,tauilabdelilah
2923,16668034,ggggalaxy,"2026-08-28 04:56:40",1000.6,2,ggggalaxy
2924,16736559,"Team Rot-Weiß","2026-08-19 13:22:35",999.8,2,moritzpaal
2925,16670504,Shirabe,"2026-09-03 01:11:13",999.5,2,carlmakt
2926,16664666,"Rheal Thomas","2026-08-21 19:29:44",999.3,2,rhealthomas
2927,16668029,Timbo615,"2026-08-07 11:56:21",999.1,2,timbo615
2928,16640701,momoon,"2026-09-02 17:20:58",996.9,2,nomuraryota
2929,16637919,NoOneAhead,"2026-08-07 05:12:50",996.5,2,jerrlu
2930,16630129,"Yi Lu","2026-08-08 05:23:05",996.1,2,liqiu0224
2931,16631400,JZ,"2026-09-02 23:09:21",995.7,2,zhoujiachen
2932,16668668,"George Byne","2026-08-25 10:10:36",995.4,2,georgebyne
2933,16673002,xubenzheng,"2026-08-07 15:40:31",995.4,2,xubenzheng
2934,16690889,"B A S E L #","2026-08-08 14:47:22",995.3,2,basselll
2935,16678288,"Speedrun retirement","2026-08-30 18:59:23",995.0,2,"josephkimanikamau,nanducode"
2936,16686155,梁圣的恩情还不完,"2026-08-16 15:48:21",994.3,2,yyyyhhhhwww
2937,16673179,"Muhammad Faraz Aftab","2026-08-09 10:18:58",993.7,2,muhammadfarazaftab
2938,16670058,"Dahoui Alex Armel ","2026-08-07 01:02:07",993.2,2,dahouialexarmel
2939,16676677,"Clark Stéphane","2026-08-07 18:58:45",992.8,2,clarkstphane
2940,16665898,chengsongtao,"2026-08-23 00:12:59",992.2,2,cheng618
2941,16679237,"Danilo Sepúlveda","2026-08-06 21:26:28",991.8,1,daniloseplveda
2942,16706222,"Xiangyu Liu","2026-08-31 12:32:34",991.4,2,xiangyuliu007
2943,16674932,kokinnwakashuu,"2026-08-07 07:20:19",991.3,2,kokinnwakashuu
2944,16656118,Mutte1904,"2026-08-07 05:03:56",991.1,2,mutte1904
2945,16676280,agniii,"2026-08-06 17:05:08",991.1,2,agniii
2946,16657957,"Mounika Kommireddy","2026-08-08 07:57:32",990.9,2,mounikakommireddy
2947,16639606,Peach2587,"2026-08-12 03:19:13",990.1,2,momokayoshioka
2948,16685990,VictorAndrew,"2026-08-10 16:39:51",990.0,2,vicktvr
2949,16669273,Parag,"2026-08-07 02:10:29",988.9,2,paragkale
2950,16653117,"li jiaqi77","2026-08-07 05:32:06",988.7,2,lijiaqi77
2951,16732008,"Phoebe Lin","2026-09-02 09:43:29",988.6,2,phoebe0511
2952,16675027,namanbnsl,"2026-08-06 13:02:52",988.3,2,namanbnsl
2953,16670040,galaxyhunter,"2026-08-17 19:22:06",986.6,2,pkharkwal
2954,16662041,"Thu Nguyen","2026-09-02 11:24:30",986.5,2,thunguyen1510
2955,16627194,GzmCR632,"2026-08-10 14:31:37",986.0,2,gzmcr632
2956,16669491,"Parakh Sharma","2026-08-06 10:59:33",985.9,2,parakh20
2957,16635781,wacata,"2026-08-19 14:53:05",985.7,2,wacata
2958,16653208,FabienDaniel,"2026-08-07 10:17:38",985.3,2,fabiendaniel
2959,16702674,"Varun S G","2026-08-25 12:24:45",984.5,2,warun7
2960,16660537,Furina,"2026-08-08 13:52:01",984.5,2,cjlcjlcjl
2961,16639280,"Faruk Çiftler","2026-08-09 11:27:46",984.0,2,abdullahfaruk
2962,16621802,fgwiebfaoish,"2026-08-13 12:21:54",983.4,2,fgwiebfaoish
2963,16676283,jnurik,"2026-08-07 17:24:01",982.9,2,nurdauletmoldik
2964,16665561,LuoXingda,"2026-08-07 08:22:42",982.4,2,luoxingda
2965,16659000,xjlgg123,"2026-08-08 12:35:10",981.7,2,xjlgg123
2966,16665431,"Monojit Nandy","2026-08-06 11:50:38",981.0,2,vedarthmn
2967,16658723,"Waleed Alkhateeb","2026-08-05 13:31:44",980.8,2,waleedalkhateeb
2968,16743033,Nagahama,"2026-08-29 20:09:15",980.8,2,kazukinagahama
2969,16630758,"Keshav Joshi","2026-08-20 18:53:37",980.5,2,keshavjoshi22
2970,16656941,"Winter Lamb","2026-08-30 00:06:56",980.5,2,fabiansyahcahyo
2971,16675753,Khafidin,"2026-08-12 05:16:26",980.4,2,khafidin
2972,16660215,"YoungDSML [dsml.kz]","2026-08-06 16:29:33",980.3,2,"mazgas,nurikw3"
2973,16665129,Doom,"2026-08-18 04:28:35",979.6,2,"mr6436,sanskaarundale"
2974,16664368,"Ujjwal Reddy","2026-08-10 19:43:26",978.5,2,ujjwalreddyks
2975,16669971,"Luka Philip","2026-08-08 16:09:32",977.4,2,lukaphilip
2976,16633276,"Nolan Liang","2026-08-09 03:26:47",976.7,2,iamlkn
2977,16667714,ZhexinJiang,"2026-08-06 11:26:30",976.4,1,zhexinjiang
2978,16795448,ultimatum_game,"2026-09-01 14:09:28",976.2,2,ultimatumgame
2979,16659820,Accayo14,"2026-08-06 14:20:30",976.1,2,accayo14
2980,16643922,Konstantin03,"2026-08-07 13:37:54",975.6,2,konstantin03
2981,16654623,"Asher Goldstein","2026-08-09 17:54:27",975.4,2,ashergoldsteincd21
2982,16630729,https://how.rl.works/,"2026-08-10 10:29:32",975.1,2,grennwolf
2983,16665169,"Rahul Barakoti ITM","2026-08-07 10:58:30",975.1,2,rahulbarakotiitm
2984,16653939,"Amr Yasser","2026-08-06 17:56:07",974.8,2,amryasswe
2985,16634078,"yoho kumedayo","2026-08-15 12:48:29",974.5,2,dorachinyastyle
2986,16666625,"Nguyen Ngoc Thien","2026-08-07 16:12:04",974.4,2,ngocthienai
2987,16673604,"Jiman Kwon","2026-08-21 17:23:47",974.1,2,jimankwon
2988,16698071,nixotrix,"2026-09-02 06:35:23",973.8,2,nixotrix
2989,16654832,mohit,"2026-08-07 00:01:08",973.8,2,mohitvarred
2990,16658384,UwU,"2026-08-10 04:20:44",973.3,2,claudesewitz
2991,16658709,"Kaggler Albafica","2026-08-06 10:05:39",972.7,2,kaggleralan
2992,16659727,shuaiqiyang,"2026-08-06 08:48:53",972.5,2,shuaiqiyang
2993,16642154,Burkina_team_mate,"2026-08-06 15:30:54",972.5,2,"belemkalilou,tedjosegregorybere"
2994,16661994,"Suvrat Rai","2026-08-16 09:04:58",972.2,2,suvrat11rai
2995,16652900,cjen07,"2026-08-07 23:33:05",972.2,2,cjen07
2996,16621716,harlen,"2026-08-06 08:04:24",971.8,2,harlenka
2997,16642579,"Desyat IO","2026-08-09 17:31:59",971.6,2,desyatio
2998,16681065,SYC,"2026-08-07 03:22:25",971.1,1,yichengs
2999,16684470,"Soumi Ghosh","2026-08-11 10:59:07",971.0,2,soumighosh911
3000,16640582,Attension_Seeker,"2026-08-10 06:57:51",970.8,2,aisipu
3001,16677240,"Jeevan Malla","2026-08-07 07:37:46",970.6,2,jeevanmalla
3002,16659525,"Dang Khoa Nguyen","2026-08-17 09:51:16",969.9,2,khoadangnguye
3003,16678250,"RMS Danaraj","2026-09-02 17:44:04",969.6,2,salorajan
3004,16660091,bcTiann,"2026-08-06 05:55:54",969.4,2,bctiann
3005,16782792,"[Deleted] bdc3c175-811b-438f-9c3a-c2d9c80c106a","2026-08-29 07:16:45",969.3,2,del=e8b93c44cf962f9e
3006,16623920,"Kazuta MIZUTA","2026-08-07 03:22:25",969.1,2,kazutamizuta
3007,16657290,lol-hiker,"2026-08-31 07:57:12",968.9,2,lolhiker
3008,16631536,kglctf,"2026-09-02 12:16:22",968.7,2,kglctf
3009,16671292,Yuyajk,"2026-08-07 09:00:27",968.3,2,yuyajk
3010,16669608,"Jesy Lu","2026-08-13 16:21:53",968.3,2,jesylu
3011,16654726,"James Mancillas","2026-08-07 15:46:12",968.0,2,jamesmancillas
3012,16674550,"Jebastin Nadar","2026-08-06 10:09:16",967.8,2,samfc10
3013,16673155,"Babar Khilji","2026-08-06 15:55:26",967.6,2,babarkhilji
3014,16729165,コーラ,"2026-08-23 07:30:40",967.2,2,cola0912
3015,16764081,"Demir Durbakayım","2026-08-29 21:21:56",966.9,2,sixcode
3016,16762722,"Bruno Romero García","2026-08-31 20:24:32",966.3,2,brunoromerogarca
3017,16669518,Galagala,"2026-08-07 18:35:59",966.3,2,b12705059
3018,16679155,jeziorop,"2026-08-06 20:34:53",965.8,1,jeziorop
3019,16658717,"Aditya Kapadia","2026-08-06 14:32:16",965.7,2,adityakapadia2003
3020,16652986,"Justin Kimlim","2026-08-26 03:12:37",965.3,2,justinkimlim
3021,16663591,"Joseph Franck","2026-08-25 10:07:56",964.7,2,josephfranck
3022,16660555,"Nguyễn Nhật Thanh","2026-08-07 03:45:29",964.2,2,nguynnhtthanhhhhh
3023,16675203,HK,"2026-08-06 11:38:05",963.7,1,hizurukonishi
3024,16677675,"Roman Mironov","2026-08-06 17:30:28",963.7,1,helloromiro
3025,16668545,Ronty00,"2026-08-06 08:24:07",963.6,2,ronty00
3026,16758431,"Mathews Jere","2026-08-26 18:10:25",963.5,2,mathewjere
3027,16796370,MioValentine,"2026-09-02 14:35:42",963.0,2,yuyizhu
3028,16626979,"Soobin An","2026-08-06 03:34:21",963.0,2,myotterspace
3029,16744809,"Ruben Romero Fernández-Monge","2026-08-25 18:00:39",961.5,2,salieri7
3030,16658025,"Dennis Gioche","2026-08-06 09:08:34",961.2,2,dennisgioche
3031,16664360,"Rohan L","2026-08-28 22:21:41",960.9,2,rohanlopes
3032,16709872,"Tim McGarvey","2026-09-02 21:45:40",960.7,2,timmcgarvey
3033,16668039,NotEnoughTokens,"2026-08-06 13:04:52",960.5,2,"adofai,jonghyun7777,taglink"
3034,16667205,"Andrew Lee","2026-08-06 11:16:52",960.5,1,andrewlee23023
3035,16671407,JBro13,"2026-08-07 02:29:02",960.2,2,jbro13
3036,16691451,Nakano,"2026-09-02 07:37:11",959.1,2,spicatom0914
3037,16623798,RuiKimura4,"2026-08-27 00:30:45",957.3,2,ruikimura4
3038,16632446,"Abdul Wahab Khan","2026-08-06 04:53:37",957.2,1,abdulwahab2321
3039,16664775,DoubleZs,"2026-08-06 02:55:02",957.1,2,zhang051018
3040,16655493,TheDigitalCK,"2026-08-07 12:31:58",956.8,2,thedigitalck
3041,16655353,"Pablo Montenegro","2026-08-09 02:13:47",956.3,2,pablomontalb
3042,16667606,Manifolds1,"2026-08-06 16:36:46",955.6,2,ptrakuldit
3043,16653958,seowoohyeon,"2026-08-06 11:48:06",955.2,2,seowoohyeon
3044,16723427,"Nikita Biryukov","2026-09-02 21:04:18",954.9,2,bnikita
3045,16804231,illegalplumbing,"2026-09-02 19:24:11",954.8,2,illegalplumbing
3046,16670807,mannogun,"2026-08-07 11:05:42",954.2,2,arcanejumper
3047,16668736,bhundreds,"2026-09-02 12:22:50",954.2,2,hundreds1103
3048,16631016,木下陽平,"2026-08-06 14:52:20",953.7,2,yoheikaggle
3049,16687135,"Kavya Bhandari","2026-08-22 17:20:43",953.6,2,kavyabhandari1998
3050,16659045,Rai1,"2026-08-08 11:53:28",953.5,2,rai2003
3051,16639125,"Caio Coelho","2026-08-09 15:38:12",953.1,2,caio41
3052,16665256,zhoujqi,"2026-08-06 18:31:31",953.1,2,zhoujqi
3053,16664170,SpookyHippo,"2026-08-06 02:44:29",953.1,2,spookyhippo
3054,16791873,Sanjay,"2026-09-02 16:41:53",952.9,2,sanjay6727
3055,16625013,sash,"2026-08-05 01:00:10",952.3,2,sash2104
3056,16656393,"Faris Abqari","2026-08-07 00:15:25",952.2,2,farisabqari11
3057,16668060,"Spiros Skarmoutsos","2026-08-08 12:48:07",951.5,2,spirosskarmoutsos
3058,16641326,IY,"2026-08-05 19:27:31",951.4,2,irotrader
3059,16774884,assssstnuar,"2026-09-02 15:33:44",951.1,2,assssstnuar
3060,16666609,"visit palja.co","2026-08-15 03:34:49",950.5,2,sselrats
3061,16757741,"Malte Bories","2026-08-25 20:08:35",950.4,2,maltebories
3062,16654081,"Aleksei Ponomarev","2026-08-06 00:43:57",949.2,2,alekseiponomarev
3063,16665702,"Aman Gupta","2026-08-06 08:09:05",949.1,2,amangupta0014
3064,16796145,Qian,"2026-09-01 15:04:00",948.8,2,"aurelianz,qianyuchaoni"
3065,16695567,tera358,"2026-09-01 18:15:35",948.6,2,tera358
3066,16625908,trantrikien239,"2026-08-06 04:32:29",948.3,2,trantrikien239
3067,16797785,"Vivek Verma","2026-08-31 20:36:45",948.1,2,cosmicescape
3068,16635679,WUHAOZHE618,"2026-08-15 04:08:45",948.0,2,wuhaozhe618
3069,16669542,Agzam,"2026-08-06 05:09:43",947.3,2,mazgag
3070,16671622,"Isaac Diaz Lopez","2026-09-03 00:46:45",947.2,2,isaacdiazlopez
3071,16718916,"ROBERT SSEBAMBULIDDE","2026-08-14 19:21:24",947.1,2,robertssebambulidde
3072,16663899,"Abdelrahman Aboegela","2026-08-05 13:54:26",946.7,2,abdelrahmanaboegela
3073,16659761,cheng-han,"2026-08-06 08:16:10",946.6,2,neoshie
3074,16662896,"Adrian Dubois","2026-08-13 22:50:26",946.6,2,adriandubois
3075,16672520,"Nah I'd win","2026-08-07 08:09:12",946.2,2,asutriy
3076,16770912,IsonaEi,"2026-08-26 12:48:48",945.7,1,isonaei
3077,16677188,Nicooni,"2026-08-06 16:35:01",944.6,1,nicooni
3078,16657198,Eldritch,"2026-09-02 09:41:40",944.5,2,thefool00
3079,16653855,"Klgv Klgv","2026-08-06 11:54:38",943.8,2,klgvklgv
3080,16758174,REBEL_K,"2026-08-27 18:30:45",943.6,2,rebelk
3081,16713463,"Dillen Perumal","2026-08-29 16:39:37",943.6,2,dxllen
3082,16698538,"Haozhe Wang 2022","2026-08-24 00:50:02",943.1,2,haozhewang2022
3083,16635890,Poojan,"2026-08-06 09:44:47",941.9,2,poojankumartandel
3084,16664819,"SUBHASRI  S","2026-08-23 04:02:41",941.4,2,subhasri2007
3085,16667547,"miaoqing long","2026-08-06 03:31:43",941.2,2,miaoqinglong
3086,16623592,Jack,"2026-08-05 17:06:09",940.8,2,jackvd
3087,16719793,dhuruvapriyan,"2026-08-14 16:06:42",940.1,2,dhuruvapriyan
3088,16663681,"Петар Кнежевић","2026-09-01 11:46:48",940.1,2,petarknezevic1
3089,16668357,"B.Pardha Manoj Reddy","2026-08-24 16:57:25",940.0,2,pardhamanojreddy
3090,16695556,"Prajwal Dongre","2026-08-12 08:53:42",939.7,2,prajwaldongre
3091,16670765,"tensor choko","2026-08-05 23:03:23",939.7,1,tensorchoko
3092,16663213,"Takahiro Someya","2026-08-10 22:03:09",939.7,2,takahirosomeya
3093,16623665,Giba,"2026-08-05 22:44:41",938.8,2,titericz
3094,16652630,stars_w,"2026-08-25 17:13:04",938.7,2,starsw
3095,16668995,"MD.Firoj Khondokar","2026-08-06 11:05:13",938.7,2,mdfirojkhondokar
3096,16770724,Louras,"2026-08-26 09:49:05",938.4,2,louras
3097,16690500,Mr.NoT_GaMeR,"2026-09-02 11:39:31",937.9,2,joshdilipkumarpatel
3098,16748741,"pt ptao","2026-08-26 12:50:45",936.6,2,ptptao
3099,16654209,"Nirav Mehta 1612","2026-08-10 15:41:47",935.8,2,niravmehta1612
3100,16694399,"Sujith Kumar Sashikanth","2026-08-10 00:01:32",935.8,2,sujithsashi
3101,16663513,Pakistan,"2026-08-05 00:54:11",935.7,2,"debayank2024,laveshjadon,laxmikantaroy,tarunraii"
3102,16774075,"Mohammad Yaser Hussain","2026-09-02 22:22:22",934.9,2,mohammadyaserhussain
3103,16729564,"Eirik Tveiten","2026-08-19 13:04:02",934.3,2,eiriktveiten
3104,16661019,lmq,"2026-08-04 14:47:23",933.9,2,lmminhquang
3105,16666784,"Michał Łapiński","2026-09-02 09:31:13",933.5,2,michaapiski
3106,16751999,"Poorna Sai Dumpa","2026-08-25 01:03:04",933.5,2,poornasaidumpa
3107,16663178,Sm00thiecodes,"2026-08-07 11:00:29",933.4,2,sm00thiecodes
3108,16670304,"Daniel Tomaro1","2026-08-09 03:03:06",933.4,2,danieltomaro1
3109,16753826,"Jai Mata Di","2026-08-31 10:09:11",932.5,2,mrigshira
3110,16665966,aj000,"2026-08-28 11:48:19",932.3,2,anishjagdaleaj
3111,16673682,MJ.LIU.T,"2026-08-06 08:14:05",932.3,1,mjliut
3112,16677774,"Abdulatif Mahgoub","2026-08-28 13:26:27",932.2,2,abdulatifmahgoub
3113,16764419,"Leo #2","2026-08-30 08:17:12",932.1,1,nanlihao
3114,16653085,"haoran huang430","2026-08-06 02:37:22",931.5,2,haoranhuang430
3115,16670099,"Jon Snyder","2026-08-06 00:27:21",931.2,2,snyderj1515
3116,16635418,ocean240812,"2026-08-07 08:50:56",930.8,2,ocean240812
3117,16778835,kiyoc,"2026-08-31 15:01:42",930.4,2,kiyoshiohno
3118,16637458,OlivierS,"2026-08-31 23:06:18",930.2,2,oliviers
3119,16624600,ariacat,"2026-08-06 07:16:44",930.2,2,ariacat
3120,16639043,"saroj bono","2026-08-28 18:42:55",930.2,2,sarojbono197
3121,16686513,Vipul_Kumar75476,"2026-08-11 20:16:12",930.0,2,vipulkumar75476
3122,16699699,rudykane,"2026-08-11 16:06:34",929.8,2,rudykane
3123,16663271,"Malyshev Danil","2026-08-05 14:57:19",929.8,2,malyshevdanil
3124,16644861,"kanzaler ensemble","2026-08-11 14:30:36",929.4,2,kanzalerensemble
3125,16691670,wangbin.dev,"2026-08-22 05:31:34",929.3,2,wangbindev
3126,16711556,"Avvy Lavoienne","2026-08-18 04:44:16",929.2,2,avvylavoienne
3127,16702509,KošičanSVK,"2026-08-17 18:04:22",928.8,2,ryanstoner
3128,16664683,"Halapeño Farms","2026-09-02 07:23:49",927.7,2,haladaj
3129,16735488,"arhaan rai","2026-09-01 19:18:46",927.7,2,arhaanrai
3130,16640388,SANNNNN,"2026-08-03 18:41:38",927.7,2,zuhairsan
3131,16623812,"SeshuRaju 🧘‍♂️","2026-08-25 13:12:13",927.1,2,seshurajup
3132,16661410,tmxdlr,"2026-08-05 12:40:54",926.9,2,tmxdlr
3133,16693164,nuggettttt,"2026-08-09 02:14:22",926.5,2,nuggettttt
3134,16659883,"Ahmad Hfdx5","2026-08-05 03:33:48",926.2,2,ahmadhfdx5
3135,16655530,AlivRick,"2026-08-05 16:18:54",926.2,2,alivrick
3136,16791977,JeremyLIU1997,"2026-09-03 00:00:29",925.8,2,jeremyliu1997
3137,16662872,"Artem Garbart","2026-08-05 09:41:29",925.3,2,artyomgarbart
3138,16650018,EiMengLove,"2026-08-05 10:27:31",924.6,2,konicty
3139,16664300,"swajay nandanwade","2026-08-05 04:57:10",924.5,2,swajaynandanwade
3140,16794125,"Xero Scythe","2026-09-02 18:57:39",924.3,2,xeroscythe
3141,16732722,Kusanagi,"2026-08-24 21:52:54",924.3,1,kusanagiap
3142,16654486,alijs,"2026-08-06 14:27:22",924.0,2,alijs1
3143,16659217,Dynamic_fire07,"2026-08-05 18:51:51",923.5,2,"dynamicfire07,tryingmybest123"
3144,16656345,sunchang71,"2026-08-05 14:05:13",923.4,2,sunchang71
3145,16656009,"Steven Liu","2026-08-31 06:25:02",922.2,2,thornkey
3146,16659093,YangGod,"2026-08-27 17:32:36",922.0,2,yanggod
3147,16625921,JinchengZhang1,"2026-08-09 03:45:30",921.8,2,jinchengzhang1
3148,16624977,Avikumar93801,"2026-08-11 05:55:19",921.7,2,avikumar93801
3149,16638909,mbscgi,"2026-08-04 22:48:03",921.5,2,mbscgi
3150,16731605,datatuu,"2026-09-03 01:13:17",921.5,2,yaoguang516
3151,16669282,sky233,"2026-08-06 17:06:04",920.3,2,sky233
3152,16660819,nya654nya,"2026-08-07 04:47:33",920.0,2,nya654nya
3153,16705139,gogogo,"2026-09-03 01:11:31",919.9,2,huzech
3154,16656420,"Aditya Raj #2","2026-08-18 16:37:49",919.4,2,optimus2005
3155,16658261,"Manan Khanna","2026-08-04 07:41:27",919.1,1,manankhanna0
3156,16658684,"Takayuki Michishita","2026-09-02 10:38:43",918.8,2,takayukimichishita
3157,16661229,Gena,"2026-08-04 15:18:42",918.5,2,gdonchyts
3158,16655534,"Charles Mills","2026-08-06 16:40:27",918.2,2,charlesqmills
3159,16623236,"Yonatan Nemtsov","2026-08-06 00:28:01",917.8,2,yonatannemtsov
3160,16661010,"Dante Dyches-Chandler","2026-08-05 04:36:09",917.6,2,dantedycheschandler
3161,16642207,"Nerijus Areska","2026-08-04 00:01:32",917.4,2,nerijusareska
3162,16654271,"Sophie and Yanna","2026-08-19 17:08:47",917.4,2,"morty3500,sophanie"
3163,16664239,VK_Kaggriculture..StartCompet,"2026-08-05 02:03:48",917.3,1,venkatkumar001
3164,16742806,"Oğuz Karabulut","2026-09-02 16:48:13",917.3,2,ouzkarabulut
3165,16653122,Wei_Chance,"2026-08-23 10:25:14",917.2,2,bystanderq
3166,16662910,"shoryakumar mishra","2026-08-05 16:05:32",917.1,2,shoryakumarmishra
3167,16664291,"William Dennis","2026-08-11 07:57:27",917.0,2,williamdennis
3168,16689697,Kmart0112,"2026-09-02 04:10:10",916.9,2,kmart0112
3169,16665230,"Jack Burley","2026-09-02 00:15:22",916.4,2,jackburley
3170,16657077,_LT_zyc,"2026-08-05 01:01:42",916.2,1,zyczyc
3171,16669400,"Martin Konôpka","2026-08-06 12:16:13",916.1,2,rumburakk
3172,16652896,"R^2 negative","2026-08-04 23:14:38",915.8,2,rktqwe
3173,16657817,"rohith sai midigudla","2026-08-05 12:36:40",915.7,2,rohithsaimidigudla
3174,16662496,KhalidKhan,"2026-08-05 05:31:07",915.6,2,feedfeed
3175,16666163,"Muthuraman Raman 7","2026-08-06 05:25:09",915.2,2,muthuramanraman7
3176,16655828,ack07,"2026-08-06 04:52:07",915.2,2,its07amit10
3177,16641093,"Satish ","2026-08-20 04:18:42",915.0,2,satishkommanaboina
3178,16666900,sooflee,"2026-08-12 14:19:50",915.0,2,sooflee
3179,16727696,Milkman,"2026-08-19 15:05:17",914.9,2,talhasahi
3180,16734813,"Johan BONILLA MENDIETA","2026-09-01 23:21:50",914.9,2,johanbonillamendieta
3181,16664890,ideal_m99,"2026-08-06 00:00:33",914.8,2,idealm99
3182,16645426,Jun_value,"2026-09-03 01:11:51",914.5,2,junvalue
3183,16646970,juewang1p,"2026-08-13 03:18:21",914.4,2,juewang1p
3184,16683764,bf01,"2026-08-21 21:19:05",914.0,2,jalperov
3185,16655712,"Smart Manoj","2026-08-04 01:55:13",913.7,2,smartmanoj
3186,16665399,"Shivam Shrivastava","2026-08-13 15:32:37",913.6,2,shivamshrivastava180
3187,16664518,senxichong,"2026-08-13 04:28:32",913.4,2,senxichong
3188,16621709,smlcr,"2026-08-04 19:35:19",912.9,2,simulacri
3189,16639369,"Kyuhwan Cho","2026-08-19 07:20:02",912.9,2,octoarden
3190,16698045,"Vikhas S G","2026-08-18 04:56:07",912.3,2,vikhassg
3191,16657861,"Liao Zixu","2026-08-25 04:28:34",911.8,2,liaozixu
3192,16644774,lungjyuanz,"2026-08-07 01:03:20",911.4,2,lungjyuanz
3193,16660376,"Ahmed Sedky 0100","2026-08-06 20:56:37",911.2,1,ahmedsedky0100
3194,16650396,RaymondZhao0304,"2026-08-04 00:39:30",910.9,2,raymondzhao0304
3195,16632694,8ct10nz,"2026-08-04 12:02:49",910.8,2,act10nz
3196,16659033,"Farzana Shaju","2026-08-05 07:18:29",910.8,2,"farzanashaju,shaikhharisjamal"
3197,16660853,"lxh unbound","2026-08-05 00:02:02",910.5,2,lxhunbound
3198,16659676,Light,"2026-08-05 03:07:39",910.3,2,aadarshashrestha007
3199,16695555,S4K50M,"2026-08-12 14:39:41",910.3,2,setiasaksham
3200,16636148,SanggeunParrk,"2026-08-05 04:04:32",910.1,2,sanggeunparrk
3201,16702796,Yavuz.YILMAZ,"2026-09-02 07:21:20",909.8,2,yvztpe
3202,16660046,"Ikki Katsuyama","2026-08-07 06:07:42",909.7,2,kacchanwriting
3203,16656170,"Chakrabhuana V  Deva","2026-08-05 06:54:50",908.8,2,chakrabhuanavdeva
3204,16657294,"Ragul M","2026-08-04 07:08:51",908.1,2,ragul7002
3205,16656503,"Thiago Munhoz da Nóbrega","2026-08-04 20:47:37",907.9,2,thiagommtmn
3206,16663096,Agola_dasacic,"2026-08-04 20:07:50",907.8,2,mnu303
3207,16768449,"Dmitry Volovikov","2026-09-02 16:55:51",907.2,2,dmitryvolovikov
3208,16678965,MrGS,"2026-08-09 01:18:09",907.0,2,gabrielsderhll
3209,16660361,"Abhishek Sharma","2026-08-26 10:21:10",906.7,2,abhisheksharma425
3210,16632097,PavelLiashkov,"2026-08-05 11:59:30",906.6,2,bigbag1983
3211,16635238,"Tai Tien Ta","2026-08-04 02:30:44",906.6,2,tittin
3212,16632250,"Mesut Gözdemir","2026-08-05 17:54:14",906.0,2,gfkfu123
3213,16661670,sansm1,"2026-08-04 16:54:59",905.6,2,sansm1
3214,16663808,"Fae Gaze","2026-08-20 16:32:51",905.5,2,achievement
3215,16644390,"Manan Gupta","2026-08-05 17:08:32",905.3,2,obirdy
3216,16662946,uzair,"2026-08-04 18:40:46",905.2,2,quantumcurator
3217,16652560,"Ahmed Samir","2026-08-03 12:15:01",904.9,2,ahmedsamir1598
3218,16637241,M4nd4l0r14n,"2026-09-02 15:34:08",904.3,2,thiagobcunha
3219,16658746,marinxbt,"2026-08-28 10:38:37",904.2,2,marinxbt
3220,16658562,mashBrian254,"2026-08-04 10:48:33",904.1,2,mash1990
3221,16668329,HakimTaoufik,"2026-08-18 13:06:18",903.6,2,hakimtaoufik
3222,16622482,"Veniamin Nelin","2026-08-04 19:40:18",903.5,2,veniaminnelin
3223,16628727,dominyellow,"2026-08-04 11:44:21",903.2,2,dominyellow
3224,16739551,arao,"2026-08-28 21:24:55",902.3,2,anjanarao
3225,16666245,"Cagatay Morcicek","2026-08-13 06:53:40",902.3,2,thisismylabs
3226,16656308,"Srishanth Sriramula","2026-08-08 09:02:13",902.0,2,srishanthsriramula
3227,16729515,"Emmanuel Tolani","2026-08-29 15:03:36",901.8,2,emmanueltolani
3228,16657671,CyberRacoon,"2026-08-20 10:23:11",901.4,2,racoontw
3229,16632138,kaggle_bbgg,"2026-08-05 11:59:35",901.2,2,kagglebbgg
3230,16716522,"Lavanya Bacche","2026-08-17 08:43:40",901.0,1,lavanyabacche
3231,16729092,"ayman elamin","2026-08-31 09:45:04",900.5,2,aymanelamin
3232,16667503,Yuzuki,"2026-08-05 12:19:45",900.1,1,yuzukiohya
3233,16660824,"Stitch Clarity","2026-08-04 15:27:53",900.0,2,stevenanctil
3234,16657094,irynavs,"2026-08-13 13:23:56",900.0,2,irynavs
3235,16623697,yuto083,"2026-08-19 00:43:42",900.0,2,yuto0712
3236,16798401,"Hunter Mimaroglu","2026-09-02 22:00:37",899.9,2,huntermimaroglu
3237,16655339,harmo-miu,"2026-08-23 05:57:37",899.7,2,harmomiu
3238,16790145,"Casper du Jardin Kejser","2026-09-02 12:13:56",899.7,2,casperdujardinkejser
3239,16677965,felipe9695,"2026-08-12 21:23:05",899.7,1,felipe9695
3240,16666571,"Zhengxu Yu","2026-09-01 12:10:05",899.1,2,zhengxuyu
3241,16725432,Ezra,"2026-08-19 23:41:10",898.7,2,ezberch
3242,16652339,"Mohamed Amine Rebhi","2026-08-03 16:03:07",898.6,2,mohamedaminerebhi
3243,16632201,neurlog,"2026-09-01 09:28:09",898.6,2,neurlog
3244,16762634,"Clement Ling","2026-09-02 02:10:57",898.3,2,clementling
3245,16630142,zawawannko,"2026-08-05 03:16:49",897.9,2,zawawannko
3246,16631261,Monster,"2026-08-04 15:46:32",897.7,2,tmtngtrng
3247,16744640,"Marcin Skalski","2026-09-01 18:25:08",897.5,2,marcinskalski
3248,16627023,"Noah Farr","2026-08-05 08:02:35",897.5,2,noahfarr
3249,16623540,TheDuck,"2026-08-22 15:50:49",897.5,2,jaxroth
3250,16667994,"Zhian Wei","2026-09-03 00:01:15",897.3,2,zh1anwe1
3251,16625663,sota1111,"2026-08-23 00:01:28",897.2,2,sota1111
3252,16654707,ManasviSharma,"2026-08-19 19:42:41",897.2,2,manasvi821
3253,16670527,"Balram Gupta","2026-09-02 15:06:39",897.0,2,"akankshaparab,bg28898"
3254,16628875,TakahiroHon,"2026-09-02 23:39:42",896.6,2,takahirohon
3255,16659565,Tekin24,"2026-08-13 21:25:21",896.5,2,tekin24
3256,16797134,Yooho0,"2026-09-02 14:20:03",896.4,2,yooho0
3257,16661376,"YERMES AMINE","2026-08-04 14:13:45",896.4,1,yermes
3258,16690050,PersistentLife,"2026-08-08 17:16:17",896.0,2,persistentlife
3259,16765743,page0526,"2026-08-26 02:08:11",895.8,2,page0526
3260,16635159,Abdulsamad,"2026-08-06 11:48:04",895.8,2,abdulsamadjod1234
3261,16658616,"Amitesh Chaudhary","2026-08-11 10:04:02",895.2,2,amiteshchaudhary
3262,16666242,"Lalwani Palash","2026-08-08 07:45:46",894.9,2,lalwanipalash
3263,16741563,"Paul Pawletta","2026-09-02 15:49:54",894.5,2,paulpawletta
3264,16629983,Amundsen,"2026-08-05 06:51:46",894.2,2,amundsen
3265,16740633,zhangtingyu11,"2026-08-20 04:34:32",893.9,2,zhangtingyu11
3266,16634213,kkunizaw,"2026-08-03 20:47:58",893.4,2,kkunizaw
3267,16651157,StupidXie,"2026-08-25 12:48:35",893.3,2,stupidxie
3268,16630760,dkzmn,"2026-09-02 10:18:31",893.2,2,dmkzmn
3269,16672672,Koiiiiiopen,"2026-08-08 06:25:21",893.1,2,koiiiiiopen
3270,16757704,Faustine,"2026-08-31 11:14:52",892.8,2,faustine649
3271,16664565,"Wayne Chou","2026-08-05 12:30:14",892.5,2,ambientz
3272,16783131,Hawkeye,"2026-09-02 05:54:38",892.5,2,pragneshbagary
3273,16653093,"willam wu","2026-08-03 15:03:01",892.3,1,biaaib
3274,16656444,"christopher athans crow","2026-08-05 00:08:13",891.8,2,cchrisaa
3275,16639155,"Arturo Gutiérrez Aguilar","2026-08-04 16:08:19",891.7,2,jarturo
3276,16660470,"Oğuz Kaan Mavice","2026-08-28 09:39:58",891.6,2,oguzkaanmavice
3277,16676054,"Vladislav Konstantinov","2026-08-08 09:33:35",891.5,2,vladkonstantinov
3278,16622835,"Max Manushin","2026-08-06 00:01:08",890.6,2,innerf1re
3279,16706738,Moriarty,"2026-08-24 21:05:34",890.6,2,mikhailkachalin
3280,16663407,Denis,"2026-08-11 17:42:21",890.3,2,matsiusheuski
3281,16738461,monnosuke,"2026-08-27 11:13:33",890.1,2,shiomi1012
3282,16663099,"Md. Abdullah Al Mamun","2026-08-05 02:16:43",890.1,2,mamun18
3283,16745450,GusNicho,"2026-08-24 03:30:55",890.0,2,pineapplepencil
3284,16634752,"Praise the SHOVEL","2026-08-03 16:16:28",889.6,2,barnobarno
3285,16665764,"izh yng","2026-08-21 06:16:21",889.5,2,izhyng
3286,16658571,"Yusuke Sato","2026-08-27 03:06:42",888.8,2,wanko123
3287,16644221,"Guzha Panashe H","2026-08-22 15:34:41",887.8,2,guzhapanasheh
3288,16655596,Bela,"2026-08-04 01:18:06",887.6,1,istribaik
3289,16742362,"AMANI DD","2026-08-23 08:02:47",887.6,2,dkonan
3290,16622627,"Erik van de Ven","2026-08-28 16:55:08",887.6,2,erikvdven
3291,16664400,Boruiyang21,"2026-08-05 14:56:03",887.5,2,boruiyang21
3292,16622760,yunus_bayram_kagle,"2026-08-04 07:49:00",887.3,2,yunusbayramkagle
3293,16657942,"Gokul Prasath","2026-08-04 23:38:18",886.9,2,beastgokul
3294,16659435,Zerabyte_X,"2026-08-04 09:52:16",886.8,1,zerabytex
3295,16654946,AliLucky,"2026-08-05 15:07:59",885.7,2,alilucky
3296,16651613,"Devin Zhou","2026-08-05 02:27:36",885.7,2,devinzhou
3297,16630964,LEEKANG,"2026-08-03 14:10:21",885.6,2,poby7722
3298,16730484,Esperanza,"2026-09-02 04:15:45",885.5,2,deanpixton
3299,16643095,ckyasb,"2026-08-05 14:39:42",884.8,2,ckyasb
3300,16625082,真的懒,"2026-08-25 07:27:28",884.4,2,gtccc9
3301,16654153,"Mateus Cruz, Msc.","2026-08-03 17:44:02",884.2,1,matteuscruz
3302,16629308,Sutee,"2026-09-02 12:42:25",884.1,2,lszlst
3303,16743124,"Leo's Demiurge","2026-08-31 06:36:23",884.0,2,jelurge
3304,16762494,西松大祐,"2026-09-02 15:46:28",882.9,2,wep212
3305,16654006,"Harish Dhanarajan","2026-08-03 17:23:50",882.9,1,harishdhanarajan
3306,16658852,"Chhaya Awasthi","2026-08-04 09:37:05",882.9,2,chhayaawasthi
3307,16637519,Temprao,"2026-08-03 12:16:43",882.4,1,maruimono928
3308,16639567,YassY_The_AlchemYst,"2026-08-11 15:07:03",882.3,2,yassineelhallaoui
3309,16679861,Pandabueno,"2026-08-12 15:51:48",882.1,2,ronaldomonzn
3310,16678370,"Chenhao Wang","2026-08-07 06:37:46",882.1,1,wangles
3311,16659874,"ding yumeng","2026-08-26 11:59:06",881.8,2,dingyumeng
3312,16623448,HoJoonYun,"2026-08-09 13:43:43",880.9,2,hojoonyun
3313,16632055,Bugra0,"2026-08-03 22:44:42",880.9,2,bugra0
3314,16654235,"Mwanza Wambua","2026-08-06 10:16:13",880.8,2,mwanzawambua
3315,16639241,"Alissa King","2026-08-04 05:05:30",880.7,2,alissaking
3316,16775250,Junrong,"2026-08-30 00:00:13",880.4,2,fjhgjf
3317,16792155,abc,"2026-09-02 16:19:16",880.4,2,"datqg0,quangnguyn132"
3318,16652451,JackGong,"2026-08-03 11:32:11",880.2,1,jackgong
3319,16662213,"Yang Zong-Yu phD","2026-08-28 01:36:56",879.5,2,yangzongyuphd
3320,16661532,"Fedor Baart","2026-08-05 12:34:21",879.0,1,fedorbaart
3321,16650701,"Oliver Wang","2026-08-03 16:17:36",878.8,2,oliverwang15
3322,16621831,"Tsung-Yeh, Hsieh","2026-08-10 06:49:43",878.7,2,"tsungyehhsieh,xinyuloong"
3323,16637797,"Xiangchen Li","2026-08-04 09:47:59",878.5,2,xiangchenli07
3324,16732422,"Aizat Kashapov","2026-09-03 01:02:09",878.2,2,liderpartiii
3325,16659996,Schwifty,"2026-08-12 20:01:01",877.6,2,schwiftyc137
3326,16655294,Mobzya,"2026-08-26 23:11:15",877.2,2,mobzya
3327,16656171,ishu,"2026-08-04 03:27:45",876.0,2,ishhverma
3328,16659679,Civitasmass,"2026-08-23 12:54:39",875.9,2,godhand
3329,16644566,"Guangjian Dong","2026-08-02 23:59:18",875.5,1,guangjiandong
3330,16657419,"Saivedant Hava","2026-08-05 06:36:39",875.4,2,saivedanthava
3331,16767453,IterumVici,"2026-08-29 10:59:25",875.2,2,iterumvici
3332,16622015,"Ioannis M","2026-08-06 08:12:21",874.4,2,imeintanis
3333,16680239,"Marinto Richee J","2026-08-12 08:21:02",874.3,2,marintoricheej
3334,16683529,"Yanis Belami","2026-09-01 06:56:54",873.6,2,yanisbelami
3335,16775506,"lin qiy","2026-08-29 02:44:13",873.1,2,linqiy
3336,16623373,VM,"2026-09-02 06:43:27",872.2,2,vladmazeev
3337,16730612,Blurry,"2026-08-29 09:01:21",872.1,2,linkinpony
3338,16805952,hatakazu93,"2026-09-03 00:56:43",871.9,2,hatakazu93
3339,16646360,"Asrith Singampalli","2026-08-03 08:46:59",871.8,2,asrithsingampalli
3340,16796014,keith70,"2026-09-02 05:17:34",871.8,2,keith70
3341,16655396,Tesla1AC,"2026-08-08 08:18:09",871.5,2,mathornton
3342,16631978,"batuhan kalem","2026-08-02 22:12:00",871.1,2,batuhankalem
3343,16665994,Rakhansyah,"2026-08-25 13:08:20",870.4,2,rakhansyah
3344,16660152,LIH.YUN,"2026-08-04 14:11:44",870.4,2,fxlcee
3345,16633083,bsenst,"2026-08-07 12:38:47",870.2,2,bnzn261029
3346,16656337,"Prashant Kikani","2026-08-04 04:03:37",869.6,1,prashantkikani
3347,16654419,kreiack,"2026-08-09 23:47:00",869.5,2,kreiack
3348,16633808,mmath2,"2026-08-07 10:52:38",869.2,2,mmath2
3349,16709136,ryanocm,"2026-08-13 15:08:49",869.0,2,ryanong
3350,16662904,Bharathms1902,"2026-08-08 11:41:54",868.5,2,bharathms1902
3351,16786496,"Lê Quang Cảnh","2026-09-03 00:02:20",868.5,2,zhincez
3352,16758232,mech_39,"2026-08-25 05:23:39",868.0,2,mech39
3353,16664221,Anish,"2026-08-14 00:53:48",867.8,2,anishmunje
3354,16632240,Deepseek的恩情还不完,"2026-08-02 17:23:11",867.7,2,"iwanys,pedianeko,realybin"
3355,16641489,suminshim,"2026-08-03 06:24:39",867.7,2,suminshim
3356,16634022,"Cihan Atak","2026-08-02 16:00:43",867.4,2,cihanatak
3357,16623298,Mikhail_Komkin,"2026-08-02 20:14:28",866.8,2,mikhailkomkin
3358,16758889,bomboclat,"2026-08-30 08:52:08",866.4,2,sstprk
3359,16806003,"Hazqeel Afyq","2026-09-03 00:00:48",866.0,2,hazqeelafyqathaillah
3360,16726617,"Chase Lebarv","2026-08-19 01:07:58",865.5,2,chaselebarv
3361,16655588,"The Devil's World 678","2026-08-07 10:39:23",865.3,2,thedevilsworld678
3362,16632571,"nishchal jain","2026-08-03 07:27:14",864.8,2,nishchaljainds
3363,16743001,Nikhilasree,"2026-08-31 10:27:16",863.3,2,nikhilasree2003
3364,16622312,"Malak Reda","2026-08-03 09:02:41",862.6,2,malak457
3365,16688884,"As Wasti","2026-08-14 01:34:26",861.2,2,aswasti
3366,16623732,A.S.TENSHU,"2026-08-17 16:25:35",861.0,2,kirvk013
3367,16768239,Oshbocker,"2026-08-29 21:37:25",860.7,2,oshbocker
3368,16805598,"I'm just trying out here QQ","2026-09-02 22:31:17",860.6,2,zadatt
3369,16651180,yangyefd,"2026-08-03 08:42:57",860.4,1,yangyefd
3370,16697266,"Top 1 🏆","2026-09-02 09:22:18",860.3,2,"fahankaudeer,solirus,syntaxprnv,udhaykumarsujeebun"
3371,16630111,jannchie,"2026-08-04 19:09:17",859.7,2,jannchie
3372,16668633,peien5,"2026-08-06 14:44:47",859.4,2,peien5
3373,16632686,strike,"2026-08-06 06:21:38",859.1,2,nicolia
3374,16763865,SydneyC666,"2026-08-26 08:50:40",858.9,2,sydneyc666
3375,16664246,"Sida Zuo","2026-08-25 01:21:54",858.3,2,sidazuo
3376,16806635,digimagi,"2026-09-02 05:47:57",857.9,1,digimagi
3377,16798334,"Gabriel othávio","2026-09-02 22:08:55",857.6,2,gabrielothvio
3378,16639471,CaminoLSY,"2026-08-05 01:22:09",857.4,2,lsy37521
3379,16637489,"Gopal Krishna Gundumalla","2026-08-02 12:39:17",856.4,2,gopalkrishnag
3380,16699091,Umkaaa,"2026-08-11 08:35:05",855.7,2,umkaaa
3381,16669227,"Tom Dufresne","2026-08-07 11:17:39",855.4,2,tadufre
3382,16770972,"Victoria Makarskaia","2026-08-27 12:28:53",855.3,2,victoriamakarskaia
3383,16635680,starclan,"2026-08-14 17:50:55",855.2,2,starclan
3384,16655603,"Veeranuch Leelalai","2026-08-11 12:55:29",853.5,2,veeranuchleelalai
3385,16663200,"TUSHAR KUMAR 23321032","2026-08-31 06:05:00",853.4,2,tusharkumar23321032
3386,16721639,"Ankit Sain","2026-08-25 01:14:02",853.3,2,thisankitsain
3387,16658048,"Joel jaison 391","2026-08-05 02:31:57",852.3,2,joeljaison391
3388,16696208,"kazwzn S","2026-08-21 10:16:12",851.8,2,kazwzns
3389,16660318,"Aiman Al-Shalfi","2026-08-05 11:59:43",851.8,2,aimanalshalfi
3390,16667516,Rosastella,"2026-08-05 16:00:48",851.6,2,rosastella
3391,16655187,cmxu,"2026-08-05 05:31:07",851.5,2,cmxu77
3392,16677577,"Harsha Vardhan Konisa","2026-08-31 17:02:44",851.3,2,harshavardhankonisa
3393,16663273,"Mason Frias","2026-08-06 22:57:08",851.2,2,masonfrias
3394,16665293,"ADITYA BEECHA","2026-08-10 05:16:38",849.9,2,bechaaditya
3395,16672264,iiTz_AK,"2026-08-15 12:18:44",849.0,2,iitzak
3396,16644185,"Mimic Mohsin","2026-08-02 18:38:46",848.6,1,mimicmohsin
3397,16749009,Pavel,"2026-09-01 19:19:03",847.8,2,pavelsavchenkov
3398,16698596,ymok,"2026-08-11 11:54:02",847.8,1,iromao
3399,16730015,suzu10,"2026-09-01 01:29:55",847.8,2,suzu10
3400,16657553,graceyunliu,"2026-09-02 23:05:39",847.1,2,graceyunliu
3401,16753850,"Ahmad Ali","2026-08-27 17:08:14",845.8,2,ahmadali1243534
3402,16678666,"Rudranarayan Pradhan","2026-08-09 12:28:32",845.7,2,itzrnp
3403,16730199,kawanot,"2026-08-24 09:15:18",845.6,2,kawano
3404,16784516,pejipej,"2026-08-30 15:37:48",845.5,2,pejmaneghbali
3405,16670365,"Konstantin Alekseev","2026-08-10 10:58:09",845.4,2,alekskst
3406,16667058,"Lê Quốc Duy","2026-08-08 01:03:08",845.2,2,lqucduy
3407,16663515,HamsterSashka,"2026-08-20 14:40:55",845.2,2,hamstersashka
3408,16641309,klog,"2026-08-20 12:42:08",845.2,1,mhrzmmhrzm
3409,16747914,"Token's Expired","2026-08-22 16:25:39",845.0,2,"adeebshekh,akratisingh0101,shaankapoor21"
3410,16622940,"Enrico Ambrosio","2026-08-06 19:56:30",844.9,2,enricoambrosio
3411,16658487,radozaprazny,"2026-09-02 19:32:16",844.6,2,radozaprazny
3412,16639330,"Dead Signal Works","2026-08-02 12:40:32",844.4,2,brooklynhalmstad
3413,16639473,"Jeff Borschowa","2026-08-02 00:39:11",844.2,2,jeffborschowa
3414,16700265,Reesav,"2026-08-10 14:15:06",843.9,2,reez08
3415,16632536,"Aleksander Sachuk","2026-08-02 21:33:27",843.6,2,alexsssachuk
3416,16742232,"Prema Ananda","2026-09-02 12:19:41",843.6,2,premaananda108
3417,16675452,Vladislav,"2026-08-12 13:58:35",841.6,2,simmeringoverstep
3418,16774682,"Tatsuhito Yoshikawa","2026-09-02 04:31:00",841.3,2,tatsuhitoyoshikawa
3419,16674543,"Sujal Agarwal2301","2026-08-09 13:37:43",840.7,2,sujalagarwal2301
3420,16677752,"Senya Ka","2026-08-08 19:16:00",840.4,2,m1greatcool
3421,16759786,"zzx Hee","2026-09-02 06:49:05",840.4,2,zzxhee
3422,16658569,"Danu A.","2026-08-05 13:12:09",840.2,2,eu1234
3423,16641068,"Rahul Ray","2026-08-05 14:27:07",840.1,2,rahulray5
3424,16713771,bndang,"2026-09-02 20:34:18",839.9,2,bndang
3425,16661353,mithi,"2026-08-11 20:04:07",839.4,2,singhaleo
3426,16717448,getalife();,"2026-09-02 13:48:53",839.4,2,"byteknight28,dhairyapandya24,rounakagrwl"
3427,16709905,Rospel,"2026-09-02 02:00:45",839.3,2,rospel
3428,16638551,SC,"2026-08-30 22:31:27",839.2,2,ryosketchbook2007
3429,16644882,"SAMOILOV MIKHAIL","2026-08-03 02:10:04",838.7,1,samoilovmikhail
3430,16669632,"Kenneth Alonso","2026-08-31 21:23:44",838.3,2,kennethalonso
3431,16664653,Adir,"2026-08-26 00:49:46",838.2,2,adiradam
3432,16640811,cyberia,"2026-08-02 09:12:23",837.5,1,cyberia
3433,16672035,diet1236364,"2026-08-09 23:37:45",837.1,2,kosuke123
3434,16703203,"Hamza Shafik ","2026-08-17 23:48:06",836.0,2,hamzashafik12
3435,16668056,"Quantum Farm","2026-08-25 14:21:19",835.9,2,"anselem7,divineokwueze,nnanyereuzoma"
3436,16664249,"Rohan Jain","2026-08-17 20:26:14",835.7,2,rohanjain2312
3437,16717414,"Akshit Sivaraman","2026-08-13 14:43:40",835.6,2,akshitsivaraman
3438,16662633,"Shekhar Suman","2026-08-15 19:17:49",835.5,2,shekharvc
3439,16640877,Yorix.um,"2026-08-02 13:31:28",835.5,1,yorixum
3440,16774787,wpk1122,"2026-08-29 01:54:49",835.4,2,wpk1122
3441,16668923,"duy tran","2026-08-10 18:38:49",834.9,2,duytran23
3442,16736314,"wuret henr","2026-08-20 09:10:48",834.7,2,wurethenr
3443,16635127,"Sergey Bryansky","2026-08-26 20:39:37",834.1,2,sggpls
3444,16692350,"Emerson Suarez","2026-08-16 05:09:13",832.6,2,jericksystem32
3445,16709800,nubx,"2026-08-20 17:12:04",832.4,2,manrajjitsidhu
3446,16799428,hatata,"2026-09-03 00:16:55",830.8,2,hatata3737
3447,16699080,"Karthikeya Thatipamula","2026-08-31 04:31:26",830.7,2,karthikeya18
3448,16666341,"Ege Güvener","2026-08-15 22:55:16",829.8,2,egegvener
3449,16775030,makishis,"2026-09-02 09:22:41",829.8,2,makishis
3450,16666147,"Khalid Bin Hethlain","2026-09-01 22:57:57",829.7,2,khalidbinhethlain
3451,16663933,AnshV1,"2026-08-06 03:03:35",829.4,2,anshv1
3452,16675997,"Rintaro Moriwaki","2026-08-28 13:25:42",829.1,2,rintaromoriwaki
3453,16674447,"Nathan Thor","2026-08-11 15:09:57",829.0,2,devofpie
3454,16698281,Neural,"2026-08-27 03:34:11",829.0,2,kevinkoza
3455,16663659,"Omer Rehman","2026-09-02 11:05:02",829.0,2,omerrehman97
3456,16718579,"Nazariy Karpov","2026-08-18 07:28:29",828.6,2,nazariykarpov
3457,16669466,"vuppuluri sriramsubhash","2026-08-06 08:42:50",828.5,2,vuppulurisriram
3458,16702909,SG4265,"2026-08-13 13:51:05",828.0,2,sg4265
3459,16652334,"Aldibek [dsmlkz]","2026-08-27 19:33:18",828.0,2,aldibek
3460,16758556,bpbpbpbpb,"2026-09-02 18:18:46",827.4,2,bpbpbpbpb
3461,16656379,"Jay Gautam","2026-08-12 12:19:40",827.2,2,jaygautam007
3462,16668756,"Clark Kitchen","2026-09-02 09:50:00",827.2,2,clarkkitchen
3463,16715255,"xiaocai liu","2026-08-23 05:57:45",827.2,2,xiaocailiu
3464,16643692,Samsay24,"2026-08-02 17:22:45",827.0,1,samsay23
3465,16654463,Mark,"2026-08-30 09:33:36",827.0,2,robotmf
3466,16663187,"Teddy McBride","2026-08-07 03:59:53",826.7,2,tedcr100
3467,16657904,xfhdh1,"2026-09-02 19:43:55",826.6,2,xfhdh1
3468,16658264,XiweiZhou,"2026-08-17 20:12:31",826.3,2,xiweizhou
3469,16661754,edwinis,"2026-09-01 15:26:00",825.9,2,edwinis
3470,16778640,Kilupy,"2026-09-03 00:07:28",825.8,2,kilupy
3471,16670842,Cole,"2026-08-15 19:50:43",825.7,2,colechristensen
3472,16697205,"Gould Research","2026-08-19 03:18:44",824.6,2,"georgeking1,gouldh,gradybos,shanemullahy"
3473,16661685,"Lê Ngọc Lâm","2026-08-13 15:29:40",823.9,2,lengoclam
3474,16634036,"Emanuel Lázaro","2026-08-02 14:55:30",823.9,2,emanuellcs
3475,16635177,Zacchaeus,"2026-08-07 07:04:15",823.8,2,zacchaeus
3476,16639719,JASONSLIMWONG,"2026-08-02 08:11:22",823.5,2,jasonslimwong
3477,16696267,"yu lesui","2026-08-10 05:41:40",823.0,2,yulesui
3478,16734321,SubratP85,"2026-08-25 21:03:35",822.4,2,subratp85
3479,16640619,"Sơn Nguyễn","2026-08-28 08:19:19",822.2,2,sonnguyen10
3480,16623389,"Mominul Islam Hemal","2026-08-02 11:23:03",821.9,2,mominulislamhemal
3481,16692954,"Adam Nhan","2026-08-16 19:10:48",821.7,2,asnhan
3482,16658252,"Krishnan CS","2026-08-20 05:28:14",821.6,2,krishnanchathadi
3483,16652984,hxaxd,"2026-08-05 15:09:49",821.4,2,hxaxdcs
3484,16732774,edchax,"2026-09-02 08:03:33",821.1,2,edchax
3485,16664103,izack2666,"2026-08-07 14:41:10",820.9,2,izack2666
3486,16773966,"Ronel Abraham Mathew","2026-08-26 16:05:26",820.7,2,ronelm
3487,16749251,HawkOsm,"2026-09-02 12:18:06",820.7,2,hawkosm
3488,16758383,"Tong Jing Yen","2026-09-02 12:34:46",820.6,2,tongjingyen
3489,16636105,"Md. Mehedi Hasan","2026-08-01 14:03:03",820.3,2,mehedi052
3490,16670424,"Josep Audenis","2026-08-11 17:52:07",820.2,2,josepaudenis
3491,16694110,"Team Amboss","2026-09-02 11:54:49",820.2,2,alexphilippi
3492,16764394,haseryooooo,"2026-09-03 01:16:03",820.1,2,haseryooooo
3493,16693903,"Alief Randiansyah","2026-08-09 09:37:39",819.7,1,"aliefrandiansyah,salsaaghnia"
3494,16626217,"Stanislav Chistyakov","2026-08-05 18:52:47",819.5,2,chistyakov
3495,16655062,KKS,"2026-08-08 07:36:03",819.2,2,sachisgod
3496,16658173,Tamizharuvi,"2026-09-01 08:15:53",818.8,2,tamizh1
3497,16664439,"Tony T","2026-09-02 05:35:36",818.6,2,thekke
3498,16635377,het2554,"2026-08-29 18:10:09",818.5,2,crazy2554
3499,16637340,the_vinci_coder,"2026-08-03 16:27:16",817.7,2,lokijt
3500,16674532,"shoaib khan","2026-08-08 01:57:11",817.4,2,manifoldinfo
3501,16663444,Thomas,"2026-08-11 04:21:42",817.3,2,tartieret
3502,16794536,HirokiTaniai,"2026-09-03 01:17:47",817.2,2,nyokinyoki
3503,16804757,MAT,"2026-09-02 13:16:29",817.0,2,mehmetanltays
3504,16759229,"Samuel Kurabachew","2026-08-28 22:17:20",816.0,2,samuelkurabachew
3505,16688868,AlbanMaurel7,"2026-08-14 01:34:07",815.6,2,albanmaurel7
3506,16669330,"Panagiotis Charalabopoulos","2026-08-26 18:49:46",815.4,2,panagiotischaral
3507,16661467,sh_sub97,"2026-08-12 15:20:25",815.3,2,shsub97
3508,16671980,601918_กิตติพงศ์,"2026-08-08 08:28:12",814.1,2,bluexg5502
3509,16677514,mayoristaNLP,"2026-08-09 16:33:23",814.0,2,mayoristanlp
3510,16799832,"Maman Salto","2026-09-03 01:21:43",813.6,2,saddamaditya
3511,16734409,"Yuta Yamazaki","2026-08-31 04:07:38",813.4,2,yamayuu18
3512,16634876,MakiMakiAi,"2026-08-02 07:52:40",813.3,2,makimakiai
3513,16634582,"Tarun Chaudhary","2026-08-12 06:36:33",812.8,2,tarunchdev
3514,16670759,"Lemmes Yad","2026-08-09 04:37:37",812.7,2,"austinsemmel,jonallday"
3515,16659749,"Kavsik YVS","2026-08-22 19:30:45",812.6,2,kavsiku0512
3516,16715399,"Julia Chien","2026-08-27 02:44:32",812.4,2,juliachien
3517,16692569,"Mark Kirwan","2026-08-26 08:05:16",811.9,2,markkirwan1990
3518,16657095,"Prashant Kumar","2026-08-20 12:59:11",811.5,2,praskr
3519,16743074,LumenLiquidity,"2026-09-02 16:18:35",811.5,2,giovannibaldon
3520,16623309,zyvren,"2026-09-02 13:47:03",811.4,2,"nusratahmmedmaisha,sharif485"
3521,16635848,KartoplyanePure,"2026-08-31 20:43:34",810.9,2,"danylotovp,wizardmp"
3522,16716089,wuzixiao,"2026-08-31 07:30:48",810.7,2,wuzixiao
3523,16763977,"Jong Park","2026-08-26 09:21:40",810.7,2,papercat318
3524,16668123,B0RN2BL0W0UT,"2026-08-08 19:10:45",810.2,2,kadenmansur
3525,16661585,"Fully Liquidated","2026-09-01 01:57:16",810.1,2,kriskilgroe
3526,16639645,RamenBoy,"2026-09-01 01:15:34",809.3,2,ramenboyjapan
3527,16732022,Mosamosa,"2026-09-03 00:42:06",808.8,1,mosamosa
3528,16756411,"Maximo Uribarri","2026-08-30 06:10:08",808.7,2,maximouribarri
3529,16707034,"Muhammed Ali Kul","2026-09-02 05:15:41",808.6,2,muhammedalikul
3530,16758204,kkKaan,"2026-08-24 07:56:58",808.5,2,kkkaan
3531,16671217,"Akshay V","2026-08-21 04:01:22",808.4,2,akshayv1001
3532,16662984,"Mark Schatza","2026-08-25 15:40:39",808.4,2,markschatza
3533,16623932,"Axel Ahmer","2026-09-01 14:13:12",808.2,2,blondie1
3534,16680290,prospers,"2026-08-12 10:00:34",807.9,2,prospers
3535,16718039,Uman_n3l,"2026-08-31 14:40:32",807.9,2,umann3l
3536,16688587,yamashu,"2026-08-14 09:55:48",807.6,2,yamashuuu
3537,16762719,"Ahmet Bilginoglu","2026-09-02 20:34:49",807.5,2,ahmetbilginoglu
3538,16726093,CocoTeam,"2026-08-18 14:22:45",807.4,2,"albaasca,ceemeese"
3539,16728204,Meshwa,"2026-09-01 19:57:38",807.2,2,meshwapatel4287
3540,16767802,"Luis Fernando Faria","2026-08-31 20:57:29",806.4,2,luisfernandofaria
3541,16679144,つるげーねふ,"2026-09-02 09:04:47",804.7,2,atom7666
3542,16688429,"Omrani Rabah","2026-08-11 22:19:21",804.0,2,omranirabah
3543,16635049,rooklift,"2026-08-16 06:27:36",803.7,2,rooklift
3544,16678044,BJFC,"2026-08-16 09:15:05",803.6,2,"harshithharithsa,svsumanth"
3545,16665301,EricYang03,"2026-08-13 15:49:11",803.6,2,ericyang03
3546,16659125,"Meet Parekh","2026-08-19 10:31:09",803.5,2,meetparekh1
3547,16691481,"Aditi Salvi","2026-08-18 15:24:53",803.2,2,aditisalvi04
3548,16660548,"Viraj Bakshi","2026-08-08 18:50:11",803.2,2,virajbakshi
3549,16718202,"Abhi Kumar Agrawal","2026-08-18 09:52:24",803.1,2,abhikumaragrawal
3550,16741321,"S. B.","2026-09-02 09:28:52",803.1,2,aughra
3551,16639973,akky,"2026-08-03 15:39:41",803.1,2,tellxxx
3552,16712577,"nattapon nakakong","2026-09-02 05:27:58",802.6,2,nattaponnakakhong
3553,16770154,Florian,"2026-09-02 17:16:37",802.3,2,ftusek
3554,16708369,JairSanchez151270,"2026-08-11 16:30:55",801.2,2,jairsanchez151270
3555,16718539,"Divyansh Agrawal","2026-08-14 06:58:46",801.2,2,spartan1925
3556,16780969,"Ewa Suknarowska","2026-08-30 15:53:25",801.1,2,ewasuknarowska
3557,16624026,"Russell Kirk","2026-08-31 09:42:28",801.1,2,russcore
3558,16667880,BONPU👨‍🌾,"2026-08-12 04:59:48",800.0,2,"shin9915,syamoji141chan"
3559,16713877,FunnyBishop,"2026-08-16 03:19:24",800.0,2,funnybishop
3560,16636725,shichi,"2026-08-11 12:47:35",799.7,2,shichi
3561,16639810,gytdrop,"2026-08-14 12:47:28",799.4,2,"kartikeyrajbhar,shaikaktharali"
3562,16809249,Moro,"2026-09-03 00:34:46",798.8,2,moromoromoro
3563,16632266,"(ノ◡ <)","2026-08-17 05:00:19",798.7,2,nawfeelrahman1124444
3564,16665816,Vikas1306,"2026-08-10 05:53:19",798.6,2,vikas1306
3565,16760087,Slizzle,"2026-08-30 04:37:40",798.1,2,sloan98
3566,16735539,"Joe Muller","2026-08-23 00:37:35",797.8,2,joemuller
3567,16663356,Farm-ops,"2026-08-06 23:27:37",796.4,2,"dakotavannauker,tsho01"
3568,16809200,v0m0v,"2026-09-03 01:06:58",796.0,2,maguchiya
3569,16711317,"yf D","2026-09-02 15:25:26",795.6,2,dengvitruviano
3570,16675661,June_mk,"2026-08-24 02:06:21",795.6,2,jungoto
3571,16623616,nasubiman,"2026-08-01 16:20:44",795.3,2,yousukenakamura
3572,16635612,Julian,"2026-08-27 01:59:41",794.8,2,mob404
3573,16663403,"Matthew Huang","2026-08-16 23:25:45",794.5,2,matthewwh
3574,16685069,derek_kuang0213,"2026-08-22 10:33:21",794.3,2,derekkuang0213
3575,16714161,Slirche,"2026-09-02 16:06:54",794.0,2,slirche
3576,16798602,uns.t,"2026-09-03 00:29:38",793.7,2,franksunp
3577,16688929,"Kangqiao LIU","2026-08-18 07:44:55",793.5,2,kangqiaoliu
3578,16795844,Azamaro,"2026-09-02 14:07:03",793.3,2,azamaro
3579,16667730,"Surya Vijjeswarapu","2026-09-02 16:17:21",793.2,2,suryavijjeswarapu
3580,16659174,Soulwood,"2026-08-29 08:37:00",792.6,2,soulwood
3581,16638667,"Sarvesh Nikas","2026-08-13 06:50:00",792.5,2,sarveshnikas
3582,16632950,"Adil Khabibullin","2026-08-04 15:54:11",792.5,2,adilkhabibullin
3583,16724522,"stathis maurog","2026-08-26 07:01:48",792.2,2,stathismaurog
3584,16698366,Fateyongheng,"2026-08-17 15:08:58",791.8,2,fateyongheng
3585,16666391,"Harshpreet Singh","2026-08-06 10:32:51",791.6,2,harshpreet931
3586,16668168,"Ashutosh Ghodasara","2026-08-10 12:23:21",791.3,2,"asce09,attiraina,hashlord"
3587,16796682,LK30,"2026-09-02 00:01:20",790.6,2,louisklasing
3588,16668868,tawashi,"2026-08-13 06:51:45",790.3,2,tawashi
3589,16658050,"changwei shi","2026-08-18 02:45:47",790.2,2,changweishi
3590,16659465,AravindLochan,"2026-08-17 10:29:21",790.2,2,aravindlochan
3591,16697185,"Prince Special","2026-09-02 23:59:17",790.1,2,temitayogbolahan
3592,16758298,"Jack p","2026-08-30 07:36:22",789.6,2,jtv199
3593,16694269,Aftxb,"2026-08-11 14:58:08",789.6,2,aftxb07
3594,16716300,"Julian Kerignard","2026-09-01 14:54:34",789.3,2,juliankerignard
3595,16634493,xixi,"2026-08-01 09:51:45",789.2,2,huangcarry26
3596,16635872,"Evgeniya Dmitrieva","2026-08-01 11:48:30",789.1,1,evgeniyadm
3597,16662568,RaghavMundhra1,"2026-08-24 00:36:28",789.0,2,raghavmundhra1
3598,16725150,"Nicolae Drabcinski","2026-09-01 11:45:51",788.9,2,nickdrabcinski
3599,16723241,TrinhDung16,"2026-08-15 16:23:32",788.6,2,trinhdung16
3600,16662486,"KOTHAPALLI DILEEP","2026-08-10 12:06:14",788.2,2,kothapallidileep
3601,16712567,PatWid,"2026-08-18 17:17:20",788.2,2,patwid
3602,16623645,"ayutin tin","2026-08-14 07:48:31",788.1,2,ayutintin
3603,16642662,CdeTilly,"2026-08-08 08:26:37",787.7,2,cdetilly
3604,16662749,Jordan,"2026-09-02 04:07:33",787.6,2,extergeist
3605,16787200,"HayDay Protestors","2026-09-02 21:05:24",787.2,2,"aaronjoshuaemmanuel,anjulasankalpa,chamathjayashanka,ghostd,prabhashanmadurawala"
3606,16658365,"Hoo Woo","2026-09-01 03:46:14",786.9,2,hoowoo
3607,16715251,SoraGinko,"2026-08-28 18:52:17",786.9,2,terrywuu
3608,16705345,"DEMON JI","2026-08-14 15:02:11",786.4,2,demonji04
3609,16738994,"Hem Viramgama","2026-08-21 00:34:48",786.3,2,hemviramgama
3610,16639223,"SIDHAARTH SHREE","2026-08-19 15:03:55",786.1,2,sidhaarthshree
3611,16767709,"Mike Anderson","2026-09-02 22:00:38",785.6,2,manderson240
3612,16662375,"Yunusa Hussein Adeiza","2026-08-14 22:12:49",785.5,2,yunusahusseinadeiza
3613,16649344,BeyondAnalytics,"2026-08-28 12:00:36",785.0,2,radumarinion
3614,16694779,JacobKooi,"2026-08-10 09:16:35",784.0,2,jacobkooi
3615,16667874,Vidushiii,"2026-08-10 12:25:42",783.9,2,vidushianand09
3616,16664149,"Bushel Seed","2026-08-12 17:10:56",783.6,2,"dmyung,nicholasmschwartz"
3617,16657775,"Raagav Anand","2026-08-27 09:40:44",783.4,2,raagavanand
3618,16745264,wpang,"2026-09-02 23:31:45",783.4,2,wangshu
3619,16739640,TeamBanzaiSL,"2026-08-27 17:13:26",783.4,2,teambanzaisl
3620,16705318,arminhej96,"2026-09-02 15:06:44",783.4,2,arminhej96
3621,16675475,"Andrey Aristov","2026-08-10 22:02:24",782.9,2,andreyaristov
3622,16676308,DC,"2026-08-19 17:34:02",782.8,2,choudahchiun
3623,16732690,なーでぃー牧場,"2026-09-02 20:03:50",781.3,2,nadyresearcher
3624,16710621,(´･_･`),"2026-08-16 07:14:53",781.2,2,tanakh
3625,16697844,Noobykiller16,"2026-08-15 06:08:27",781.1,2,noobykiller16
3626,16687788,skalermo,"2026-08-26 15:57:41",781.1,2,skalermo
3627,16736265,"Marko Rupnik","2026-09-02 16:29:45",781.1,2,markorupnik
3628,16655744,"Ademola Arigbabuwo","2026-08-31 00:48:33",780.7,2,princedemo
3629,16658452,"The Croptimiser","2026-08-06 05:07:52",780.2,1,driessmit1
3630,16679295,Mk26,"2026-09-02 06:50:31",780.0,2,"manishk26,mans31"
3631,16631090,yoikoarmor,"2026-08-09 07:01:44",779.4,2,yoikoarmor
3632,16690852,"Naveen Venu Bagadi","2026-08-30 04:38:13",779.3,2,naveenvenubagadi
3633,16743546,"Simon Dorcas","2026-08-19 15:14:36",779.2,1,simondorcas
3634,16704589,"Lobato MBA IA Big Data","2026-09-03 00:51:17",779.2,2,lobatombaiabigdata
3635,16663784,Aniketh2k7,"2026-08-10 06:02:02",778.6,2,aniketh2k7
3636,16719065,"Aldo Rizona","2026-08-17 15:32:26",778.6,2,aldorizona
3637,16666452,"victor souza","2026-08-09 17:07:51",778.5,2,victorcaio
3638,16743617,Dancing_Chaos,"2026-08-31 15:42:35",778.2,2,"bailynlove4ever,ripplecddc"
3639,16698007,"Juanma Serrano","2026-08-23 15:49:31",777.3,2,juanmaserrano
3640,16731832,jackee777,"2026-08-31 18:06:59",776.3,2,jackee777
3641,16684710,"Pratik Singh","2026-08-11 11:34:48",775.4,2,pratikks11
3642,16802675,manishcs076,"2026-09-02 16:48:18",775.1,1,manishcs076
3643,16667762,KucingGanteng,"2026-08-20 12:49:29",775.1,2,dhiyaussalam
3644,16630741,mrk,"2026-08-05 09:49:44",775.0,2,matsubaratakuji
3645,16664024,"Juan David Bolanos","2026-08-13 17:06:00",774.5,2,juandavidbolanos
3646,16633923,JackyFan123,"2026-08-01 15:22:04",774.0,2,jackyfan123
3647,16627148,"Rogovik Makar","2026-09-01 18:00:18",773.9,2,makarrogovik
3648,16635670,"Mr.S hanakosan","2026-08-09 00:31:34",773.9,2,earlgreytea15
3649,16759443,"Ayman machhidan","2026-09-02 22:04:03",773.5,2,aymanmachhidan
3650,16658602,aldoktvns,"2026-08-04 15:51:08",773.5,2,alrette
3651,16639492,"Vishnu R Mohan","2026-08-08 20:36:19",772.4,2,vishnurmohan
3652,16750175,"Quentin Pr","2026-08-27 18:08:14",772.2,2,quentinpr
3653,16809277,"Shuntaro Tanaka","2026-09-03 00:09:31",772.1,2,shuntarotanaka
3654,16758905,"Iwa Iwa","2026-09-02 15:52:45",771.9,1,iwaiwa
3655,16654267,maniginam,"2026-09-03 01:00:04",771.1,2,maniginam
3656,16623128,AdamJonesJohnson,"2026-08-23 11:53:03",770.8,2,adamjonesjohnson
3657,16662050,HandsOffMyBigMelons,"2026-08-13 22:00:12",770.8,2,scrattle
3658,16786485,"Sam Jenkins","2026-09-01 03:50:16",770.7,2,samjenkinsuk
3659,16655142,"Stanislav Kuznetsov","2026-08-31 12:24:17",770.6,2,drtduck
3660,16790660,suk1yak1,"2026-09-02 15:24:35",770.5,2,suk1yak1
3661,16656072,Vespidae,"2026-08-14 03:30:03",769.9,2,ianapis
3662,16741188,"Adarsh Samanu","2026-08-20 00:01:33",769.9,2,adarshsamanu
3663,16706993,Celibistrial,"2026-09-02 20:58:15",769.3,2,celibistrial
3664,16756062,"Thomas #2","2026-09-02 22:19:49",768.2,2,tommurakami
3665,16784960,i-yuki23,"2026-08-30 01:13:11",767.9,2,iyuki23
3666,16664828,Leon,"2026-08-09 09:00:09",767.8,2,leonmyl
3667,16708189,Facouse,"2026-08-11 16:09:17",767.2,2,facouse
3668,16665984,hepialidae,"2026-08-10 16:05:19",767.2,2,hepialidae
3669,16759162,sgsuh,"2026-08-30 11:47:26",767.1,2,seukgyo
3670,16630519,"Mehmet Özer","2026-08-01 16:51:55",766.0,2,ozermehmet
3671,16672629,"Alex Boyd","2026-08-25 17:25:08",766.0,2,alexrayboyd
3672,16658272,"Yash Katiyar","2026-08-08 20:17:05",765.8,2,yashkatiyar409
3673,16679079,"cedric stephan ","2026-08-25 20:39:15",765.8,2,cedricstephan
3674,16668021,"bali rasem","2026-08-07 16:15:13",765.7,2,balirasem
3675,16798268,KAEOS,"2026-09-01 23:09:15",765.6,2,hitesh221
3676,16655340,LGarcia10,"2026-08-17 13:17:31",765.6,2,leonardogarcia10
3677,16656274,googunmo,"2026-08-08 01:13:58",765.5,2,googunmo
3678,16665120,nobody,"2026-08-13 14:48:45",764.1,2,rajesh1729
3679,16687883,CherylStoned,"2026-08-11 22:53:28",763.8,2,cherylstoned
3680,16631215,"Hira Norm","2026-08-08 07:32:06",763.8,2,hiranorm
3681,16673477,ArtFix,"2026-08-11 00:51:09",763.7,2,artfix
3682,16755681,nic001,"2026-08-28 08:06:19",763.6,2,mimamura
3683,16719081,数学の山田,"2026-08-31 14:08:37",763.3,2,b612sum1
3684,16644415,Ztrk,"2026-09-03 00:01:39",763.1,2,ztrk123
3685,16793626,"KO LIH HAN","2026-09-02 15:02:28",762.7,2,kolihhan
3686,16779977,sue124,"2026-09-03 00:19:40",762.3,2,ryotasueyoshi
3687,16656013,Asuran,"2026-08-17 07:43:54",762.1,2,zkasuran
3688,16624277,"D S S Kumar","2026-08-10 03:22:55",761.5,2,satrusskumar
3689,16731443,"Arjun Vinod","2026-08-21 01:00:30",761.5,2,arjun0014
3690,16734490,Tomeiser,"2026-09-03 00:41:05",761.4,2,tomeiser
3691,16657570,"Guruprasad Parasnis","2026-08-10 12:04:57",761.2,2,guruprasadparasnis
3692,16734712,"Jamshid Ganiev","2026-08-19 06:03:31",761.2,2,jamshidganiev
3693,16690988,"Aditya Bharadwaj","2026-08-20 10:02:32",760.8,2,adityabharadwaj26
3694,16652079,Infill,"2026-09-02 13:47:56",760.7,2,infill
3695,16695822,"Ahmad Elawady","2026-08-18 20:06:59",760.4,2,aielawady
3696,16674324,"luca fregona","2026-08-08 13:37:49",759.8,2,lucafregona
3697,16738538,ZHANG_WuHua,"2026-08-18 16:21:19",759.7,2,zhangwuhua
3698,16631573,uesi,"2026-08-01 12:04:04",759.6,1,uemura687
3699,16669561,"Nikunj Pahwa","2026-08-15 20:04:36",759.5,2,nikunjpahwa
3700,16691580,"Toni Blanco","2026-08-11 13:10:45",759.3,2,toniblanco
3701,16635796,MugaBros,"2026-08-04 05:27:02",758.8,2,"drrocktotpalkonwarh,monjyotid"
3702,16663678,"Fabiano Adelino","2026-08-24 23:45:56",758.7,2,fabianoadelino
3703,16663238,"Francesco Zaccaria","2026-08-21 07:28:57",758.7,2,francescozaccaria
3704,16763829,"Shane Thivaharraja","2026-09-01 20:19:21",758.3,2,shanethivaharraja
3705,16738805,"Sergey Panasenko","2026-08-31 23:14:50",758.1,2,spanasenko
3706,16656162,Marisyn,"2026-08-18 18:19:19",757.6,2,marisyn
3707,16661943,"Cow Wizard","2026-08-14 02:14:58",757.6,2,cowwizard321
3708,16633341,Hak,"2026-09-02 10:35:53",757.5,2,hakdevelopment
3709,16740161,"Ratna Raj Singh","2026-08-31 18:02:45",757.5,2,ratnaraj
3710,16655140,Efthimios,"2026-09-02 19:10:34",757.4,2,efthimiosfousekis
3711,16712751,haruo_tensai,"2026-08-31 09:13:42",757.3,2,haruotensai
3712,16709481,"Gerbilles Saucières","2026-08-22 10:38:44",757.2,2,"benjaminhrt30,volbox1902"
3713,16633928,ghostiee11,"2026-08-01 01:33:25",756.6,1,ghostiee11
3714,16729859,wintermute,"2026-09-02 19:15:07",755.6,2,siraev
3715,16807875,meghana,"2026-09-03 00:34:19",755.0,2,meghana284
3716,16666204,"David Nana Kofi Ofosu-Arko","2026-08-05 11:04:42",755.0,2,davidnanak
3717,16664241,payoon,"2026-08-07 08:24:05",754.9,2,payoon1234
3718,16774941,Samvrcai,"2026-08-30 15:00:50",754.8,2,samvrcai
3719,16764301,"Quýt đây đừng sợ","2026-09-02 03:43:39",754.6,2,ponschannel
3720,16665942,"Satvik R Shetty","2026-08-09 03:59:52",754.5,2,satvikrshetty
3721,16747390,SawadaTsurumai,"2026-08-24 09:48:07",754.0,2,sawadatsurumai
3722,16741542,Jiro2,"2026-09-03 01:23:12",753.7,2,amonkizawa
3723,16664154,dwdwdwsdedwd,"2026-08-11 06:29:24",753.2,2,dwdwdwsdedwd
3724,16635004,"jacob OKOTH O","2026-08-02 05:57:05",753.0,1,jacobokotho
3725,16663361,protoLabs.studio,"2026-08-06 18:39:50",753.0,2,protolabsstudio
3726,16719745,"Masih Pemula Beneran","2026-08-31 02:14:53",752.8,2,mikhaeldhika
3727,16701036,"Tiandong Wang","2026-08-19 11:45:32",752.3,1,condone
3728,16668269,"Rashi Jain07","2026-08-05 17:46:37",752.3,1,rashijain07
3729,16669392,cobrapigeon,"2026-08-20 18:43:25",752.0,2,cobrapigeon
3730,16702270,"Jonas Jaku","2026-08-12 09:44:36",751.6,2,jonasjaku
3731,16687808,GorillaGhost,"2026-08-13 23:23:10",751.4,2,gorillaghost
3732,16664804,ryanovovo,"2026-08-05 18:02:38",750.9,2,ryanovovo
3733,16640816,pawaraman,"2026-08-02 19:46:52",750.4,2,pawaraman
3734,16664219,JosephGuhlin,"2026-08-10 08:46:16",750.3,2,jguhlin
3735,16673346,gabrielep09,"2026-08-11 01:52:41",750.2,2,gabrielep09
3736,16741892,astro,"2026-08-20 20:49:49",750.2,2,mayursamrutwar
3737,16659817,"Viet Anh Ngo ","2026-08-31 09:41:08",750.0,2,vietngogm
3738,16705417,fuxi,"2026-08-16 07:53:46",749.8,2,"padyue,pytorch5009asd"
3739,16746380,JKong,"2026-08-22 01:40:01",749.7,2,kmt2001
3740,16636454,epigene,"2026-08-02 10:14:52",749.6,2,nadhu59648
3741,16658430,bruyantq,"2026-08-23 08:52:33",749.4,2,bruyantq
3742,16668298,"Riki Garcia","2026-08-26 15:36:14",749.3,2,rikigarcia
3743,16642846,"Leonid Zaporozhets","2026-08-02 20:03:13",749.1,2,leonidzaporozhets
3744,16725010,jenninglim,"2026-08-23 08:38:47",749.0,2,jenningl
3745,16660090,"Kaggriculture @ Farmageddon","2026-09-02 13:33:46",748.6,2,gary08phillios
3746,16760701,"Yannik Schiffner","2026-09-03 00:46:14",748.6,2,yannikschiffner
3747,16804027,ceir-ceir,"2026-09-02 08:36:40",748.6,2,ceirceir
3748,16655423,"Roland Luethy","2026-09-02 20:59:24",748.5,2,rluethy
3749,16623555,yindujuxi,"2026-08-01 10:11:35",748.2,2,yindujuxi123
3750,16688108,Special_octo20,"2026-08-24 05:25:56",747.9,2,specialocto20
3751,16736985,Colt,"2026-09-01 03:14:54",747.8,2,nht1990
3752,16690651,"XS 330","2026-09-01 16:26:47",747.6,2,xblade
3753,16728114,yu9824,"2026-09-02 03:03:57",747.5,2,yu9824
3754,16670214,"Louis @ tradeInsight.ai","2026-08-21 15:18:11",747.3,2,louisquart
3755,16652446,"tine.sh agent","2026-09-01 10:06:26",747.2,2,sidcodegg
3756,16732574,AlcoholCat,"2026-08-31 14:33:25",747.1,2,alcoholcat
3757,16761227,Ciel_ing,"2026-08-23 10:03:29",747.0,2,cieling
3758,16736856,misaki,"2026-08-27 15:57:11",746.4,2,"dicenull,iroharyo,jinnsou0219,misakima"
3759,16657397,"QSS Technosoft AI Team","2026-08-05 07:47:00",746.0,2,"kunalthedev,nishantkumarabes,prathamydvv,prishagdev,shreyakchakraborty"
3760,16630501,"Haris Ahmed","2026-08-14 10:08:51",745.9,2,harisahmedgenai
3761,16656501,"Thái Phạm Công","2026-08-05 03:59:47",745.9,2,thaipc
3762,16668089,Goller,"2026-08-26 15:05:53",745.7,2,goller
3763,16630559,khan,"2026-08-02 12:18:56",745.5,2,khansolov
3764,16637898,"Marek Nurzynski","2026-08-01 16:06:46",745.4,1,marek3000
3765,16699415,"Dohwan Kwak","2026-08-31 01:05:28",744.7,2,dohwankwak
3766,16806141,rode1234,"2026-09-03 00:51:13",744.5,2,rode1234
3767,16680342,Game_khó_vkl,"2026-08-13 19:28:01",744.3,2,maruusha
3768,16759623,"zhenglu wen","2026-08-26 06:24:09",744.2,2,zhengluwen
3769,16686787,"Lars Kammeijer","2026-08-07 21:31:11",743.6,2,larskammeijer
3770,16718133,KaranjeetSingh1110,"2026-09-01 16:21:58",743.2,2,karanjeetsingh1110
3771,16654332,"Borys Tymchenko","2026-09-02 11:19:31",743.1,2,spsancti
3772,16669461,"suzy su","2026-08-30 13:09:10",742.8,2,suzysu997
3773,16658224,"Daniel Gallardo Gómez","2026-08-07 08:17:24",742.3,2,danielgallardogmez
3774,16655411,フナコシ,"2026-08-20 13:47:26",742.1,2,kokifunakoshi
3775,16746151,"Nicolas Gomasjaya","2026-08-26 16:57:08",741.9,2,nicolasgomasjaya
3776,16672103,"fred mahinay","2026-08-24 23:34:48",741.4,2,fredmahinay
3777,16698822,JJN8825,"2026-09-02 06:51:45",741.4,2,jjn8825
3778,16668720,"etienne duplessix","2026-08-10 22:48:53",741.1,2,etienneduplessix
3779,16653222,StevenYuan7788,"2026-08-17 17:38:44",740.8,2,stevenyuan7788
3780,16660310,KOLONEX.NET,"2026-08-10 12:40:46",740.7,2,danielandresmiranda
3781,16623886,onepunch999,"2026-08-01 07:30:37",740.6,2,onepunch999
3782,16654855,"Pedro Rezende Gomes","2026-08-06 00:41:30",740.5,2,pedrorzgomes
3783,16638823,YDDDDDD999,"2026-09-01 18:06:37",740.4,2,ydddddd999
3784,16737986,"Edris Yawar #2","2026-09-02 12:32:31",740.4,2,edrisyawar
3785,16720234,Aditya109,"2026-08-27 08:35:04",740.2,2,"aditya109,tathagattyger"
3786,16665395,"bachi idriss","2026-08-10 15:23:30",739.6,2,bachiidriss
3787,16657887,"Yermak Petro","2026-08-31 15:56:06",739.5,2,yermakpetro
3788,16658083,"Gunjan Solanki","2026-09-01 11:32:53",739.2,2,blackhatv1
3789,16719696,"Spencer Farrand","2026-08-17 18:40:28",739.1,2,spencerfarrand
3790,16665517,"RUEI-HSIANG. CHANG","2026-08-17 15:23:55",739.1,2,rueihsiangchang
3791,16785100,5386,"2026-09-01 11:13:18",739.0,2,"ismktkaggle,rairai314,satosis"
3792,16654743,"Jaume Batlle i Ferrer","2026-09-02 19:56:44",739.0,2,jaumebatlleiferrer
3793,16699292,"Siddharth Kumar Gopal","2026-08-14 16:35:03",739.0,2,siddharthkumargopal
3794,16650160,nori8774,"2026-08-10 06:26:21",738.6,2,norimasayamamoto
3795,16692994,turneja,"2026-08-08 23:50:13",738.1,2,turneja
3796,16684957,"Lucas Ferreira","2026-08-11 18:20:43",737.6,2,lucasdeoferreira
3797,16789903,"Netanel Keidar","2026-09-02 22:51:06",737.5,2,netanelkeidar
3798,16672095,"Friaseus ","2026-09-02 20:52:30",737.1,2,friaseus
3799,16659974,"anthony sinchi","2026-08-18 00:01:08",736.6,2,anthonysinchi
3800,16714208,TirumalaMarri,"2026-08-29 00:04:15",736.0,2,mtreddy
3801,16735298,Watary0927,"2026-08-22 23:25:11",735.8,2,watary0927
3802,16670420,"Mihir Argulkar","2026-08-07 20:03:15",735.8,2,mihirargulkar
3803,16675888,"Rob Gonzalez","2026-08-08 14:58:43",735.8,2,robg475
3804,16777222,"José Daniel Ara","2026-08-27 00:12:53",735.3,2,josdanielara
3805,16798478,"Vinicius Pupin","2026-09-02 21:29:51",735.2,2,viniciuspupin
3806,16769767,bruhbruh,"2026-08-28 08:51:26",734.9,2,nguyendinhbach69
3807,16726941,CJ103CJ,"2026-08-23 12:52:07",734.9,2,cj103cj
3808,16668361,NinhNguyen,"2026-09-03 00:00:41",734.7,2,ninhnt110695
3809,16756564,"Nicolas Defossé","2026-08-25 21:10:58",733.7,2,nicolasdefoss
3810,16665342,Prothos,"2026-08-23 13:44:29",733.5,2,vjuenemann
3811,16721960,"Lê Khang","2026-08-18 19:42:43",733.4,1,kobtdatten
3812,16633175,"Umut Kıvanç Sipahioğlu","2026-08-04 15:51:56",733.4,2,umutkvansipahiolu
3813,16663584,"Deployable LLMs","2026-09-03 00:01:50",733.1,2,"lucasveronese,planetoidleser,sinhakprat"
3814,16761267,Pranav,"2026-08-31 18:09:18",733.0,2,pranavarvind
3815,16790257,"Shivam Kushwaha","2026-08-30 11:55:08",732.8,2,shivamk21
3816,16633173,"Saulo Quiñones Góngora","2026-09-03 00:09:53",732.5,2,sauloquionesgngora
3817,16786437,"Kiran Narayana K","2026-08-30 06:45:20",732.1,2,kirannarayanak
3818,16730028,"Ken Qian","2026-08-17 03:10:15",731.3,2,kenqian
3819,16695662,"Ollie Lowe2","2026-08-16 16:47:01",731.1,2,ollielowe2
3820,16670834,romin_123,"2026-08-14 01:25:19",730.9,2,romin123
3821,16657172,Honkazu,"2026-08-28 16:55:46",729.9,2,janposlusny
3822,16699838,"Harry Taylor","2026-08-21 10:38:18",729.9,2,harryphysics
3823,16718838,"josh mathers","2026-08-14 09:26:33",729.4,2,joshmathers
3824,16633466,"Aarush pandey","2026-08-25 19:17:14",729.4,2,aarushpandey
3825,16651661,"Quyền Thịnh","2026-08-07 06:27:45",729.1,2,quynthnh
3826,16784154,JoshJML,"2026-08-30 22:02:06",728.6,2,joshjml
3827,16664457,yaohongfu,"2026-08-10 12:30:43",728.3,2,yhfwww
3828,16705348,"Howard lin","2026-08-20 23:01:36",728.0,2,howardlin007
3829,16728633,draven,"2026-08-31 17:38:18",727.8,2,ustchx
3830,16757447,soyukke,"2026-08-31 04:17:18",727.5,2,soyukke
3831,16763886,"Jackson Sauls","2026-08-24 19:30:24",726.9,2,jacksonsauls
3832,16635055,chch,"2026-09-02 15:43:14",725.7,2,chchentw
3833,16655013,"Adrian Martinez 1111","2026-08-12 00:52:14",725.1,2,adrianmartinez1111
3834,16688281,"Luke Stafford","2026-09-03 01:16:04",724.8,2,luketstafford
3835,16811210,"Matt Dowis","2026-09-03 00:11:01",724.7,2,mattdowis
3836,16755568,KHuShIMaHajan,"2026-08-21 18:55:05",724.4,2,bymista4578
3837,16656912,"Sami Ali","2026-08-07 00:48:33",724.4,2,mrsamiali
3838,16632994,primal,"2026-08-12 16:02:29",723.9,2,primalhost
3839,16640991,Xinyi,"2026-09-01 16:44:29",723.8,2,xinyeee
3840,16654456,"Tristan Peng","2026-08-09 17:00:48",723.7,2,tristanpeng
3841,16633269,op_star_platinum,"2026-08-09 17:52:52",723.7,2,opstarplatinum
3842,16658043,"Tran Huy Hoang1312","2026-08-05 01:58:39",723.6,2,tranhuyhoang1312
3843,16695633,"Kiran Kumar","2026-08-24 18:01:37",723.4,2,iamrkk
3844,16709809,RiyaSoni20,"2026-09-02 03:31:24",723.3,2,"riyasoni20,rudraamin06"
3845,16766888,"Alex #4","2026-08-24 14:42:19",723.2,1,alxndrvara
3846,16692678,Nerozud,"2026-09-02 08:28:50",723.1,2,"lorerubiano22,nerozud"
3847,16763838,"L. Barriga","2026-08-27 06:48:39",722.7,2,lbarriga
3848,16772678,SuppliLion,"2026-09-02 21:44:21",722.6,2,supplilion
3849,16631353,"Shivam Shinde","2026-08-01 15:29:24",722.2,2,shindeshivam
3850,16658660,"Leo Lai","2026-08-13 08:14:45",722.0,2,junweilai
3851,16664112,"Ethan Hung","2026-08-08 21:44:57",721.8,2,chinesegorilla99
3852,16622993,"Yaroslav Tanko","2026-08-18 04:34:12",721.8,2,yaroslavtanko
3853,16672493,ChloeeeeY,"2026-08-23 06:17:03",721.4,2,chloeeeey
3854,16805918,"kaito ide 31","2026-09-03 00:23:04",721.3,2,kaitoide31
3855,16763113,sowhatwillwelearn,"2026-09-01 11:03:47",720.9,2,sowhatwillwelearn
3856,16689266,"Oleksandr Dudnev","2026-08-14 09:45:57",720.6,2,dantist
3857,16745972,yamy893,"2026-08-22 02:14:20",720.4,2,yamy893
3858,16632426,Santhana,"2026-08-28 01:54:03",720.4,2,santhanalekshmic
3859,16776928,aiexpert1120,"2026-09-01 16:48:18",720.0,2,aiexpert1120
3860,16664709,kai,"2026-08-18 23:29:11",719.9,2,sungwo101
3861,16669489,"Yichi Zhang","2026-08-28 19:31:07",719.8,2,yichizhang12
3862,16663736,"Life Is Roblox","2026-08-17 18:58:37",719.6,2,alexlisenko
3863,16758791,"qw yi123","2026-09-03 01:18:59",719.6,2,qwyi123
3864,16706192,rustlers42,"2026-09-02 15:24:05",719.4,2,"lkshrsch,powerofcreation"
3865,16697461,Agricroporation,"2026-09-02 07:02:16",719.4,2,"algionightly,kroissant7,officialabhinavsingh"
3866,16757614,"Eduardo Molina","2026-08-31 03:01:28",719.0,2,eduardomolinaai
3867,16664884,Abhijeetgg,"2026-08-12 08:53:50",718.7,2,abhijeetgg
3868,16805171,Mario,"2026-09-03 00:28:13",718.4,2,mwalkiew
3869,16645203,easonyanyan,"2026-09-01 05:40:34",718.4,2,easonyanyan
3870,16755344,"Alizen James","2026-08-23 18:34:30",718.2,2,alizenjames
3871,16664760,SN,"2026-08-10 10:48:44",718.2,2,spirosnianiaras
3872,16692857,AbeLincoln1865,"2026-08-11 00:10:16",718.2,2,abelincoln1865
3873,16760439,XLX,"2026-08-31 17:29:32",717.8,2,lonelygleaner
3874,16654746,"Michael Mullen","2026-08-06 11:08:31",717.8,2,mmullen200
3875,16703310,"israel ntumba","2026-08-14 01:18:18",717.8,2,israelntumba
3876,16678773,"Steve Probst","2026-09-02 11:24:34",717.5,2,steveprobst
3877,16789950,"Zachary Zhang","2026-09-02 09:44:23",717.4,2,zacharyzhang16
3878,16682283,"RL is all you need","2026-08-29 09:27:00",717.3,2,"bpmf577,junzhejiao,jwj1342,liaodid,mrschang"
3879,16655199,"Alexander Ulrich","2026-08-12 19:44:20",717.3,2,alexanderulrich01
3880,16686715,"Adrien Secondaire","2026-08-08 15:54:58",717.1,2,adriensecondaire
3881,16651593,"huanxian chen","2026-08-11 11:13:05",717.1,2,huanxiachen
3882,16684250,"Alexander Sokolov","2026-09-02 20:47:23",717.0,2,cheeec0
3883,16724355,hansama.qht,"2026-09-02 14:39:01",717.0,2,hansamaqht
3884,16755911,"Paarth Patel","2026-09-02 12:14:01",717.0,2,martis10
3885,16660805,"Ramon van Dijk","2026-08-05 05:48:21",716.3,2,ramonvandijk
3886,16659828,"Lebansty Valan","2026-08-21 14:14:56",716.2,2,lebanstyvalan
3887,16655629,Mai_Konare,"2026-08-17 06:20:49",716.0,2,maikonare
3888,16638031,vlad101,"2026-08-21 15:10:27",715.7,2,vlad101
3889,16748979,"Venkata Madhu Sai D ","2026-08-21 19:49:08",715.3,1,venkatamadhusaid
3890,16664159,"james nazareth","2026-08-19 02:13:23",715.2,2,jamesnazareth
3891,16775652,"Dat Dinh","2026-08-28 09:19:43",715.0,2,dathbdinh
3892,16688893,CCG,"2026-09-02 08:01:48",714.2,2,"hirokenn,nagomenk"
3893,16777746,"Daniel Bandy","2026-08-29 02:04:01",714.1,2,goddangitboby
3894,16692401,"Abdurehman Iqbal","2026-08-14 09:13:08",714.0,2,abdurehmaniqbal
3895,16685785,KSAI,"2026-08-29 12:18:51",713.9,2,kishan2112004
3896,16724002,Yahia717,"2026-08-20 20:48:31",713.7,2,yahia717
3897,16665042,Neo_0x3f,"2026-08-10 21:36:56",713.7,2,neo0x3f
3898,16665759,"Shawn Zhang","2026-08-21 10:18:20",713.5,2,shawnzhang0318
3899,16656460,dlutwzh,"2026-08-08 06:48:33",713.4,2,dlutwzh
3900,16791960,Boladi,"2026-09-01 02:09:09",712.7,1,boladi
3901,16781447,"Cody Schrank","2026-08-31 04:38:57",712.7,2,codyschrank
3902,16640683,Jason-Oh,"2026-08-29 18:48:21",712.7,2,dossantoss
3903,16671646,Luche,"2026-08-08 04:23:32",712.6,2,henrylucky
3904,16658655,HbjaHbja,"2026-08-12 12:18:51",711.8,2,hbjahbja
3905,16645297,Mark_RowSet,"2026-08-09 05:25:39",711.4,2,markrowset
3906,16685938,"Gautier Fauchart","2026-08-12 05:57:21",711.2,2,gautierfauchart
3907,16802695,"Taras Sam","2026-09-02 13:02:20",711.1,2,tarassam
3908,16779007,"Teoh jia sheng","2026-09-02 06:49:52",710.3,2,"nathanael19,teohjiasheng"
3909,16739167,Yeyuqing0913,"2026-08-31 00:00:15",710.0,2,yeyuqing0913
3910,16660600,"Beria Kalpelbe","2026-08-07 13:46:47",709.8,2,beriakalpelbe
3911,16648215,"Terrence Chuwe","2026-08-03 13:32:15",709.5,2,terrencechuwe
3912,16733046,Afordancja,"2026-08-24 18:22:42",709.1,2,afordancja
3913,16774890,SkoopSkoop,"2026-08-31 16:08:04",709.0,2,skoopskoop
3914,16623644,Accer_sz,"2026-08-02 00:27:32",708.9,2,accersz
3915,16738700,"Bugra Cinar","2026-08-19 07:51:58",708.9,2,bugracnr
3916,16633772,ayuma,"2026-08-03 06:01:01",708.5,2,onthoze
3917,16732537,Rapha,"2026-08-27 12:08:17",708.0,2,raphaabels
3918,16624888,okome_niigata,"2026-08-06 06:47:17",707.9,2,okomeniigata
3919,16655044,"Darius Kolycius","2026-08-04 09:49:01",707.9,2,dariuskolycius
3920,16668819,"ahmedou sidi med","2026-08-19 00:05:55",707.8,2,ahmedousidimed
3921,16736931,"Sergei Fironov","2026-08-31 05:33:40",707.4,2,sergeifironov
3922,16664003,"Nakul Rajpal","2026-08-05 06:29:24",707.4,2,nakulrajpal
3923,16640461,"Shigeru Kondou","2026-08-31 14:10:25",706.4,2,shigerukondou
3924,16667258,"Firman Imam","2026-08-09 02:36:56",706.1,2,piririp
3925,16764149,"Manish Rai","2026-09-02 07:50:18",705.9,2,magiuscain
3926,16677701,"Coşkun Bağrıaçık","2026-08-10 00:02:25",705.7,2,cbagriacik
3927,16806023,"Eesh saxena","2026-09-03 01:25:55",705.7,2,eeshsaxena
3928,16760247,kriskur123,"2026-09-02 19:45:02",704.8,2,kriskur123
3929,16724202,"Sooriya Senthilkumar","2026-08-23 05:25:47",704.6,2,sooriyasenthilkumar
3930,16741121,"Vignesh Nehru","2026-09-02 14:01:23",704.4,2,vigneshnehru
3931,16665476,"Zhanghao Chen69","2026-08-19 12:42:33",704.2,2,zhanghaochen69
3932,16663998,"Harith Al-Ani","2026-08-24 00:09:54",704.2,2,abo3losh
3933,16668354,"ashraf saiyed","2026-08-13 13:44:31",704.1,2,ashrafsaiyed58
3934,16656107,Aotokitsuruya,"2026-09-02 14:35:20",703.8,2,elct9620
3935,16663656,"Andrii Kavetskyi","2026-08-20 21:48:20",703.5,2,andriykavetsky
3936,16665654,"Anurag H H","2026-08-31 18:17:17",703.4,2,anur4ghh
3937,16706455,"John Andrei Martinez","2026-08-18 18:55:04",703.1,2,johnandreimartinez
3938,16712007,"Dipin Kothavoor","2026-08-27 10:00:39",703.0,2,dipinkothavoor
3939,16767934,"taha berk","2026-08-26 15:21:51",702.9,2,tahaberkterekli
3940,16779063,"Yendrew Y","2026-09-02 14:12:28",702.6,2,yendrewy
3941,16666084,"Andaç Demirdelen","2026-08-09 19:18:08",702.3,2,andacdemirdelen
3942,16659341,Aryan88097,"2026-08-05 17:26:57",702.2,2,aryan88097
3943,16666648,"Sriram Reddy19","2026-08-06 08:40:07",701.9,2,sriramreddy19
3944,16741660,Dhruv_Goyal990,"2026-09-02 23:03:07",701.8,2,"dhruvgoyal990,prathameshbelavagi"
3945,16679887,ScriptRed,"2026-08-09 00:36:30",700.7,2,scriptred
3946,16653828,Boltuzamaki,"2026-08-23 18:40:37",700.3,2,boltuzamaki
3947,16717614,Dhanyashree1028,"2026-08-16 15:00:37",700.1,2,dhanyashree1028
3948,16667514,"Kakarott 10","2026-08-06 09:05:43",700.1,2,kakarott10
3949,16668711,"David Leati","2026-08-28 00:47:39",699.9,2,davidleati
3950,16786115,"Andy Phan","2026-09-02 06:44:07",699.9,2,andyphan
3951,16713249,"vedant patnala","2026-08-27 22:38:03",699.8,2,vedantpatnala
3952,16664205,"shr Wei","2026-09-02 01:28:54",699.7,2,shrwei
3953,16698034,Anatoliy_Fomin,"2026-08-12 12:57:18",699.5,2,anatoliyfomin
3954,16662128,BenPalmer59,"2026-08-11 19:16:24",699.3,2,benpalmer59
3955,16692896,"Guy Lev","2026-08-20 19:18:52",699.2,2,sarthobi
3956,16630779,Jimmer,"2026-08-30 22:07:43",698.6,2,przemysawonr
3957,16713236,kingofeverything,"2026-09-02 01:41:13",698.4,2,"kingofeverything,skyyyang"
3958,16723729,"Lucas Cimiano","2026-08-29 17:21:55",698.4,2,lucascimiano
3959,16658019,ไอติวบ้านปังมาเอาแช้มมมม,"2026-08-08 18:43:05",698.2,2,tewnabhat
3960,16743382,"Pavan Rangisetti","2026-08-30 07:22:59",697.9,2,pavanrangisetti
3961,16663884,DevilQ,"2026-08-23 22:08:52",697.6,2,"parhamesm,samuelescarfone12"
3962,16662618,"Soledad Santiago","2026-09-01 05:51:08",697.6,2,soledadsantiago
3963,16731839,mamematcha,"2026-08-27 06:32:35",697.5,2,mamematcha
3964,16622338,github/shepsci/kaggle-skill,"2026-08-24 17:22:49",697.5,2,shepscientific
3965,16711868,"Mark Cooper","2026-08-16 13:09:02",697.1,2,markjcooper
3966,16745571,"Yifan Xie","2026-08-27 11:54:28",696.5,2,yifanxie
3967,16661650,"Docker container","2026-08-15 18:52:39",696.3,2,yossefaymanzedan
3968,16661132,"Jia Chen","2026-09-02 17:50:11",696.0,2,jiachenjasper
3969,16703315,"Ryan Triplett","2026-09-02 05:54:31",695.8,2,ryantriplett
3970,16660345,"Aadhithya Ramesh","2026-08-06 08:49:10",695.6,2,aadhithyaramesh
3971,16675831,"Thayaparan Kumarakuru","2026-08-31 09:05:45",694.9,2,"kavishkasubashana,mrkala,thayaparankumarakuru"
3972,16660653,kanchana's,"2026-09-01 17:09:40",694.6,2,"saikanchana,yuvarajkanchana"
3973,16743165,"Chiachii Liang","2026-08-26 00:45:19",694.6,2,chiachiiliang
3974,16738261,"Samuel Moreira","2026-08-24 14:11:40",694.6,2,samuelmoreira420
3975,16793489,hendracos,"2026-09-02 03:10:03",694.1,2,hendracos
3976,16772626,"Dr. Mikholae Hutchinson","2026-08-29 21:53:59",693.8,2,drmikholaehutchinson
3977,16655578,"Ahmed Merie","2026-08-13 00:11:40",693.4,2,aa7767
3978,16717952,Aydar,"2026-08-29 21:28:35",693.0,2,aydara
3979,16729186,Virtute,"2026-08-27 15:31:09",692.6,2,nameless001
3980,16623480,xmaster6y,"2026-08-20 15:50:57",692.3,2,xmaster6y
3981,16655449,tcvieira,"2026-08-06 18:20:34",692.2,2,tcvieira
3982,16735408,"Evan S","2026-08-18 20:06:05",692.0,2,evansc123
3983,16671438,"Aot Chanthorn","2026-08-15 16:16:25",691.9,2,aotchanthorn
3984,16731971,s_a_ai_enginner,"2026-09-02 15:01:19",691.8,2,saaienginner
3985,16694610,Kshitiz2002,"2026-08-11 15:44:41",691.2,2,kshitiz2002
3986,16732048,jiangletian,"2026-08-24 03:20:40",691.1,2,jiangletian
3987,16697261,nbauerle,"2026-08-14 15:10:38",690.9,2,nbauerle
3988,16675708,"Mahder Tesfaye Abebe","2026-08-08 08:46:36",690.8,2,mahdertesfayeabebe
3989,16738336,"Guo Xuehan","2026-09-02 05:44:05",690.8,2,zmllls
3990,16766732,"Maziyar Abyari","2026-09-02 23:57:10",690.6,2,maziyarabyari
3991,16655039,"Andrew Yip","2026-08-06 20:14:49",690.2,2,yipcma
3992,16630251,"Handry Novianto","2026-09-02 08:02:58",689.4,2,handrynovianto
3993,16732478,Ken_Ken_Pa,"2026-09-02 22:10:44",689.3,2,kenkenpa
3994,16750036,"Kiệt Lưu","2026-09-02 18:17:15",689.3,2,jaxyss
3995,16629844,IsaacJinyu,"2026-08-01 15:39:55",689.1,2,isaacjinyu
3996,16657016,"MD. AS-AID RAHMAN","2026-08-26 15:57:49",688.7,2,mdasaidrahman
3997,16702932,kyconf,"2026-08-25 18:35:41",688.6,2,kyconf
3998,16672370,"Yash Barhanpurkar","2026-08-30 18:44:23",688.5,2,yashbarhanpurkar
3999,16748955,micchy,"2026-09-02 17:47:46",688.4,2,micchy326
4000,16711567,"Finn Brooks","2026-08-15 04:40:11",688.0,2,finnbr
4001,16663614,Nevska,"2026-09-02 23:15:43",688.0,2,nevska
4002,16659286,shane18,"2026-09-02 05:45:41",687.8,2,shane18
4003,16677366,Gmmastermind,"2026-08-07 01:19:13",687.7,2,gmmastermind
4004,16767632,"robin baldeo","2026-08-28 17:02:49",687.7,2,robinbaldeo
4005,16686645,Ornaat,"2026-09-01 18:20:17",687.7,2,ornaat
4006,16641288,nakagawaren0805,"2026-08-22 06:03:44",687.6,2,nakagawaren0805
4007,16732504,"porsche zheng","2026-08-18 08:19:41",687.6,2,porschezheng
4008,16795923,KaluzaKlein,"2026-09-02 13:29:29",687.6,2,kaluzaklein
4009,16660491,"Ryan Hancock","2026-08-08 09:56:54",687.5,2,rychanfox
4010,16683282,ayushk_empire,"2026-08-14 11:50:15",687.3,2,ayushkempire
4011,16777740,hoangnnh67,"2026-08-28 22:12:22",687.0,2,hoangnnh67
4012,16661529,"AL Najafi","2026-08-08 03:39:39",686.4,2,alnajafi
4013,16766171,Jonaid,"2026-08-24 15:27:44",686.3,2,jonaidshianifar
4014,16734511,"Marcin Salaterski","2026-09-02 23:48:13",685.3,2,marcinsalaterski
4015,16706456,"Michael van Mill","2026-08-12 09:58:40",685.2,2,michaelvanmill
4016,16655595,ashsah,"2026-08-31 08:37:35",685.1,2,ashsah
4017,16724993,Bonkoturyu,"2026-09-01 05:39:19",684.4,2,bonkoturyu
4018,16756972,"Đức Hải Hà","2026-09-02 15:50:31",684.2,2,tankinguyen
4019,16671421,"Gryffin Wang","2026-08-08 23:08:40",684.0,2,gryffindoraf
4020,16664041,"an Expired Engineer","2026-08-17 12:02:21",683.9,2,sanggusti
4021,16655521,"Hemadri Rajyaguru","2026-08-04 02:12:55",682.8,2,hemadrirajyaguru
4022,16689033,arman1o1,"2026-09-01 05:01:27",682.6,2,arman1o1
4023,16673151,skyblue01,"2026-08-27 07:56:10",682.5,2,skyblue01
4024,16759427,Dhruv,"2026-08-23 12:20:16",682.4,2,dtalati1
4025,16768702,"Crop It Like It's Hot","2026-09-02 10:35:31",682.1,2,"davidben10,rachel79"
4026,16654099,"Bhupin Thapa magar","2026-08-10 09:22:06",682.0,2,vupeenthapamagar
4027,16712870,"Jose Gibson","2026-08-13 20:09:11",682.0,2,josegibson
4028,16727241,Yogesh2850,"2026-08-17 09:55:08",681.9,2,yogesh2850
4029,16793189,"Akash Mohan Chaudhary","2026-09-01 18:29:57",681.8,2,akashmohanchaudhary
4030,16661898,Farfadet,"2026-08-12 06:04:18",680.8,2,farfadet
4031,16663498,"Braxton Dyer","2026-09-02 23:59:05",680.7,2,braxtondyer
4032,16657347,"Hibiki M","2026-08-20 15:30:40",680.3,2,hibikibrise
4033,16708824,"Tanaka Chiromo","2026-08-20 11:12:22",679.9,2,tanakachiromo
4034,16664790,"soumic 1088","2026-08-19 08:34:34",679.6,2,soumic1088
4035,16716941,林木子吖,"2026-08-24 09:28:59",679.5,2,linmuzi0108
4036,16709318,"Jana Hagen","2026-08-26 18:00:16",679.4,2,janahagen
4037,16664134,"Pelayo Fernández","2026-08-07 10:36:48",679.3,2,pelayofdez
4038,16624253,"Ho Dinh Trieu","2026-08-22 07:52:08",678.4,2,hodinhtrieu
4039,16665932,"Fabian Birringer","2026-08-21 18:31:41",678.4,2,fabianbirringer
4040,16748603,qianzhonhao,"2026-08-29 06:12:59",678.2,2,qianzhonhao
4041,16686222,"Nika Chaduneli","2026-08-10 01:21:09",678.2,2,nikachaduneli
4042,16750447,Morpheus0303003,"2026-08-24 16:58:42",678.1,2,morpheus0303003
4043,16667500,jiannebab,"2026-08-14 14:29:12",678.0,2,jiannebab
4044,16755111,ingemarieke,"2026-08-21 15:04:53",677.9,1,ingemarieke
4045,16719364,Yeh!AIGame,"2026-08-31 01:46:07",677.8,2,"luluyeh,yehshibang"
4046,16780484,"Edmond Kirsch","2026-09-01 17:30:28",677.6,2,edmondkirsch
4047,16641130,LitvinKA,"2026-08-04 18:09:01",677.5,2,litvinka
4048,16662120,"Harpal Gujral","2026-08-25 18:07:07",677.2,2,harpalgujral
4049,16677105,"Chaitanya Yadav","2026-08-16 10:36:07",677.1,2,xhaitanya
4050,16756176,"Unsh Rawal","2026-09-02 20:52:24",677.0,1,unshrawal
4051,16670313,HamzZZzzZZa,"2026-08-06 22:01:28",677.0,2,memesalot
4052,16730461,"Mubin Shaikh","2026-08-19 06:09:17",676.8,2,shaikhmubin
4053,16665692,Straw_hats,"2026-09-01 07:40:19",676.6,2,"charanno,tvigneshreddy"
4054,16655027,"Artem Zenkevich","2026-08-16 13:09:58",676.5,2,artemzen
4055,16770674,"Arpit Jain","2026-09-02 11:44:36",676.5,2,arpitjain5
4056,16625050,"how to place pokemon","2026-08-03 05:53:43",676.0,2,ktverdov
4057,16670698,"Tamerlan Dadashov","2026-08-09 10:36:12",676.0,2,tamerlandadashov
4058,16689398,Reesh,"2026-08-11 08:55:10",675.8,2,rishileung
4059,16734595,"Abhimanyu Singh","2026-08-20 12:52:38",675.8,2,abhimanyusingh170702
4060,16679018,"Kushpreet Singh","2026-08-27 21:01:42",675.8,2,kush639
4061,16716365,Murphy,"2026-08-21 14:00:29",675.6,2,taeyounglimdt
4062,16665154,"Omkar Pawar","2026-08-23 12:22:56",675.6,2,omkarrr7
4063,16745109,deflexor,"2026-08-27 21:35:07",675.5,2,deflexor050
4064,16664359,"Apil Khadka","2026-08-15 13:10:18",675.4,2,apilkhadka
4065,16735476,"Matthew Liew","2026-08-18 08:02:11",675.2,2,matthewliew
4066,16670356,"Dziriyin wa9il","2026-08-25 19:56:56",675.0,2,"akumanomu,alioualaeddine"
4067,16650930,"Govind Sharma","2026-08-24 09:25:23",674.8,2,govindsarswat
4068,16789914,AkikJana,"2026-09-02 13:49:24",674.6,2,firewaterair
4069,16660540,Minikotey,"2026-08-16 15:34:40",674.1,2,juliapatarishina
4070,16725913,StarStone_233,"2026-08-16 07:22:12",673.9,2,starstone233
4071,16699140,St.Valentine,"2026-08-18 09:49:04",673.9,2,stvalentin3
4072,16755548,"Manuel Ramos","2026-08-27 19:06:26",673.4,2,aizpask13
4073,16633379,"Artem Prokhorov","2026-07-31 20:53:32",673.3,1,catfield123
4074,16712902,"Ethan Benjamin Cole","2026-08-13 12:19:26",673.1,2,ethanbenjamincole
4075,16675832,"Dean Shalev","2026-08-09 04:12:47",672.7,2,deanshalev
4076,16757280,"manos papagiannidis","2026-08-27 03:40:34",672.6,2,manospapagiannidis
4077,16658377,Masaya,"2026-09-01 13:43:37",672.5,2,irrohas
4078,16687390,"Mark Calvert","2026-08-08 09:51:55",672.2,2,markycalvert
4079,16728799,JulianHahn28,"2026-08-17 21:26:57",672.2,2,julianhahn28
4080,16654328,"QQ Farm","2026-08-28 12:59:12",672.0,2,"huiiyu,titirmt"
4081,16756698,savoelh,"2026-08-31 19:57:28",671.9,2,savoelh
4082,16731260,"Jeel Gajera","2026-08-18 07:44:44",671.9,2,jeelog
4083,16737702,"kaneko takafumi","2026-09-01 05:47:22",671.7,2,kanekotakafumi
4084,16670229,Munshi-PremChand,"2026-08-27 12:43:08",671.6,2,munshipremchand
4085,16666099,"Marcben James Samuel","2026-08-18 06:42:43",671.5,2,marcbenjamessamuel
4086,16702411,"Aryuemaan Chowdhury","2026-08-21 07:05:31",671.1,1,aryuemaanchowdhury
4087,16681149,Lee14k,"2026-08-19 17:00:35",670.9,2,lee14k
4088,16655272,"Artur Sakhiullin","2026-08-09 14:27:52",670.9,2,artursakhiullin
4089,16726080,"Arda Yasar","2026-08-19 06:02:10",670.8,2,ardayasar
4090,16793680,prajval_p,"2026-09-01 01:03:39",670.6,2,prajvalp
4091,16641141,"Yuri Barbashov","2026-09-02 14:23:34",670.4,2,yuribarbashov
4092,16669165,"IT Neko","2026-08-14 13:17:33",670.2,2,"nirvaanaa,zhexuanyecust"
4093,16667630,Sparsh389,"2026-08-06 15:46:09",670.1,2,sparsh389
4094,16656934,"Aleks Kolesnik","2026-09-02 19:51:26",670.1,2,aleksandrkolesnik
4095,16784992,Prasad.tgs,"2026-08-31 01:05:39",670.1,2,sivaprasadnaidu
4096,16692995,RafaMartinaitis,"2026-08-22 11:50:10",669.6,2,rafaelmartinaitis
4097,16682908,"Masha Mashallah","2026-09-02 17:15:32",669.3,2,mashamashallah
4098,16658042,"Giampietro Pregnolato","2026-08-13 09:17:36",668.9,2,giampietropregnolato
4099,16678157,"Ayush Kumawat","2026-08-14 13:10:02",668.8,2,ayushkumawat21
4100,16756677,"Pyzh Vladislav","2026-08-24 10:19:44",668.8,2,pyzhvladislav
4101,16664313,CompilingCoder,"2026-08-06 09:38:17",668.8,2,compilingcoder
4102,16668439,Lugas024,"2026-08-08 05:33:51",668.7,2,lugas024
4103,16658686,"Alpesh Kumar","2026-08-08 06:12:31",668.6,2,alpeshkumar
4104,16803592,"Bishal Lamichhane","2026-09-01 17:26:37",668.3,1,bishallamichhane44
4105,16659367,"Tayyab Aamir","2026-08-06 10:59:49",668.2,2,duketi
4106,16694134,"Sophia Leng","2026-08-24 20:04:10",668.0,1,sophialeng9
4107,16696421,"Koyashiki Mao","2026-08-11 06:40:19",667.5,2,koyashikimao
4108,16658009,"Lando Wang","2026-08-05 02:18:17",667.2,2,landowang
4109,16694064,RRK0123,"2026-08-17 05:30:52",667.2,2,rrk0123
4110,16687714,nabilux,"2026-08-09 13:27:11",667.1,2,eminesnabil
4111,16752250,"Takahiro Katsumata (tkatsuma)","2026-08-31 02:58:20",667.0,2,alextfkd
4112,16663708,"Imran Ahamed","2026-08-29 22:00:50",666.9,2,immu4989
4113,16758316,"Roy Lo TW","2026-08-22 12:28:29",666.8,2,roylotw
4114,16663909,HDPark,"2026-08-17 04:48:41",666.8,2,hdpark
4115,16696916,Sundar,"2026-08-11 13:04:59",666.7,2,vsundar17697
4116,16749236,"Michael Müller","2026-08-31 18:03:46",666.5,2,michaelmller
4117,16641171,"Sadettin Şamil Verdil","2026-09-02 13:12:40",666.4,2,sadettinamilverdil
4118,16675897,"KANG ZHIPENG","2026-09-01 15:23:30",666.3,2,kangzhipeng
4119,16701034,notnorm,"2026-08-11 10:31:23",666.0,1,notnorm
4120,16730231,chandler14362,"2026-08-29 03:04:49",665.8,2,chandler14362
4121,16670708,"Mohammad Usman Sajid","2026-09-02 20:11:30",665.5,2,mohammadusmansajid
4122,16624824,GoofyGenius,"2026-08-26 12:59:10",665.4,2,goofygenius
4123,16793802,"Andrew Lam","2026-09-01 09:07:56",665.4,2,andrewlam23
4124,16731447,"Rúben Martins","2026-08-19 20:55:42",665.3,2,rubenmartins10
4125,16661318,"Zeel Kadvani","2026-08-25 11:17:53",665.3,2,zeelkadvani
4126,16771397,its_mrz,"2026-09-02 03:41:47",665.0,2,itsmrz
4127,16655663,"Farmland Destroyer","2026-08-19 13:43:22",664.8,2,minghaopang
4128,16663343,"Abdullah M. Haque","2026-08-13 14:26:00",664.7,2,abdullahmhaque
4129,16670210,"Ali Alghaithi","2026-08-10 21:14:48",664.6,2,alioman
4130,16724747,"Md.Mahfujul Karim","2026-09-02 06:06:46",664.3,2,mdmahfujulkarim
4131,16771001,"0x1369 T-Farm","2026-08-31 04:38:04",664.3,2,xcryst
4132,16654640,"Halil Akbas","2026-08-28 00:32:12",664.3,2,halilbrahimakbas
4133,16682815,"Saiyam Bharara","2026-08-19 15:03:06",663.8,2,saiyambharara
4134,16640933,"Bhanu prasad","2026-08-30 07:49:09",663.8,2,restlesseagle
4135,16740361,"Suba S","2026-08-21 08:31:50",663.7,2,jupiter79
4136,16625047,BOBQWERA,"2026-08-02 06:34:18",663.5,2,bobqwera
4137,16792512,ckd999,"2026-09-01 17:16:56",663.3,2,ckd999
4138,16798669,"Von Lan (VonLan233)","2026-09-02 01:05:54",663.2,2,vonlanvonlan233
4139,16690869,"Yudai Hayashi","2026-08-23 09:14:30",663.1,2,yuhaya9
4140,16700785,"VIVEK JAMI","2026-08-19 13:57:57",663.1,2,vivekjami
4141,16725871,"Patrice Santiago","2026-08-28 13:12:14",662.9,2,patricesantiago
4142,16793892,cjc0013,"2026-08-31 18:27:50",662.8,2,cjc0013
4143,16682876,"Kartik Garg","2026-08-09 05:21:34",662.8,2,kartikgarg97
4144,16738239,"Yaseen Shah7897","2026-08-20 06:50:29",662.3,2,yaseenshah7897
4145,16704437,babybuffalo,"2026-08-25 16:11:16",662.1,2,babybuffalo
4146,16715473,cmrfrd,"2026-08-14 04:58:15",661.7,2,thecmrfrd
4147,16669393,"ÖMER FARUK YILMAZ","2026-08-07 19:54:59",661.5,2,ofyzero
4148,16716335,JamesJJJJJ,"2026-08-17 14:54:10",661.5,2,jamesjjjjj
4149,16738653,"Julien Trocmé","2026-08-24 12:48:49",661.4,2,julientrocm
4150,16756965,gchauhan,"2026-08-30 16:41:21",661.0,2,gchauhan
4151,16676534,AlphaBound,"2026-08-25 05:26:32",660.8,2,somsubhrometya
4152,16729413,KharinTymofii,"2026-08-20 21:29:42",660.7,2,kharintymofii
4153,16763088,mason.jr,"2026-08-25 04:29:36",660.5,2,haophanzx
4154,16684886,HTHub,"2026-08-08 00:12:47",660.2,2,adegokesaidi
4155,16668817,"Sean ODonnell","2026-08-08 03:27:47",660.2,2,sjean11
4156,16677178,"YOUSSEF FAID","2026-08-11 21:10:38",659.9,2,yousseffaid
4157,16733873,"Shirish Chinchanikar","2026-08-30 15:53:12",659.7,2,"codemastersj,shirishchinchanikar"
4158,16658097,Sujay,"2026-08-29 17:18:43",659.7,2,sujayprodduturi
4159,16730030,"Jared Wilder","2026-08-17 14:23:15",659.5,2,jaredwilder
4160,16735624,"Marc Rippee","2026-08-24 05:03:34",659.2,2,marcrippee
4161,16744534,"Leonardo Custode","2026-09-02 21:18:00",659.2,2,leocus
4162,16657798,"Ian Kim","2026-08-06 05:07:10",659.0,2,ianpkim
4163,16756765,DharmParmar,"2026-09-02 14:34:58",659.0,2,dharmparmar
4164,16809445,takusemba,"2026-09-03 01:11:57",658.8,2,takusembba
4165,16655364,AmirElite,"2026-08-28 04:30:37",658.7,2,amirelite
4166,16749071,snc5656,"2026-09-03 00:01:56",658.5,2,jamm1412
4167,16664096,"Charles Coonce","2026-08-26 03:25:08",658.0,2,charlescoonce
4168,16727059,ksankeerth1,"2026-08-21 14:11:02",657.9,2,ksankeerth1
4169,16634204,"m-toshi desu","2026-08-01 06:20:37",657.8,2,mtoshidesu
4170,16763287,Sathishkumartheta,"2026-08-25 18:53:26",657.7,2,sathishkumartheta
4171,16732307,"Shobha Vashishtha","2026-08-17 12:32:07",657.7,1,shobhavashishtha
4172,16775770,"Ashish Kumar","2026-08-27 17:18:58",657.1,1,whoashish115
4173,16665084,"Wei Han","2026-09-01 06:15:02",656.8,2,weihan87
4174,16713291,Lperalt,"2026-08-30 01:18:01",656.8,2,lucianobastidas
4175,16636808,"Kaito Ichikawa","2026-08-27 09:02:36",656.6,2,kaitoichikawa
4176,16749764,Aquaflame,"2026-08-29 03:54:08",656.5,2,aquaflame
4177,16760604,"Thananut Phiboonbanakit","2026-08-25 14:04:44",656.1,2,tphiboonbanakit
4178,16697941,"Raphael Coelho","2026-08-16 15:24:28",655.9,2,raphaelrrcoelho
4179,16776793,"Guilherme Raiuga","2026-09-02 23:13:08",655.8,2,guilhermeraiuga
4180,16665471,"Dennis Navamani","2026-08-25 11:10:08",655.4,2,dennisnavamani
4181,16668648,"Mason R. Brito","2026-08-19 03:26:26",655.3,2,masonrbrito
4182,16728195,"6 GOD","2026-08-21 15:50:28",655.1,2,tertospacko
4183,16691398,"Time to Win","2026-08-22 10:31:34",655.0,2,yatharthdurgapal
4184,16765031,"Allen JL Li","2026-08-27 06:12:23",654.8,2,allenjlli
4185,16732725,MackTen,"2026-08-19 08:14:01",654.7,2,mackten
4186,16688175,aarav221w,"2026-08-25 23:40:16",654.4,2,aarav221w
4187,16693988,"Pranav Gupta","2026-08-18 03:51:41",654.3,2,kumbhakarann
4188,16704569,"Lorenzo Grattarola","2026-08-16 22:24:15",654.3,2,lorenzograttarola
4189,16665133,"Abhishek Dubey","2026-08-10 13:28:57",654.2,2,abhishekdubey911
4190,16623213,zulfikar.khalwaniev,"2026-08-23 09:08:56",653.9,1,khalwaniev
4191,16755529,"Rafea Almejrab2025","2026-08-29 16:06:34",653.4,2,rafeaalmejrab2025
4192,16675461,mins0_0,"2026-08-30 07:50:53",653.4,2,mins00
4193,16669597,农业农村部,"2026-08-10 19:11:08",653.3,2,"bingzhenghan,hrwan1,krasuszl"
4194,16700885,"Malala Ramaha","2026-08-29 07:29:11",653.2,2,malalaramaha
4195,16802486,SHICHIES,"2026-09-02 18:00:01",653.0,2,shichies
4196,16700546,"Nightshade Family","2026-08-23 11:20:43",653.0,2,"gihanchamod17,vishmithasamarakoon"
4197,16717245,bernard558,"2026-08-24 22:18:16",652.8,2,bernard558
4198,16663922,MoongladeAI,"2026-08-24 18:26:20",652.8,2,moongladeai
4199,16689391,"Tejas Rajput","2026-08-08 17:21:18",652.6,2,tejasrajput123
4200,16691552,"Koshtubh Singh Parihar","2026-08-09 03:19:39",652.5,2,koshtubhsinghparihar
4201,16661066,"André Kuster","2026-08-06 00:54:20",652.2,2,andrkuster
4202,16621811,"Shaun Andrade","2026-08-01 00:44:42",651.5,2,shaunandrade
4203,16732003,"HAO jia liu","2026-08-18 09:58:05",651.4,2,haojialiu
4204,16779539,"Dmitri Bugakov","2026-08-27 16:34:42",651.4,2,dmitrybugakov
4205,16639867,vibecoder,"2026-08-08 05:34:55",651.2,2,kunal808
4206,16652635,panacea9320,"2026-08-05 10:45:06",651.2,2,panacea9320
4207,16761693,nhatvo,"2026-08-27 21:46:20",651.2,2,nhatvo
4208,16665990,daffaharil,"2026-08-11 07:56:55",651.0,2,"daffaharil,farhansiddiq"
4209,16743494,"ROHAN Exploit","2026-08-19 18:35:34",651.0,2,rohanexploit
4210,16794491,"Sushant Pargaonkar","2026-09-02 02:59:45",650.7,2,sushantpargaonkar
4211,16752362,"Shashank Jangid (G25AIT2100)","2026-09-01 02:10:59",650.5,2,shashankjangid
4212,16752324,"yunchuan liu","2026-09-02 04:57:27",650.5,2,hoteye
4213,16661210,vizyourdata,"2026-08-07 11:05:08",650.3,2,vizyourdata
4214,16691518,"Sander Ee","2026-08-09 12:03:09",650.3,2,sanderee
4215,16707078,"Loïc & Zach","2026-08-24 20:25:24",650.2,2,"locmmeteau,zachariedubus"
4216,16659138,allenbcy,"2026-09-02 15:22:41",650.1,2,allenbcy
4217,16630837,"Vishal Sharma","2026-08-05 18:24:44",649.9,2,vishal40182
4218,16706413,"Song Research","2026-08-18 00:39:36",649.6,2,sangbong91
4219,16738777,"Balwinder Singh1235","2026-08-20 10:21:34",649.6,2,balwindersingh1235
4220,16654761,"Mohammed Mukthar","2026-08-05 02:06:15",649.5,2,mohammedmukthar9
4221,16658937,SebastianQbiak,"2026-08-05 06:20:18",649.5,2,sebastianqbiak
4222,16622330,"hiroshi murakami","2026-08-22 01:03:12",649.2,2,zabojeb
4223,16636954,"Jeff Horon","2026-08-26 11:44:44",648.8,2,jeffhoron
4224,16664119,FSzekut,"2026-08-07 00:03:04",648.7,2,fszekut
4225,16657105,"Mathijs Deelen","2026-08-05 01:16:34",648.4,2,mathijsdeelen
4226,16734312,truebelief,"2026-08-19 00:01:20",648.4,2,truebelief
4227,16670615,Ahornsirup,"2026-08-21 19:33:36",648.4,2,ahornsirup
4228,16686613,Zubatch,"2026-08-15 20:11:39",648.1,2,zubatch
4229,16655571,yuken,"2026-08-07 13:27:53",648.1,2,yukenai
4230,16669595,evanca,"2026-08-08 12:27:56",648.0,2,evanca
4231,16661533,wangyuou,"2026-09-02 08:29:32",648.0,2,wangyuou
4232,16678080,"Timothy Adeyemi","2026-08-24 22:53:30",647.7,2,timothyadeyemi
4233,16718363,"Jarbas Camurça","2026-08-28 11:15:44",647.7,2,pjarbas
4234,16697526,"Jurgen Sinjari","2026-08-10 21:21:26",647.5,2,jurgensinjari
4235,16641348,wata,"2026-08-03 11:29:04",647.0,2,iwatahiroki
4236,16627581,AidenSong123,"2026-08-22 11:16:24",646.9,2,aidensong123
4237,16655527,"Saurabh Kumar","2026-08-06 08:14:52",646.7,2,sk25oct
4238,16786043,"Denzel Fuentes","2026-09-02 18:23:53",646.6,2,denzelfuentes
4239,16749104,danielx119,"2026-08-20 16:36:00",646.5,2,danielx119
4240,16627906,"Tergel Munkhbat","2026-08-27 03:32:57",646.3,2,tergelmunkhbat
4241,16779942,"YueKai Yu","2026-08-31 14:16:31",646.3,1,yuekaiyu
4242,16739449,SelvapriyankaRam,"2026-08-24 18:44:21",646.1,2,selvapriyankaram
4243,16660251,Yagawa,"2026-08-20 12:29:37",645.7,2,yagawa
4244,16664731,UT,"2026-08-21 15:24:42",645.5,2,"sabapunch,wasshan"
4245,16744752,"Dean Johnson","2026-08-27 10:26:20",645.4,2,deanjohnson202
4246,16664267,"Alan T. Andrea","2026-08-09 03:22:40",645.3,2,alantandrea
4247,16671420,"Chengchen Duan","2026-08-17 15:25:09",645.3,2,chengchenduan
4248,16731516,Sumit0694,"2026-08-30 16:05:40",645.1,1,sumit0694
4249,16795256,"N Nelson","2026-09-02 17:30:01",644.9,2,napoliyannelson
4250,16632510,shi_koyo,"2026-08-04 08:58:56",644.9,2,shikoyo
4251,16729765,"Caio Ruiz","2026-08-27 00:04:07",644.4,2,chvruiz
4252,16720143,"AMAN PANDEY","2026-08-16 13:57:00",644.2,2,amanapofficial
4253,16726684,"William Lee","2026-08-19 15:35:28",644.2,2,notyouravgwilly
4254,16660005,DreamX5678,"2026-08-06 07:55:06",644.1,2,dreamx5678
4255,16806146,"Factual Explorer","2026-09-02 07:08:02",643.2,2,factualexplorer
4256,16702359,"Ethan Pl","2026-08-11 19:43:21",643.1,2,ethanpl
4257,16724819,Dwij12,"2026-08-20 18:28:01",642.5,2,dwij12
4258,16761744,初心者,"2026-08-30 21:39:34",642.5,2,daikitakahashi
4259,16663963,M0h4m3d-Byte,"2026-09-02 13:56:19",642.4,2,dev3mohamed
4260,16676360,"Chris Kang","2026-08-17 10:07:49",642.3,2,rukawa917
4261,16640600,"Giord Frank","2026-08-30 10:08:25",642.2,2,tangerinedog
4262,16654454,"Haoxiang Li","2026-09-02 22:27:07",642.1,2,haoxiangli789
4263,16699689,"David Sedláček","2026-08-10 08:38:38",642.0,2,sibicek
4264,16634316,"Cao Tùng Lâm","2026-09-01 07:16:08",641.9,2,liamislazy
4265,16674504,"Arunabh Gupta","2026-08-18 11:10:33",641.4,2,"arunabhsgupt4,eggsysy"
4266,16671680,"Joe Hall","2026-08-10 19:02:30",641.4,2,halljr
4267,16732609,"Filippo Paninforni","2026-08-19 18:30:22",641.3,2,filippopaninforni
4268,16675074,ahiokk,"2026-08-07 07:58:44",641.2,2,ahiokk
4269,16690736,omarkami007,"2026-08-11 18:40:45",641.1,2,omarkami007
4270,16772673,"Alejandro Rendon B.","2026-08-31 03:39:48",640.9,2,alejandrorendonblan
4271,16665622,one,"2026-08-11 04:10:11",640.8,2,richardsplayground
4272,16699711,"maxscender ","2026-08-13 14:03:35",640.2,2,maxscender
4273,16790652,"Pengchao Zheng","2026-09-02 06:09:23",640.2,2,pengchaozheng
4274,16726873,@F,"2026-08-16 01:43:22",640.2,1,atefbouzid
4275,16670070,"Kirill Molostov","2026-08-31 12:18:26",640.1,2,kirillmolostov
4276,16774843,"Assylkhan Kerey","2026-08-30 03:16:54",640.1,2,n0nlyy
4277,16700441,"Houssem RIAHI","2026-08-27 14:54:09",640.0,2,houssemriahi
4278,16784599,"Lisa Hines","2026-09-01 22:46:36",639.9,2,lisamhines
4279,16665894,"Pedro Wu","2026-08-20 07:05:26",639.9,2,pedropei
4280,16687548,"Shubham Tibrewal","2026-08-22 12:21:02",639.9,2,researchai2026
4281,16791027,"Ryan Cheung","2026-09-02 03:45:33",639.0,2,doggychip
4282,16623449,"Ryo Takaki","2026-09-02 22:35:03",638.5,2,ryotakaki
4283,16689919,"Koren Ben Ezra","2026-08-08 17:49:55",637.9,2,korenbenezra
4284,16718366,RATriculture,"2026-08-28 19:15:28",637.7,2,tarasshchur
4285,16688220,Aadi,"2026-08-24 23:10:37",637.1,2,aadicv
4286,16660850,"Khoa Le","2026-08-05 13:23:55",637.0,2,bryanle2025
4287,16810807,Cordiz,"2026-09-02 21:54:59",636.8,2,cordiz
4288,16671237,"Jose Alejandro Rivera Jaramillo","2026-08-07 18:13:13",636.6,2,alejandroriveraj
4289,16738235,tenfish,"2026-09-02 03:15:28",636.5,2,"oygdri,takatoyoshikawa"
4290,16727376,"Roko Torbarina","2026-08-18 18:31:57",636.3,2,rokotorbarina
4291,16727529,윤영일,"2026-08-29 10:44:26",636.3,2,iongil
4292,16785687,"AP SEM F STUDENTS","2026-08-31 03:52:37",636.3,2,"advaithn0518,rohanjeyavel,shrivatsamurugan,stitchsages"
4293,16729202,Sven,"2026-08-27 21:55:40",636.2,2,sventleman
4294,16777056,"Seb boulba","2026-08-27 21:03:26",635.9,2,sebboulba
4295,16667818,AjayVarma555,"2026-08-09 15:14:45",635.8,2,ajayvarma555
4296,16732357,"Thales Augusto Leite de Souza","2026-08-23 23:43:38",635.5,2,thalestals
4297,16635145,"Isaac Menard","2026-08-05 21:11:36",635.5,2,isaacmenard
4298,16659418,"Fonge Bertin","2026-08-06 09:26:33",635.4,2,fongebertin
4299,16729531,alfphafarm,"2026-08-19 19:09:48",635.4,2,vudattumaniteja
4300,16707767,"Lai Eu Wen","2026-08-16 16:47:50",635.4,2,laieuwen
4301,16660295,Pentos,"2026-08-10 00:06:56",635.3,2,nishiumi
4302,16670596,prabalsingh_23,"2026-08-26 02:33:14",635.2,2,prabalsingh23
4303,16671364,"Mike Riggs","2026-08-09 03:22:55",635.0,2,riggsasi
4304,16665060,Pipeweed,"2026-08-27 18:14:40",635.0,2,pipeweed56
4305,16738506,"Rok Sechs","2026-08-23 04:00:41",634.6,2,rokshimiz
4306,16743846,"Hemanth Raja Guttikonda","2026-09-02 18:37:29",634.5,2,"hemanthrajg,poojithakatta18"
4307,16782187,"Margo Kim","2026-08-28 19:15:18",634.4,2,margokim
4308,16673923,"Gabriele Giacometti","2026-08-10 11:38:05",634.3,2,gabrielegiacometti
4309,16674841,"Syna Bedi","2026-08-15 09:57:28",634.2,2,synabedi
4310,16773779,"Daichi Tanaka","2026-08-31 03:38:48",634.2,2,daichit64
4311,16730922,"Shengyuan Yin","2026-08-17 06:17:27",633.8,1,flaming0
4312,16660670,"Chirag Bhatnagar","2026-08-31 09:21:45",633.7,2,chiragbhatn
4313,16736636,torch,"2026-08-18 10:35:29",633.6,2,rhtsingh
4314,16702118,"cemal özdeniz","2026-08-10 20:27:17",633.5,2,cemalzdeniz
4315,16697800,DR_Mkelvo,"2026-08-09 20:42:15",633.5,1,drmkelvo
4316,16724904,"Carlos Eduardo De Paula Arantes","2026-08-15 15:48:43",633.2,2,carloseduardo1753
4317,16702820,"Plorek ","2026-08-28 11:28:11",633.1,2,plorek
4318,16679671,Ash0666,"2026-08-09 19:28:52",633.1,2,ash0666
4319,16642994,"Danila Galkin","2026-08-13 19:22:17",633.0,2,danilagalkin
4320,16661432,"Ange Adantchede","2026-09-02 18:42:30",632.9,2,angeadantchede
4321,16743815,"Asanka Pradeep","2026-08-23 14:32:46",632.8,2,asanakapr
4322,16722502,Abyss,"2026-08-27 11:26:49",632.7,2,sahiltks
4323,16677518,"Khor Yin Loon","2026-08-23 09:29:06",632.6,2,khoryinloon
4324,16660035,NoNamedeo,"2026-08-27 14:20:15",632.4,1,nonamedeo
4325,16640504,"Recep Öztürk","2026-08-26 11:19:31",632.2,2,rcpztrrk1
4326,16702481,"Scott G","2026-08-13 15:19:02",632.2,2,verifiedscott
4327,16697704,"Leonid Matetskiy","2026-08-09 21:39:06",632.0,2,leonidmatetskiy
4328,16675066,Opticulture,"2026-08-16 12:19:48",631.9,2,"bajibaburowthu,ponnuripavankumar,radhakrishnadoredla,veereshkumar1219"
4329,16660138,"Sanchit Handa","2026-09-02 18:13:00",631.8,2,"harmanjotsingh8,sanchithanda182006"
4330,16669396,Fleo98,"2026-08-10 15:43:34",631.5,2,fleo98
4331,16756388,"Sam Scott","2026-08-22 22:04:06",631.4,2,shepard5
4332,16711928,Leraaaa,"2026-08-18 20:01:52",631.4,2,leraaaa
4333,16667143,"Noct-Tech zombie","2026-08-06 13:46:51",631.3,2,jo3thaboss
4334,16733763,Gaurav,"2026-08-28 05:00:14",631.2,2,gauravahlawat
4335,16727009,B05801037,"2026-08-18 02:28:48",631.2,2,peteropop
4336,16657332,"Amit Malakar","2026-09-01 16:54:56",631.2,2,amitmalakarjoy
4337,16669408,"Josaphat Adjele","2026-08-31 17:26:56",630.6,2,josaphatadjele
4338,16681660,"Parham Ghazanfari","2026-08-07 20:18:18",630.6,1,parhamghazanfari
4339,16654943,"Alexis Selorm Gbeckor - Kove","2026-08-10 11:44:58",630.6,2,advancedbeginner
4340,16662421,"Aparna Mantha","2026-08-06 17:23:34",630.2,2,aparnam91
4341,16726839,syunsuke,"2026-08-21 23:12:13",629.6,2,syunsuke1024
4342,16684436,Simon-the-sorcerer,"2026-09-02 21:26:34",629.3,2,simonwiller
4343,16731009,"Joseph Paris","2026-08-24 05:32:21",629.1,2,josephkparis
4344,16717850,"HeeGwan Lee","2026-09-02 13:20:08",628.9,2,heegwanlee
4345,16684674,"Ch Muhammad Umer ","2026-08-11 08:11:36",628.7,2,chmuhammadumer
4346,16667565,BeeDeeR,"2026-09-02 00:41:52",628.6,2,beedeer
4347,16792449,SKYisSKYisSKY,"2026-08-31 04:16:07",628.2,2,skyisskyissky
4348,16670933,Pat,"2026-08-06 10:26:21",628.0,2,junseia
4349,16656883,KK,"2026-08-05 10:27:15",628.0,2,kkonzyb
4350,16730740,"claude opus5🏆","2026-08-19 09:58:24",627.9,2,yinpinggao
4351,16632504,"[Deleted] c2f6c5d5-ecb1-4f92-95d7-7c9f0fd3474f","2026-07-31 16:04:32",627.8,1,ryota517
4352,16787010,"Samir Patel","2026-09-02 02:33:17",627.8,2,mesamirpatel
4353,16722366,"Aki Lit","2026-08-14 23:24:20",627.8,2,akilit
4354,16663437,inversion,"2026-08-04 20:44:41",627.6,1,inversion
4355,16690338,dvv_ram,"2026-08-13 00:11:18",627.5,2,ddvram
4356,16654351,"Manish Kumar","2026-08-04 07:45:22",627.4,2,manishkumarphd2000
4357,16670544,"William Rients","2026-08-06 00:01:02",626.9,2,williamrients
4358,16717787,Bull,"2026-08-17 13:04:53",626.7,2,welshonionman
4359,16691164,"Krishna Saathwik","2026-08-13 13:50:40",626.5,2,krishnasaathwik
4360,16768178,Scarttish,"2026-08-26 22:44:26",626.3,2,scarttish
4361,16672858,Lyesterday,"2026-08-06 08:45:47",626.2,2,ilyas93
4362,16657794,"Aromal vK","2026-08-06 15:35:11",626.0,2,aromalvk
4363,16673333,"Dimas Renggana","2026-08-06 23:40:39",625.9,2,dimasrenggana
4364,16777228,"Zach Locke","2026-09-02 10:11:45",625.7,2,zachlocke
4365,16676085,"Giordano Dolenz","2026-08-18 16:10:37",625.5,2,giordanodolenz
4366,16677303,"Chase Martyn","2026-08-19 02:05:12",624.4,2,chasemartyn
4367,16680297,"Ajay Singh","2026-08-08 04:33:24",624.1,2,ajaysinghg
4368,16631772,yuki,"2026-08-03 17:39:58",623.7,2,yururoi
4369,16730105,"Leonardo Palis","2026-08-17 03:35:05",623.7,2,leonardopalis
4370,16658775,"Vincent Pan","2026-08-29 12:55:20",623.6,2,"judithhong,vincentpan2005"
4371,16715225,"Someswararao Tellakula","2026-08-17 01:15:37",623.6,2,someshtellakula
4372,16658477,"chathura prasadh9817","2026-08-06 07:18:04",623.6,2,chathuraprasadh9817
4373,16652173,"Shardul Gharat","2026-08-06 10:07:36",623.5,2,shardulgharat
4374,16775001,"Maarij Aqeel","2026-08-26 14:48:03",623.2,2,maarijaqeel
4375,16687716,"Joshua Fernando","2026-08-30 17:59:14",623.0,2,joshuafernandoj
4376,16623745,chunluran,"2026-08-27 06:55:55",622.9,2,chunluran
4377,16657265,"Hemant Kumar","2026-08-05 15:17:20",622.9,2,hemantrajputt
4378,16661564,yang20251228,"2026-09-02 03:40:29",622.8,2,yang20251228
4379,16637031,"and more","2026-08-20 06:23:32",622.8,2,kym2022
4380,16715495,Yashi003,"2026-08-24 04:44:40",622.8,2,yashi003
4381,16779304,"Ari Nakos","2026-09-01 22:43:59",622.6,2,aristides
4382,16635746,"jeon hyeon woo","2026-08-13 15:32:43",622.5,2,jeonhyeonwoo
4383,16669479,"Shifa Salsabiila","2026-08-09 02:56:11",622.4,1,shifasalsabiila
4384,16759171,"Leonid Kozinkin","2026-08-31 16:30:37",622.4,2,leon7archer
4385,16639705,"Yuta Tomimasu","2026-08-07 13:02:39",621.6,2,yutatomimasu
4386,16657871,Lucienne,"2026-08-05 03:13:59",621.5,2,yangnianan
4387,16673191,juliye,"2026-08-10 03:49:13",621.5,2,juliye
4388,16692680,"Marc-Luca ","2026-08-11 12:02:15",621.4,2,marcluca
4389,16702993,PLM,"2026-08-30 13:58:34",621.4,2,"ileabogdan,popu23,razvaniga,rvaurs"
4390,16659309,irisV11,"2026-08-18 05:23:01",621.3,2,irisv11
4391,16673359,hasshi7965,"2026-08-27 10:23:45",621.3,2,hasshi7965
4392,16637776,MarvelousXun,"2026-08-03 09:33:38",621.2,2,marvelousxun
4393,16658106,"Devam juthani","2026-08-05 08:18:14",620.8,2,devamjuthani
4394,16759265,AI老爸,"2026-08-30 04:38:52",620.8,2,tsengchienchih
4395,16789550,foundtion,"2026-08-30 13:19:22",620.5,2,foundtion
4396,16639408,Invictus,"2026-08-11 22:44:04",620.4,2,nicho256
4397,16682915,"igeo kK","2026-08-09 18:41:17",620.4,2,igeokk
4398,16730104,BartHeart,"2026-08-20 18:58:23",620.1,2,bartheart
4399,16676254,"Lazy Lagoon","2026-08-31 15:11:32",620.1,2,"mokshoswal137,taniyasankhe"
4400,16752277,YKuma,"2026-09-01 01:47:14",620.0,2,ykumazaki
4401,16667766,vasujain7,"2026-09-02 13:58:13",620.0,2,vasujain7
4402,16664348,"Rocket Zech","2026-08-29 08:23:04",619.9,2,isaactunglaw
4403,16658779,"Richard G Atkinson","2026-08-05 00:29:59",619.9,2,richardgatkinson
4404,16667794,knadithyavr,"2026-08-13 12:24:05",619.6,2,knadithyavr
4405,16655217,"Jiawei Zhao","2026-09-02 17:34:26",619.6,2,c789a123
4406,16760226,"Erich Hofstötter","2026-08-24 15:49:06",619.4,2,erichhofsttter
4407,16784420,renyxin,"2026-09-02 16:35:26",619.4,2,renyxin
4408,16756858,"Rushi A.","2026-08-23 18:54:03",619.2,2,rushia
4409,16750864,Ymori,"2026-08-26 01:38:04",619.0,2,yasunorim
4410,16692450,duckypants,"2026-08-23 20:36:59",618.9,2,duckypants
4411,16701795,Proshian,"2026-08-11 00:01:04",618.8,2,proshian
4412,16781445,"Odim David Chukwuemeka","2026-09-02 16:45:23",618.5,2,odimdavidchukwuemeka
4413,16763761,mkai1981,"2026-09-02 15:54:18",618.5,2,mkai1981
4414,16755091,Charlie,"2026-09-02 00:54:13",618.3,2,zephyrlennox
4415,16655426,engin_zhou,"2026-08-05 15:21:18",618.2,2,enginzhou
4416,16623112,Tians12,"2026-08-09 19:10:24",617.9,2,tiansang12
4417,16690353,b13902103_yuhung94,"2026-09-01 05:03:15",617.8,2,yuhung94
4418,16640845,"tang yangzhou","2026-08-04 21:36:09",617.6,1,tangyangzhou
4419,16660419,"Kai-Shih Chiu","2026-08-06 12:54:22",617.4,2,kaishihchiu
4420,16778145,TW_益民_li,"2026-09-02 02:17:36",616.9,2,liyimintw
4421,16687925,BillDoser,"2026-09-01 17:26:43",616.8,2,billdoser
4422,16663766,"Anup Gautam","2026-08-08 01:29:10",616.8,2,anupanda
4423,16699756,"zhang xin","2026-09-02 14:43:09",616.6,2,zhangxin300
4424,16627751,lzeee,"2026-08-10 14:06:38",616.4,2,shzgong
4425,16677231,"Ahmed Bootaan","2026-08-06 18:08:52",616.4,2,ahmedbootaan
4426,16731996,Chloe,"2026-08-18 02:58:05",616.4,2,chenchloehaimo
4427,16717817,"Nick Stoddart","2026-08-14 05:15:23",616.3,2,nickstoddart
4428,16656792,"Gnanaprakash R","2026-08-28 15:05:38",616.3,2,gnanaprakashr
4429,16722028,"Aw Ming Xuan","2026-08-16 09:24:48",616.2,2,awmingxuan
4430,16675585,"Jacob Joy","2026-08-11 12:13:06",616.2,2,jac0b1
4431,16708907,"[Deleted] 84526ff4-3aed-4b4b-a45f-a4486f01cb7b","2026-08-13 20:01:55",615.9,2,del=34c747d6ee8d2bd7
4432,16653303,F4,"2026-08-06 01:43:09",615.7,2,"chen2yoimiya,huaidezhang,wahuwahuwahu,zrurfa"
4433,16760190,"Florian Tigoulet","2026-08-24 12:37:14",615.5,2,floriantigoulet
4434,16685652,LeonDuue,"2026-09-01 06:55:54",615.5,2,leonduue
4435,16691938,"PRASHANT SUTHAR11","2026-08-10 09:46:05",615.4,2,prashantsuthar11
4436,16660364,dadandsats,"2026-08-14 11:41:04",615.3,2,continuingdev
4437,16761451,gulag,"2026-08-24 03:39:54",615.2,2,moglin
4438,16756029,EndCreeper,"2026-08-25 06:23:41",615.2,2,endcreeper
4439,16699772,MrAnalyst,"2026-08-29 16:42:41",615.0,2,mranalyst
4440,16738640,"Tjay Burger","2026-08-18 17:35:39",614.8,2,tjayburger
4441,16762206,"mohammad khanjani2026","2026-08-25 06:24:39",614.7,2,mohammadkhanjani2026
4442,16662103,"Saravana Thiagarajan K","2026-08-05 21:43:42",614.7,2,saravanatk1984
4443,16686912,@mldsdev,"2026-08-13 02:07:44",614.5,2,lan1mel
4444,16714592,"Carey Casile","2026-08-14 18:34:16",614.4,2,ccasile
4445,16700484,白井孝太郎,"2026-08-15 01:08:02",614.4,2,kotaroshirai
4446,16780513,"Hugo JOBÉ","2026-08-27 20:51:09",614.4,2,hugojob
4447,16748774,"hakan ulucan","2026-08-25 19:19:11",614.1,2,hakanulucan
4448,16709885,"Manuel Pérez","2026-08-14 01:54:02",614.0,2,manuelperezzz
4449,16660360,"Joey Gonzales","2026-08-05 00:00:47",613.8,2,joeygonzales
4450,16666833,DenisKoronchik,"2026-09-02 10:13:46",613.4,2,deniskoronchik
4451,16697681,"Mahfujur Rahman Rakib","2026-08-10 05:14:21",613.2,2,mahfujurrahmanrakib
4452,16674076,rigsutra,"2026-08-24 11:59:54",613.1,2,rigsutra
4453,16685618,"Krupa Vardhan","2026-08-28 09:24:21",612.9,2,krupavardhan
4454,16747163,"Sarthak Patel","2026-08-21 06:36:26",612.9,2,sarthakpatel2028
4455,16720788,Anson,"2026-09-02 17:47:17",612.9,2,anson0496
4456,16658151,"Nguyễn Phúc Gia Bảo","2026-08-06 15:15:07",612.8,2,kevincrazy678
4457,16735517,"Philipp k-s","2026-08-27 03:13:29",612.8,2,philippkeussenstrau
4458,16659412,yesterdays_rebel,"2026-08-13 12:14:41",612.6,2,irfanparaniya
4459,16664415,"Imerson Krysthio","2026-08-12 05:37:03",612.3,2,imersonk
4460,16665462,ZSZ,"2026-08-12 13:55:00",612.2,2,zsuzsanna2
4461,16621354,pengshy,"2026-08-06 04:54:01",611.9,2,dm15336142
4462,16668022,"Lady and tech","2026-08-19 04:08:50",611.6,2,ladyandtech
4463,16659663,Chintakrinda_Naveen,"2026-09-01 11:11:27",611.6,2,naveen998
4464,16645431,Amin,"2026-08-08 22:05:02",611.6,2,aminvafaei
4465,16669470,"ASDM HUB","2026-08-12 20:13:20",611.3,2,jesushechavarria
4466,16686743,charmander,"2026-08-30 10:30:57",611.1,2,rahuladhi
4467,16657547,"Pranav Thota","2026-09-01 04:10:57",611.1,2,pranavthota
4468,16638645,ChrisDavis,"2026-08-03 23:29:34",611.0,2,alpacas
4469,16661142,"Phú Nhân Nguyễn","2026-08-15 09:53:23",610.8,2,phnhnnguyn
4470,16741766,lrik00,"2026-08-29 10:40:44",610.4,2,lrik00
4471,16736111,hexingwei33,"2026-09-01 02:08:11",610.4,2,hexingwei33
4472,16666483,"Salih Erdem Kaymak","2026-08-08 17:32:38",610.4,2,saliherdemkaymak
4473,16662313,"Maximus Sambucetti","2026-08-09 15:36:46",610.2,2,maximussambucetti
4474,16658820,"Jonathan Ashenaf1","2026-08-11 16:59:20",610.1,2,jonathanashenaf1
4475,16674540,"Pratik Priyanshu","2026-08-07 18:28:12",610.1,2,pratikpriyanshu5
4476,16740894,BetOnMe,"2026-08-19 14:40:02",610.0,2,betonme
4477,16687538,aefinityaiinc,"2026-08-27 20:59:35",609.9,2,aefinityaiinc
4478,16793150,Comet19,"2026-08-31 10:53:04",609.7,2,comet19
4479,16718445,"Hamza Elmorjani","2026-08-15 12:16:55",609.7,2,hamzaelmorjani03
4480,16673712,"Alejandro Betato","2026-08-16 10:48:24",609.5,2,alejandrobetato
4481,16701454,"André-Marie BEHANZIN","2026-09-02 14:55:56",609.4,2,andremariebehanzin
4482,16659951,"CHRISTOPHER CRILLY","2026-08-20 12:14:03",609.3,2,christophercrilly
4483,16633934,Alexy,"2026-08-25 04:40:02",609.0,2,alexycactus
4484,16703129,"Pratik Vadher","2026-08-10 21:08:27",609.0,1,pratikvadher
4485,16669028,"Atishay Kasliwal","2026-08-11 17:54:59",608.8,2,atishaykasliwal
4486,16664605,"Nathaniel Shou","2026-08-05 17:51:47",608.5,2,nathanielshou
4487,16669118,"yunus yavuz","2026-08-05 21:51:21",608.4,2,yunusyvz
4488,16656690,"Sushant Kumar (xWF)","2026-08-06 04:44:38",608.3,2,sushantkumarxwf
4489,16744239,"Diogo Gomes ","2026-08-25 09:39:28",608.2,2,diogogomes
4490,16740646,"Darren Chung","2026-08-25 18:00:27",608.1,2,chungdarren
4491,16750726,prince22466,"2026-08-27 15:54:11",608.1,2,prince22466
4492,16659446,zhaozy233,"2026-08-15 16:51:36",607.7,2,zhaozy233
4493,16790527,Yuta,"2026-09-02 11:05:38",607.3,2,yutaecon
4494,16704864,ksj00610,"2026-08-12 08:47:16",607.1,2,ksj00610
4495,16718565,Frankyface,"2026-08-13 18:54:37",606.9,1,frankyface
4496,16641099,sieru-copan,"2026-08-30 12:28:26",606.9,2,sierucopan
4497,16635065,T88,"2026-08-06 00:56:10",606.6,2,t88take
4498,16664142,"The Studio 1","2026-08-16 23:04:06",606.6,2,landonsheatsley
4499,16663677,"Aghazie David","2026-08-07 00:32:14",606.6,2,aghaziedavid
4500,16762010,"Ivan Piaternev","2026-08-24 15:36:12",606.3,2,iamvanya
4501,16659181,Hongjie04,"2026-08-05 04:07:04",606.3,2,hongjie04
4502,16708625,"Lê Văn Pháp","2026-08-29 03:15:56",605.9,2,"linhsarah,lvnphp"
4503,16666066,Khush3e,"2026-08-12 04:50:39",605.7,2,khush3e
4504,16687448,"Israel Burns","2026-08-12 08:41:38",605.4,2,israelburns
4505,16796625,Nepsirhc,"2026-09-02 10:35:01",605.2,2,nepsirhc
4506,16664143,"Lucas Henrique Mateo","2026-08-21 19:10:52",605.1,2,lucashmateo
4507,16716632,shini47,"2026-08-22 20:30:17",605.1,2,shini47
4508,16761751,KrishnaKumar_AIML,"2026-09-02 14:38:24",605.0,2,krishnakumarcsr
4509,16696526,"Reda HEDDAD","2026-08-10 20:42:47",604.9,2,redaheddad
4510,16748527,Tsubasa_00,"2026-08-21 08:53:14",604.8,2,tsubasa00
4511,16799266,"Saugi Alkaf","2026-09-02 09:09:08",604.7,2,syaugialkaf
4512,16752899,"Nicolò Alberti","2026-08-23 09:16:36",604.5,2,nicolalberti
4513,16795070,"HKUST Random","2026-09-02 09:39:09",604.0,2,siulungfan
4514,16740534,"Gao Wenjiang","2026-09-02 09:48:37",604.0,2,gaowenjiang
4515,16793452,"Ghazaros Ghazaros","2026-08-31 15:17:06",603.9,2,ghazarosghazaros
4516,16795982,Vordax,"2026-09-02 20:26:23",603.9,2,vordax
4517,16693738,"Sonu Jha","2026-08-14 20:32:37",603.7,2,sonujha090
4518,16710512,FishWotou,"2026-08-19 04:45:40",603.5,2,fishwotou
4519,16712746,itsraininnnn,"2026-08-12 16:38:56",603.0,1,itsraininnnn
4520,16623390,KodamaSec,"2026-08-25 10:09:42",602.8,2,dfhgfdghfdhg
4521,16769793,"Shivam Batra","2026-08-26 14:21:49",602.7,2,shivam744
4522,16670274,"dankwa wadie","2026-09-01 08:45:40",602.5,2,dankwawadie
4523,16733910,davidsmith42,"2026-08-19 23:59:03",602.3,2,ananthvydianath42
4524,16655075,"Félix Rodríguez Roble","2026-08-04 09:16:25",602.1,2,flixrodrguezroble
4525,16681464,Amyel21,"2026-08-17 10:53:02",601.8,2,amyel21
4526,16656709,"Anh-Vu Mai-Nguyen","2026-09-02 19:56:33",601.8,2,mainguyenanhvu
4527,16654491,"Amedeo Biolatti","2026-08-30 04:05:28",601.3,2,abiolatti
4528,16738923,Quantum,"2026-08-29 01:40:45",601.0,2,jawadxhassan
4529,16810343,"Aleksandr Borodin","2026-09-02 20:29:06",600.8,2,aleksandrbor
4530,16656304,"Gururaj Athani","2026-08-30 04:42:28",600.8,2,gururajathani
4531,16673524,"Zikai Chen","2026-09-02 14:01:50",600.8,2,kyrie1102kai
4532,16770424,masspeaks,"2026-09-02 04:22:35",600.6,2,masspeaks
4533,16718042,"Muddassir Shah","2026-09-02 21:49:44",600.5,2,wisemanseed
4534,16795624,"Shashwat Khare","2026-09-02 01:46:54",600.5,2,shshwtkhr
4535,16624941,"KO Ho Tin","2026-08-10 03:33:47",600.4,2,b14ckc4tmr
4536,16623302,"Raffi Ardhi Naufal","2026-07-31 18:31:57",600.2,1,raffiardhi
4537,16770891,"Oleg Shatov","2026-08-27 18:31:14",600.2,2,bishkek
4538,16705183,"Tong Jiakai","2026-08-14 08:23:26",600.1,2,tongjiakai
4539,16623316,"Ondrew Zudin","2026-08-06 23:08:41",600.1,2,ondrewzudin
4540,16759246,wangfeifei_si,"2026-08-26 14:27:19",600.0,2,wangfeifeisi
4541,16673034,"Milos Vlainic","2026-09-01 11:01:07",600.0,2,wlakinsson
4542,16742684,Inzilbêth,"2026-09-03 01:22:42",600.0,2,inzilbth
4543,16658700,"szlachetny snieg","2026-09-03 01:24:32",600.0,2,takayukiimoto
4544,16773125,kuroko1t,"2026-09-03 01:24:59",600.0,2,kuroko1t
4545,16811571,"Daniel Guo","2026-09-03 01:24:51",600.0,1,denialguo
4546,16698688,JeremiahMannings,"2026-09-03 01:25:02",600.0,2,jmannings
4547,16676259,Th_Gbay,"2026-08-19 20:42:35",599.5,2,thgbay
4548,16719172,"Victor Carriço","2026-08-24 03:35:14",599.4,2,kronossaurus
4549,16685982,Snorf,"2026-08-09 15:06:58",599.2,2,snorfyang
4550,16715205,GCarnovale,"2026-09-03 00:25:14",599.2,2,gcarno
4551,16686655,"Emir Baki Demirci","2026-08-14 22:43:55",599.1,2,emirbakidemirci
4552,16710521,"Natpaphon Nukhunthod","2026-08-17 03:37:15",599.1,2,natpaphonnukhunthod
4553,16764330,"Koral Kulacoglu","2026-08-26 04:51:33",599.0,2,koralkulacoglu
4554,16793461,"Muhammad Hokimiyon","2026-08-31 00:42:19",598.9,2,muhammadhokimiyon
4555,16666597,Ramkumar4240,"2026-08-10 12:19:20",598.5,2,ramkumar4240
4556,16656871,"Pedro Henrique","2026-08-07 03:37:29",598.0,2,pedrohets
4557,16693137,"Ich Benavides","2026-08-18 19:37:35",597.8,2,jabeichbenavides123
4558,16736261,"Saptanshu Samal","2026-08-22 12:02:42",597.7,2,saptanshusamal
4559,16668175,el_dedalus,"2026-08-06 14:48:01",597.7,2,eldedalus
4560,16755398,takataok_42,"2026-08-30 09:13:14",597.6,2,takataok42
4561,16743438,嘎嘎滴辣晒,"2026-08-24 09:30:32",597.3,2,yuhangzhang0621
4562,16733131,Rad,"2026-08-28 02:56:56",597.0,2,vnt174
4563,16736368,tora,"2026-08-19 06:54:47",596.7,1,toranosukenoda
4564,16731887,"hoo aam","2026-08-21 05:37:16",596.3,2,hooaam
4565,16714100,SuperMercat,"2026-08-14 09:52:49",596.0,2,supermercat
4566,16667872,"Pralay Ghosh","2026-08-29 09:39:18",596.0,2,pralayghosh83
4567,16659507,"Lokesh Lalan","2026-08-26 08:51:50",595.9,2,lokeshlalan
4568,16677360,"Jatin Chawla","2026-08-08 13:45:06",595.8,2,jatin221
4569,16666328,"Dornus !","2026-08-05 21:53:19",595.8,2,dornus
4570,16665191,JoJa,"2026-09-03 01:02:49",595.8,2,"mojyou,noahzx"
4571,16720760,ysteh05,"2026-08-15 05:14:53",595.7,2,ysteh05
4572,16666614,"Arjun Annamalai","2026-08-18 09:23:28",595.5,2,arjunannamalai
4573,16658973,"not today","2026-08-05 05:57:14",595.5,2,cemhan44
4574,16772204,"Hamam Ahmed","2026-08-30 19:28:23",595.5,2,hamamelsanousi
4575,16727961,"Ebenezer Olumeyan","2026-08-22 15:54:00",595.4,2,eolumeyan
4576,16655424,Fayche,"2026-08-10 16:50:28",595.4,2,fayche
4577,16676320,"Khôi Trần","2026-08-29 14:14:57",595.1,2,khoitrn
4578,16690940,NKryst,"2026-08-29 10:57:18",595.1,2,nkryst
4579,16756131,"Emre Atilgan","2026-08-24 20:20:06",595.1,2,emreatilgan
4580,16662057,DeokJin,"2026-08-05 04:01:38",594.8,2,deokjin
4581,16688134,"Marc Dakuginow","2026-08-13 01:40:44",594.6,2,marcdakuginow
4582,16662138,"Luan He","2026-08-25 20:18:46",594.6,2,luanhe
4583,16644508,"Vandana Pathania","2026-08-22 21:59:37",594.5,2,vandanapathania
4584,16696163,"Romain Durand","2026-08-17 19:00:46",594.4,2,romaindurand1607
4585,16699045,"Abu Kayyisah Basyid","2026-09-02 13:57:02",594.3,2,abukayyisahbasyid
4586,16632253,nasuuuuun,"2026-08-04 13:30:11",594.1,2,hikarumatsuzaki
4587,16657807,"Ragav Rida","2026-08-07 16:22:34",594.1,2,ragavrida
4588,16757407,"Dylan Bailes","2026-08-26 07:11:56",593.9,2,dylanbailes
4589,16784966,oouiaa,"2026-09-02 09:59:57",593.9,2,tomofumihata
4590,16658074,"Qui Ngx","2026-08-05 05:57:15",593.8,2,quingx
4591,16675264,"Alon Bar Koter","2026-08-06 16:16:43",593.8,2,alonbarkoter
4592,16777138,"Anna Pakhaliuk","2026-09-01 20:29:23",593.4,2,annapakhaliuk
4593,16809097,volumatic,"2026-09-03 00:21:44",593.4,2,"kkeevviinn666,volumatic"
4594,16730649,Mink,"2026-08-27 08:41:02",592.9,2,"mahendransaeyohnn,mysterious5577"
4595,16697346,"sayyid mogaka","2026-08-10 21:37:36",592.9,2,sayyidmogaka
4596,16662751,ZeD,"2026-08-06 10:11:24",592.9,2,hussamcheema
4597,16659645,Drakus_Julia,"2026-08-09 02:15:20",592.9,2,drakus74
4598,16738456,"Pritul Raut","2026-08-21 08:45:04",592.8,2,pritulraut
4599,16666371,jiten_topiwala,"2026-08-08 16:51:13",592.8,2,jitentopiwala
4600,16687604,Harrislrobinson,"2026-08-11 00:25:10",592.7,2,harrislrobinson
4601,16658702,sherlockwatson007,"2026-08-29 08:48:53",592.6,2,sherlockwatson007
4602,16759626,"Ghazaros Barseghyan","2026-09-02 15:44:36",592.2,2,ghazarosbarseghyan91
4603,16697730,JCN2365,"2026-08-13 18:06:35",591.9,2,jcn2365
4604,16664750,"shubham kumar","2026-08-20 10:26:25",591.8,2,shubzk17
4605,16669545,"Rishabh Gupta","2026-08-06 18:19:04",591.7,2,rishabhguptajs
4606,16663093,"Akul Sareen","2026-08-21 23:49:50",591.7,2,akulsareen
4607,16659025,"Mohammed Naseef","2026-08-05 09:01:20",591.6,2,mohammednaseef
4608,16657981,"Arijit Kar","2026-08-18 11:05:52",591.4,2,demonicak
4609,16658031,BSam79,"2026-08-27 21:28:23",590.7,2,bsam79
4610,16660214,ytddsyt1214,"2026-08-09 12:32:06",590.7,2,ytddsyt1214
4611,16709494,"Aditya Dushara","2026-08-23 05:04:46",590.5,2,adityadushara
4612,16657152,"K S VIJAYARAAGHAVAN","2026-09-02 17:54:54",590.5,2,ksvijayaraaghavan
4613,16723125,"Shubham Dhapola","2026-08-16 13:35:23",590.3,2,shubhamdhapola24
4614,16757211,dacho,"2026-09-02 12:40:15",590.0,2,slothcafe
4615,16795284,"Kostas Tsolis","2026-09-02 17:45:33",589.9,2,tkostas
4616,16658738,Aman,"2026-08-05 11:12:10",589.9,2,amank95amank95
4617,16724395,"Hampton Yeh","2026-08-22 04:07:32",589.8,2,hamptonyeh
4618,16621523,"Victor Orihuel","2026-08-18 05:40:18",589.7,2,victororihuel
4619,16661099,TheSven,"2026-08-06 17:05:25",589.7,2,thesven
4620,16731729,"Sumit Bopche","2026-08-21 15:53:56",589.5,2,sumitbopche
4621,16672463,"Muzammil Baloch","2026-08-07 12:45:39",589.2,2,muzammilbaloch
4622,16660119,"Dhruva Das","2026-08-05 17:05:52",588.7,2,dhruva77
4623,16672333,"Giovanny Rodríguez","2026-08-20 12:23:08",588.4,2,giovannyrodrguez
4624,16726687,"Rohin Kethipally","2026-08-28 22:30:20",588.3,2,rohinkethipally
4625,16678644,"Kanik Aggarwal","2026-08-13 19:01:16",588.1,2,roronoazoro200
4626,16743055,栗ご飯,"2026-09-03 00:39:17",588.1,2,criticalpath1903
4627,16676155,"Adam Carnaffan","2026-08-07 16:48:03",588.0,2,adamcarnaffan
4628,16659813,"Uday Kumar R","2026-08-13 09:47:39",587.9,2,udaykumarramineni
4629,16639679,"Felix Allistar","2026-09-01 13:57:44",587.8,2,felixallistar
4630,16679364,VicD,"2026-08-14 20:16:52",587.8,2,durandv
4631,16633577,Boxy,"2026-08-15 18:55:40",587.6,2,boxyml
4632,16654890,"Josh Hipps","2026-08-06 14:16:49",587.5,2,joshuahipps
4633,16680108,dentalsoup,"2026-08-07 09:03:47",587.4,2,afinemonkey
4634,16635744,XDang13,"2026-09-01 00:50:40",587.4,2,xdang13
4635,16744898,"Tore Erdmann","2026-08-29 12:38:19",587.2,2,toreerdmann
4636,16667025,"Anjitha Mekkayil Anand ","2026-08-28 05:59:46",587.2,2,anjithamekkayilanand
4637,16797969,probability,"2026-08-31 19:48:16",587.1,1,probabilitywavepeak
4638,16661858,"Lukas Lee e","2026-08-18 00:58:12",587.0,2,lukasleee
4639,16686150,"Aek KunKub","2026-08-14 05:21:43",587.0,2,aekkunkub
4640,16720714,"Lithole Munangiwa","2026-08-19 11:23:49",586.9,2,litholemunangiwa
4641,16724847,"guangchen lu","2026-08-17 03:27:45",586.9,2,guangchenlu
4642,16690152,"The Ceris","2026-08-16 11:49:31",586.8,2,amedeopachera
4643,16666988,"Sarthak Vedant Mohanty","2026-08-08 00:10:11",586.8,2,sarthakvedantmohanty
4644,16678602,"hassan manour","2026-08-07 12:52:23",586.6,1,hassanmanour
4645,16630903,"Hrushikesh Pawar","2026-08-09 14:44:37",586.6,2,hrushikeshpawar
4646,16673266,Preet,"2026-08-14 05:57:17",586.3,2,hpkaur34
4647,16660173,"PAULO HENRIQUE DE LIMA","2026-08-06 02:42:20",586.3,1,paulohenriquedelima
4648,16698292,"Dallas Manning","2026-08-17 14:29:53",586.1,2,dallasmanning
4649,16670779,"Aditya Dube","2026-08-06 01:41:24",585.9,2,dubeaditya
4650,16786461,"Caleb Bredlow","2026-08-30 22:16:51",585.8,2,calebbredlow
4651,16701779,"Chaoqi Luo","2026-08-15 16:42:19",585.7,2,chaoqiluo7
4652,16705328,"Ester Arias","2026-09-02 21:03:24",585.6,2,esterarias
4653,16699488,"Kelvin Lai","2026-09-02 13:09:47",585.5,2,kelvin84hk
4654,16683918,Thuytien,"2026-08-07 17:20:33",585.3,2,thuytien200529
4655,16692750,"Hoya need job","2026-09-02 06:39:32",585.3,2,pranavwankhade
4656,16762994,AdvancedRising,"2026-09-02 23:42:08",585.2,2,advancedrising
4657,16668532,"Nir Aberman","2026-08-30 06:08:07",585.0,2,niraberman
4658,16686149,"Luc Mantoux","2026-08-09 20:25:33",585.0,2,lucmantoux
4659,16656913,"Inna Davidov","2026-08-20 04:43:47",584.9,2,innadav
4660,16634790,"Steven Lui","2026-08-03 12:22:08",584.5,2,stevenlui
4661,16674599,"Luka Duvanov","2026-08-19 22:03:46",584.5,2,nekkon
4662,16793889,zhzz,"2026-09-01 11:28:52",584.5,2,ucsdzhengzeng
4663,16740248,KK_nut,"2026-08-25 03:26:52",584.4,2,k0k0nut
4664,16802442,"Rabia Eda Yılmaz","2026-09-02 13:04:18",584.4,1,truthisneverlinear
4665,16651167,ArmanVardanyan07,"2026-08-03 22:43:13",584.1,2,armanvardanyan07
4666,16693207,"Vamshi Guntupalli","2026-08-11 22:40:36",583.9,2,vamshiguntupalli
4667,16762831,269,"2026-09-02 07:53:37",583.9,2,thahaarsh
4668,16732945,"Aru Ohta","2026-08-29 12:19:07",583.6,2,aruohta
4669,16673324,Amaranta,"2026-09-02 18:48:45",583.6,2,ulyanovantonamaranta
4670,16664841,vohi01,"2026-08-25 03:38:00",583.6,2,vohi01
4671,16755650,"kazuki morikawa","2026-08-30 09:21:54",583.2,2,kazukimorikawa
4672,16723737,HaruhiroKazami,"2026-08-21 16:12:04",583.2,2,haruhirokazami
4673,16735475,SunjaeLee02,"2026-08-19 08:12:41",582.8,2,sunjaelee02
4674,16691007,"Nhật Khoa Phạm","2026-08-14 16:15:43",582.8,2,pnk123456
4675,16622938,"Farmville Redux","2026-08-03 18:58:04",582.0,2,daveconnor
4676,16747345,"Alex #3","2026-09-02 12:28:51",581.9,2,alexb99
4677,16781545,"Jake Lin","2026-08-31 02:28:54",581.8,2,jakelinai
4678,16635600,"Divyansh Kumar","2026-09-01 19:42:25",581.5,2,"divyanshkumar3,vivekjeetpatel"
4679,16760352,"Romain Bomba","2026-08-24 01:27:23",581.4,2,romainbomba
4680,16770842,yatakeuc,"2026-09-02 23:03:58",581.4,2,yatakeuc
4681,16661832,"Roberto Garcia","2026-08-08 15:09:39",581.3,2,robertogarciada
4682,16765668,shun_johnny,"2026-09-02 00:24:16",581.0,2,shunjohnny
4683,16708230,"jose manuel Tinajero","2026-08-25 15:02:46",580.9,2,josemanueltinajero
4684,16688366,yokoikazumasa,"2026-08-08 19:25:58",580.8,1,yokoikazumasa
4685,16725847,"Shel Horta","2026-08-18 04:29:55",580.8,2,shelhorta
4686,16705480,Mint120,"2026-08-19 05:49:10",580.8,2,mint120
4687,16657681,"Prince Raj","2026-08-11 22:49:02",580.7,2,princerajmdb
4688,16676663,"This cat is called Fumi","2026-08-11 18:21:43",580.5,2,qwer556617123
4689,16675457,"Ramana Prabhu Sana","2026-08-25 21:16:45",580.3,2,ramanaprabhusana
4690,16774134,kokdonbaq,"2026-08-30 14:07:52",580.1,2,darkhan14
4691,16630335,"Solve Langseth","2026-08-05 06:48:57",579.9,2,solvelangseth
4692,16683309,"Zealous Sebastian","2026-08-09 12:45:32",579.8,2,zealoussebastian
4693,16743282,"Srivishnu Charan","2026-09-02 10:11:16",579.8,2,srivishnucharan
4694,16796810,JosephErikRibeiro,"2026-09-02 20:21:08",579.2,2,josepherikribeiro
4695,16658160,yunquer,"2026-08-17 07:18:53",578.7,2,yunquer
4696,16729914,Christina,"2026-09-02 19:40:15",578.6,2,geekycb
4697,16781377,AgriMind,"2026-09-02 13:15:38",578.6,2,slimaneguermat
4698,16631919,"Ghinwa Allaoui","2026-08-04 16:27:17",578.5,1,ghinwaallaoui
4699,16657400,indrapurnama,"2026-08-08 05:42:05",578.3,2,indr0008
4700,16654970,"Maycon Coutinho","2026-08-27 21:28:32",578.0,2,coutinhomaycon
4701,16666055,Axit,"2026-08-06 10:16:15",577.9,2,axitslab
4702,16668678,"Madhur Sabherwal","2026-08-14 02:47:14",577.9,2,madhur321
4703,16723583,"varun chindage","2026-09-03 01:08:28",577.8,2,stormy420
4704,16671648,"[Deleted] 05e6ae2c-c72f-4044-b02f-dc74277e34ab","2026-08-09 07:21:22",577.8,2,del=871ca06d8c734ede
4705,16712321,"Elias Schecke","2026-08-28 16:06:57",577.4,2,eliasschecke
4706,16750751,AarizKh,"2026-08-24 22:41:15",577.2,2,aarizkh
4707,16740662,宣城市机械电子职业技术学院,"2026-09-02 02:39:13",577.2,2,chenzhengy
4708,16645446,gogo98415,"2026-08-29 06:04:15",577.0,2,gogo98415
4709,16774317,A_yuki,"2026-08-28 23:42:10",577.0,2,yukiys
4710,16654596,"khusham sheth","2026-08-13 05:28:55",576.9,2,khushamsheth
4711,16662201,"Saumitra Verma","2026-08-04 18:28:36",576.9,2,saumitraverma
4712,16753887,"Hong Tang","2026-08-24 21:41:20",576.5,1,hongtang15
4713,16656317,"Manu Rahi","2026-08-06 16:43:55",576.5,2,manurathi
4714,16685349,Onelux,"2026-08-13 12:58:31",576.5,2,leehomhuang
4715,16696020,"Hugo Voisin","2026-08-11 16:08:06",576.1,2,hugovoisin
4716,16655072,Sonuaswar1,"2026-08-04 07:33:47",575.9,2,sonuaswar1
4717,16663777,"Mortis Beans","2026-08-24 05:27:44",575.8,2,mortisbeans
4718,16691271,"Ashler Herrick","2026-08-09 14:54:33",575.8,1,ashlerjohnherrick
4719,16717716,"Диас Издибаев","2026-08-15 05:32:14",575.5,2,diasiz1
4720,16709880,"Javier Pérez Robles","2026-08-15 02:21:07",575.5,2,javierprezrobles
4721,16659896,TedT,"2026-08-11 19:36:14",575.4,2,fdsaur
4722,16726445,"James Patounas","2026-08-19 08:37:06",575.2,2,jamespatounas
4723,16717742,"Ghawwjsb Vsjsjsbs","2026-08-13 22:32:49",575.1,2,ghawwjsbvsjsjsbs
4724,16664370,"Joel Arias","2026-08-06 17:29:01",574.8,1,j4rias
4725,16664706,olivbhxf,"2026-08-06 07:10:34",574.8,2,olivbhxf
4726,16660270,Ziel_Lux,"2026-09-02 12:55:12",574.4,2,nahbilafaith
4727,16624506,zhongtian,"2026-09-02 06:52:07",574.3,2,kmtbang
4728,16685582,Wasaanyi,"2026-08-18 09:21:30",574.1,2,"cnakakeeto,wasaanyi"
4729,16705363,"Matt Hall","2026-08-16 01:44:32",574.1,2,matthall0
4730,16631480,"Kumar Abhijeet","2026-07-31 13:29:40",573.6,1,krabhijeet
4731,16633069,"Nur Srijan","2026-08-06 12:55:34",573.6,2,nursrijan
4732,16705415,"Mauro Najera","2026-08-11 05:30:13",573.3,2,mauronajera
4733,16709463,MKhlystun,"2026-08-12 12:41:42",573.2,2,mkhlystun
4734,16802663,ipefix,"2026-09-01 17:34:35",573.1,2,nmsis91
4735,16756987,"Joseph Paggeot","2026-08-24 04:32:57",573.0,2,josephpaggeot
4736,16662715,"Great Okwuma","2026-08-17 00:10:46",572.8,2,greatokwuma2
4737,16759112,songxin,"2026-08-28 06:17:20",572.8,2,likewaterandwind
4738,16712921,"Come Back","2026-08-20 00:45:45",572.6,2,amirhosseinltf
4739,16662741,"Abhiraj Govind","2026-08-04 18:01:16",572.6,1,abhirajgovind
4740,16657401,korpo,"2026-08-25 20:18:13",572.5,2,krisko
4741,16758629,karinkaito,"2026-08-27 14:40:29",572.3,2,karinkaito
4742,16696724,arkmid,"2026-08-25 18:23:28",572.3,1,arkmid
4743,16664266,"Ian Chung","2026-08-07 23:32:55",572.2,2,iannnnn012345
4744,16658265,kraken,"2026-09-01 22:49:41",572.2,1,krn0209
4745,16637894,"Leonardo Domingues","2026-08-13 13:08:30",572.1,2,leonardodomingues
4746,16779152,"taijiu int","2026-09-03 00:06:04",572.0,2,taijiuint
4747,16637499,Yuchen20,"2026-09-02 19:10:43",572.0,2,yuchen2066
4748,16661443,"STEPHEN ASANTE OPOKU","2026-08-04 16:45:41",571.8,1,stephenasanteopoku
4749,16794309,"Sanyam Jain","2026-09-02 03:37:44",571.8,2,sjain03
4750,16698489,"JIUZHOU CHAN","2026-08-30 14:21:04",571.6,2,jiuzhouchan
4751,16684024,"Work From Home 3.0","2026-08-14 12:33:30",571.6,2,"direct1,gongyiqian,jovansee,maxtankialok,n00bcak"
4752,16715711,"Shawon Biswas","2026-08-19 10:42:24",571.5,2,shawonbiswas11
4753,16729081,"Venkata Y","2026-08-19 00:45:13",571.3,2,venkatayerrapothu
4754,16668211,"Alejandro Hernández Mairal","2026-09-02 15:43:55",571.2,2,alherma7
4755,16733961,"Julia Fredo","2026-09-03 01:19:16",571.1,2,juliafredo
4756,16769648,"Alok Kumar","2026-08-28 18:04:50",571.0,2,shadowserpent
4757,16675477,"Joanne Yun","2026-08-07 13:40:53",570.9,2,joannejyun
4758,16706985,Valmrnch,"2026-08-24 07:57:56",570.9,2,valmrnch
4759,16687293,"Aurelie Jodelle Kemme","2026-08-20 00:25:43",570.8,2,"audreydemafo,aureliejodellekemme"
4760,16648589,"Yilan Zhu","2026-08-05 11:23:23",570.8,2,yilanzhu
4761,16770440,"Tegar Putrayas Dentatama","2026-08-29 06:33:59",570.6,2,tegarputrayasd
4762,16641009,"Marius Kirschner","2026-08-03 08:41:47",570.3,2,mariuskirschner
4763,16668562,"Anthony LOISEAU","2026-08-06 16:07:52",569.7,2,anthonyloiseau
4764,16757727,"Sohshi Nakamura","2026-09-03 00:34:43",569.6,2,sohshinakamura
4765,16757417,otter_0714,"2026-08-25 05:02:52",569.5,2,otter0714
4766,16661397,"T. Scharf","2026-08-05 02:54:36",569.4,2,scharf
4767,16740840,"Huchen Jiang","2026-09-02 09:18:47",569.4,2,huchenjiang
4768,16659294,"Muhammad Rafzan","2026-08-08 10:56:32",569.3,2,revianalfariz
4769,16698103,JJ,"2026-09-02 09:46:15",569.3,2,jianjinchen
4770,16664913,"ABHISHEK KUMAR","2026-08-17 04:20:56",569.2,2,abhishek6545
4771,16773402,齐乐,"2026-08-28 05:52:43",569.1,2,qile200107
4772,16682076,"Igor Riegel","2026-09-02 14:49:12",569.0,2,igormriegel
4773,16621499,"Alexandr Utkov","2026-08-01 00:21:43",568.9,2,alexandrutkov
4774,16641622,datajanko,"2026-08-22 07:40:54",568.7,2,jankoch
4775,16658327,pocari1,"2026-08-19 07:17:28",568.7,2,pocari1
4776,16668324,"Alden Jenish S","2026-08-06 14:02:09",568.6,2,aldenjenishs
4777,16664140,Sxwat,"2026-08-23 01:13:13",568.6,2,aybatov
4778,16730749,"Đông Hà","2026-08-20 00:32:35",568.5,2,phapsucongu
4779,16668509,HarryZ,"2026-09-02 15:59:31",568.4,2,mzhumzhu
4780,16661507,Siddharth1984,"2026-08-06 13:39:22",568.4,2,siddharth1984
4781,16639244,"Romone Dunlop","2026-08-11 10:19:49",568.2,2,romonedunlop
4782,16722252,pwdh2026,"2026-08-14 22:16:22",568.1,2,pwdh2026
4783,16628487,"Koichi HIRAOKA","2026-08-01 08:42:40",567.9,2,koichihiraoka
4784,16679771,Coolgolf,"2026-09-02 13:56:54",567.4,2,coolgolf
4785,16755101,"Thomas van der Meer","2026-08-26 11:19:19",567.3,2,tvdermeer
4786,16714894,"Mitsuaki Inoue","2026-09-01 12:33:13",567.2,2,mitsuakiinoue
4787,16656410,Sam,"2026-08-14 01:58:04",566.9,2,beartrader
4788,16779813,zitihc,"2026-08-29 14:18:49",566.7,2,zitihc
4789,16774958,"Charles Wuytack","2026-08-27 14:58:07",566.6,2,charleswuytack
4790,16664211,"Ben Wilson","2026-08-06 23:57:29",566.5,2,crispyryse
4791,16692246,"Pamod Jayaneth","2026-08-31 14:30:29",566.4,2,pamodjayaneth
4792,16655899,"Dominic Tedrow","2026-08-17 20:37:28",566.1,2,dominictedrow
4793,16726913,"T T‗Worker","2026-08-22 11:08:14",566.0,2,ttworker
4794,16674714,"Kaaleedass Manoharan","2026-08-31 19:07:47",565.5,2,kaaleedassmanoharan
4795,16677585,Pan,"2026-08-07 13:54:22",565.4,2,mehdiacho
4796,16660462,"Vishwanath N Iyer","2026-08-07 07:22:17",565.2,2,vishwanathniyer
4797,16736579,rk777848,"2026-08-25 03:00:28",565.0,2,rk777848
4798,16659183,"Leonard Yaw Mensah","2026-08-05 02:22:25",564.9,2,leonardyawmensah
4799,16688383,plong2101,"2026-08-18 06:21:34",564.2,2,plong2101
4800,16748738,Shymohn,"2026-08-26 13:28:58",564.0,2,shymohn
4801,16701250,T00bii,"2026-08-11 16:11:06",563.9,1,t00bii
4802,16783713,Gale,"2026-09-01 16:34:19",563.9,2,na1vel
4803,16661930,zzangsunghyeon,"2026-08-08 16:22:21",563.8,2,zzangsunghyeon
4804,16778579,"Jiajia Zhang","2026-08-29 18:19:12",563.8,2,jiajiazhang01
4805,16793535,Pink,"2026-08-31 15:41:51",563.7,2,farjanaafrinswarna
4806,16668612,"raffael prem","2026-08-06 08:02:13",563.6,2,raffaelprem
4807,16665364,"Shien Zhang","2026-08-06 06:50:46",563.4,1,shienzhang
4808,16685028,"serene ng","2026-08-13 14:53:37",563.4,2,sereneng
4809,16700661,"Aakash Kavuru","2026-08-12 05:13:05",563.0,2,aakashkavuru
4810,16723037,"Red Cat","2026-08-26 20:35:55",562.5,2,severl
4811,16665257,"Ken Li","2026-08-09 12:59:32",562.4,2,kenliwt
4812,16727219,"Chukka Venugopalam","2026-08-31 11:24:05",562.3,2,chukkavenugopalam
4813,16661596,t@got@go,"2026-08-10 06:24:24",562.1,2,kamdaanahessod
4814,16692637,"Blox Amaze","2026-08-09 09:47:42",561.7,2,bloxamaze
4815,16635233,"Szymon Kłapiński","2026-08-03 10:04:12",561.5,2,szymonkapiski
4816,16621367,Numari,"2026-07-31 16:30:01",561.5,2,numaritaisei
4817,16667101,SundharSteyn,"2026-08-27 02:41:04",560.8,2,sundharsteyn
4818,16623006,"Aaradhy Singhvi","2026-08-11 23:29:04",560.7,2,aaradhysinghvi
4819,16660955,"Nihal l.suvarna","2026-08-19 14:37:50",560.5,2,nihallsuvarna
4820,16763351,shutong114,"2026-08-24 15:17:06",560.4,2,shutong114
4821,16662043,"Hengcong Zhu","2026-08-05 14:46:24",560.4,2,hengcongzhu
4822,16669699,nikesh23,"2026-08-08 01:52:56",560.1,2,nikesh23
4823,16715126,준환,"2026-08-27 11:27:16",560.1,2,paulguilbert
4824,16657601,Simon,"2026-08-05 15:59:44",560.0,2,benten10
4825,16794598,"Andrew Yu","2026-09-02 04:51:57",559.5,1,andnyu
4826,16658718,"Duong Bao Duy","2026-08-11 19:13:05",559.5,2,duongbaoduy
4827,16724269,lava,"2026-08-26 09:09:01",559.5,2,fanxiaozhen
4828,16658627,"Osman Can ÇETLENBİK","2026-08-05 15:25:30",559.1,2,osmancancet
4829,16632118,nk,"2026-09-02 13:59:01",559.0,2,nagatakengo
4830,16792568,李秉叡（ntumlnoob）,"2026-09-02 06:52:48",559.0,2,ntumlnoob
4831,16692168,"Kinshuk Aggarwal","2026-08-09 04:23:32",558.9,1,kinshukaggarwal
4832,16685722,"Jiahan Cao","2026-08-12 09:01:22",558.9,2,jiahancao
4833,16666566,"Rairo Mukamuri","2026-08-19 10:09:08",558.8,2,thetraveller
4834,16663618,Anthaus,"2026-08-09 17:06:35",558.8,2,anthaus
4835,16761589,"Eren -","2026-08-27 08:48:44",558.7,2,erenozyurek
4836,16741113,kaitle,"2026-08-21 12:05:55",558.7,2,kaitle
4837,16726854,"Tâm La Thành","2026-08-27 08:55:02",558.5,2,tmlathnh
4838,16719857,"Howey do it","2026-08-14 23:06:06",558.4,2,ronincoppins
4839,16709492,abozten,"2026-09-02 21:26:04",557.8,2,abozten
4840,16761173,"Shinzo Takayama","2026-09-02 23:24:19",557.7,2,shinzotakayama
4841,16639814,"Nikhil Krishna A","2026-08-27 19:01:40",557.3,2,techmasternikhil
4842,16674943,feyZERO,"2026-08-16 10:48:50",557.3,2,faezamora
4843,16749371,"Renisa Assyifa Putri","2026-08-21 05:24:07",557.3,1,renisaassyifaputri
4844,16661934,"Viacheslav Kasatkin","2026-08-10 10:48:25",557.2,2,viacheslavkasatkin
4845,16699707,"Afana Khalit putra","2026-08-11 08:57:25",557.2,2,afanakhalitputra
4846,16732529,"lixinglong ye","2026-08-25 06:51:24",557.2,2,lixinglongye
4847,16733948,novodude,"2026-09-01 10:42:40",557.1,2,novomont
4848,16647607,pumpkin,"2026-08-07 13:57:58",556.7,2,gealachpumpkin
4849,16664502,"Alejandro Morales","2026-08-10 01:05:59",556.7,2,langley96
4850,16749038,Seuz,"2026-08-29 18:40:14",556.6,2,kohdawei
4851,16694171,"guanran wang","2026-08-11 05:57:12",556.4,2,guanranwang
4852,16668589,"Gleb Naumkin","2026-08-05 22:46:26",556.4,1,glebnaumkin
4853,16663210,"Marco Nasuelli","2026-08-30 18:13:00",556.3,2,marconasuelli
4854,16630784,"🚜 Sub-Par Seedlings","2026-08-11 08:39:26",556.3,2,"dwellement0baser,michaellist,oneupkiwi,wilhelmberghammer"
4855,16654485,"Mahbub Alam","2026-08-04 02:08:23",556.3,2,mahbubalam214
4856,16718338,"Oladimeji Adeyemi","2026-08-17 15:33:50",556.2,2,adeyemioladimeji
4857,16680562,devsloppy,"2026-08-10 20:02:19",555.9,2,twu1738
4858,16752191,"Wenxuan Ye","2026-09-01 09:58:29",555.8,2,akomwins
4859,16662722,"Ajeet Jain","2026-08-07 06:32:10",555.7,2,jainajeet29
4860,16756891,T.Uehira,"2026-08-24 11:34:16",555.5,2,tuehira
4861,16726025,"Yanrun Chen","2026-08-30 12:26:01",555.4,2,yrchen98
4862,16658344,SOONHANKWON,"2026-08-28 02:00:59",555.3,2,soonabletv
4863,16689372,"Kiran Yerpude","2026-08-12 05:39:43",555.1,2,kiranyerpude
4864,16733785,"Stuart Gilbert","2026-08-30 01:52:41",555.0,2,stuartgilbert
4865,16666709,JSQL,"2026-09-02 18:52:37",555.0,2,jeffreyschott
4866,16717601,"Mariem Fersi","2026-08-24 23:22:14",554.9,2,"mariemfersi,yassinebrahem2"
4867,16784417,"Dallas Odem","2026-08-29 13:14:30",554.9,2,dallasodem
4868,16783677,"Đặng Anh Thịnh","2026-08-28 08:31:12",554.8,1,nganhthnh
4869,16686109,"Triple Tensor","2026-08-17 08:24:26",554.8,2,"adinathjagtap777,pds178,prajwalzolage05"
4870,16656470,Glimmeron,"2026-08-12 02:01:48",554.7,2,rishabhraushan
4871,16772455,dextrecity,"2026-08-30 11:37:56",554.5,2,"dextrecity,leo0pa"
4872,16780019,"hamza khokhar890","2026-09-02 21:43:01",554.5,2,hamzakhokhar890
4873,16664252,"Huy Hoang","2026-08-15 03:59:40",554.0,2,themeend
4874,16665046,"Srish Jana","2026-08-06 18:12:59",553.9,2,srishjana
4875,16662875,Jimmy,"2026-08-31 21:03:15",553.9,2,jiyo4476
4876,16658909,junesdata,"2026-08-06 15:14:26",553.9,2,junesdata
4877,16728137,mchicen,"2026-08-20 16:48:10",553.8,2,"iyaiji,mchicen"
4878,16778703,kamaras,"2026-08-30 11:58:07",553.7,2,kamaras
4879,16672078,vietlinhh02,"2026-08-08 07:46:53",553.6,2,vietlinhh02
4880,16701761,BalaVignesh,"2026-08-11 17:04:37",553.6,2,balavignesh
4881,16728863,Irabala,"2026-09-01 12:17:04",553.5,2,irabala1
4882,16672657,"Lochan Naik","2026-08-07 08:41:44",553.5,2,lochannaik
4883,16699856,yukio,"2026-09-02 14:46:34",553.1,2,yukioseki
4884,16656689,"Vansh Gupta","2026-08-11 08:56:56",552.9,2,vanshrl9ine
4885,16707159,"Toua Innocent TIA","2026-08-17 16:28:36",552.9,2,centino
4886,16714363,guohaowen,"2026-08-13 14:25:48",552.7,2,guohaowen1910
4887,16666637,"Uttam Limbani","2026-08-07 13:41:14",552.5,2,uttamlimbani
4888,16693033,AgriBot,"2026-08-13 23:53:10",552.5,2,prcieuxcomlan
4889,16623071,"Santiago Maniches","2026-09-02 10:38:00",552.4,2,santmani
4890,16652952,lackmind,"2026-08-24 18:54:38",552.4,2,lackmind
4891,16735251,AlviH47,"2026-08-19 14:25:48",552.0,2,alvih47
4892,16789996,"Chen Jiaqi","2026-09-02 15:48:25",551.8,2,elaemchen
4893,16796445,"Md Aminul Islam","2026-09-02 22:56:32",551.8,2,aminulabir
4894,16632100,"Mohit Shirke","2026-08-07 17:55:11",551.7,2,orcivion
4895,16644577,"Arthur Merritt","2026-08-04 07:11:11",551.7,2,jarthuph
4896,16661927,JHCodeQuest,"2026-08-25 11:36:46",551.5,2,josephkhassan
4897,16764600,"Tanmay Shingavi","2026-09-02 07:02:55",551.5,2,decodingafterlife
4898,16687942,"Arya Arun","2026-08-16 08:52:26",551.0,2,aryaarun07
4899,16765688,jihunai,"2026-08-26 23:15:54",551.0,2,jihunai
4900,16675060,"Xinger Gao","2026-08-31 08:52:07",550.9,2,xingergao
4901,16735702,opflare,"2026-08-19 02:25:46",550.8,2,opflare1144user
4902,16660081,fakyyy,"2026-08-09 11:19:15",550.5,2,manideepreddyakula
4903,16705661,"Toshiki Touda","2026-08-13 06:51:05",550.4,2,toshikitouda
4904,16665080,"RAVI KUMAR696996","2026-08-05 06:14:29",550.2,2,ravikumar696996
4905,16661154,"gronky goobers","2026-08-15 14:39:05",550.1,2,"viktoriusontop,yoshisurjuise"
4906,16729152,Antoine,"2026-08-17 10:12:04",550.1,2,a11t01n3
4907,16631981,"Karen Letir","2026-08-10 09:21:51",550.0,2,karenletir
4908,16658895,kunihiro,"2026-08-17 03:05:05",550.0,2,kunihiro
4909,16722561,Asia214,"2026-08-30 02:26:16",549.9,2,asia214
4910,16657674,Warriors,"2026-08-29 14:12:29",549.7,2,"karthikreddykarri,kovvurisaimohanreddy,vikramadityaabhiram"
4911,16675493,"Ryotaro Minato","2026-08-22 23:49:23",549.6,2,ryotarominato
4912,16705149,"Allen Chun","2026-08-15 04:59:05",549.5,2,allenchun
4913,16692644,"Achille Gohin","2026-08-10 00:26:26",549.4,2,achillegohin
4914,16685800,"Sumit Ridhal","2026-08-31 16:08:14",549.4,2,sumitridhal
4915,16693797,"Riyaz Ur Rehman","2026-08-17 02:21:15",549.3,2,riyazurrehman
4916,16777132,"Soham Dave","2026-08-27 14:51:01",549.2,2,sohamdave19
4917,16744610,"Safiullah Baig","2026-08-20 13:16:58",549.2,1,safm1rza
4918,16724842,"Mikaela Gkolemi","2026-08-21 19:04:38",548.7,2,mikaelagkolemi
4919,16783021,"TAN TIANYE","2026-09-03 01:11:53",548.6,2,tantianye
4920,16665511,phoenix_merk,"2026-08-05 09:46:25",548.3,2,phoenixmerk
4921,16771171,Manfucci,"2026-08-29 17:36:15",548.2,2,manfucci
4922,16632368,"Yuelin Bai","2026-08-03 08:15:12",548.1,2,paralym
4923,16676613,LCZ1996,"2026-08-29 02:02:59",548.1,2,lcz1996
4924,16724364,Sh4ron,"2026-08-28 21:17:28",547.7,1,sh4ron
4925,16783367,hezhiqian,"2026-08-30 18:02:37",547.4,2,hezhiqian
4926,16729510,ARM,"2026-09-02 17:05:16",547.2,2,"midhun4126,mrohithjohn"
4927,16637649,cameronezrajones579,"2026-08-15 15:49:12",547.1,2,cameronezrajones579
4928,16674308,"Ayush Roy","2026-08-06 20:28:57",546.8,2,ayushroy39
4929,16737532,lsystudyhard,"2026-08-22 12:16:47",546.7,2,lsystudyhard
4930,16726211,RepeatAfterMe,"2026-08-17 08:21:41",546.1,2,bekirsciftler
4931,16659261,PromptEngineer48,"2026-08-04 16:44:46",546.0,2,promptengineer48
4932,16728743,Miki_Nuummiu,"2026-09-02 19:45:10",545.9,2,mikinuummiu
4933,16700501,Konno,"2026-08-28 09:32:25",545.6,2,nearfield1234
4934,16627463,dnish,"2026-08-05 07:37:16",545.5,2,dnishio
4935,16635481,Jamaisvu,"2026-08-20 15:39:29",545.5,2,jamaisvu
4936,16753353,"Aayush Kumar","2026-08-29 16:26:46",545.3,2,devaayushkumar
4937,16663188,"Ethan Feng","2026-08-05 22:09:38",545.2,2,xenon111231
4938,16765380,jslee_homeofson,"2026-08-25 13:10:22",545.0,2,jsleehomeofson
4939,16672473,goldfish,"2026-08-13 03:34:21",544.9,2,dolgfish
4940,16776505,"Muhammad Ahmad Amin","2026-09-02 13:50:59",544.9,2,ahmadamindw
4941,16745574,"Yadunandan Raman","2026-08-22 12:20:06",544.9,2,yadunandanraman
4942,16771623,kekuru,"2026-08-26 08:25:11",544.6,2,soyaishihara
4943,16683934,"Teja Madala","2026-08-10 14:46:07",544.5,2,tejamadala
4944,16695400,"Karam Khasawneh","2026-08-10 20:29:16",544.4,2,karamkhasawneh
4945,16685570,"Micah Fernando","2026-08-07 19:46:31",544.3,2,micahfernando
4946,16793080,"Lonan Syayf","2026-08-31 19:44:09",544.2,2,lonansyayf
4947,16707986,Pones_kaggle,"2026-09-01 22:08:32",544.2,2,pyd966
4948,16764445,sukesuke012,"2026-08-27 09:16:48",544.0,2,sukesuke012
4949,16679958,Bum_Fy_Mz,"2026-08-13 20:31:44",543.8,2,bumfymz
4950,16658115,SantaClaws,"2026-08-10 14:50:31",543.7,2,vovikdrg
4951,16644765,MoeCode,"2026-09-02 08:03:55",543.7,2,syrianeagle
4952,16688296,"Michael Pollind","2026-08-28 13:30:32",543.6,2,mpollind
4953,16656797,"رحيم محمد","2026-08-04 20:05:45",543.5,2,darkmaxedwe
4954,16654885,"Jason Kong","2026-08-04 06:52:19",543.5,2,jasonkongie
4955,16661402,"Abin Biju","2026-08-11 18:00:35",543.5,2,abinbiju1
4956,16689908,Hyun777,"2026-08-14 01:11:17",543.2,2,hyun777
4957,16682707,"AJAY KUMAR","2026-08-07 19:13:08",543.1,2,worldsslayer
4958,16718295,doinggyu,"2026-08-18 12:56:58",543.0,2,doinggyu
4959,16774701,@Suzumaru_1666,"2026-09-02 23:36:57",543.0,2,suzumaru1666
4960,16743648,Hei_shao,"2026-09-01 11:27:25",542.8,2,heishao
4961,16632157,"福原 大知","2026-08-03 06:46:04",542.7,2,fxxyfox
4962,16659444,"ANKIT AGARWAL","2026-08-29 13:58:51",542.7,2,ankwall223
4963,16715769,Ethereallll1,"2026-08-14 15:21:12",542.4,2,ethereallll1
4964,16736951,giacomovin,"2026-08-25 20:14:52",542.3,2,giacomovin
4965,16720049,"aditya emmadishetty","2026-08-14 13:20:54",542.1,2,adityaemmadishetty
4966,16649421,Eltormtace,"2026-08-14 04:35:15",541.9,2,eltormtace
4967,16623824,zhangende02,"2026-08-01 01:15:21",541.9,2,zhangende02
4968,16673214,Boiga7,"2026-08-06 14:03:53",541.8,2,lewiselliot
4969,16697568,"Sergey Fedorov","2026-08-20 21:25:34",541.8,1,bd01ar
4970,16743852,"Alexander & Erik","2026-08-26 21:01:59",541.8,2,"alexandermlad,erikpymay"
4971,16706277,"ratat Zheng","2026-08-12 10:25:38",541.8,2,ratatzheng
4972,16769170,"Hardik Savaliya211","2026-08-25 11:07:10",541.8,2,hardiksavaliya211
4973,16668154,JuanEspana,"2026-08-09 11:38:32",541.8,2,juanespana
4974,16711812,"zhan renyi","2026-08-31 05:24:39",541.7,2,zhanrenyi
4975,16664608,sid,"2026-08-07 18:18:04",541.4,2,sidshastri04
4976,16660089,ChristosGrigoras,"2026-08-07 22:41:49",541.0,2,cgrigoras
4977,16662060,"Richard Valino","2026-08-06 16:03:36",540.9,2,richardvalino
4978,16671779,"Syed Jawad","2026-08-30 10:44:37",540.6,2,syedjawad11
4979,16665436,Aeternum,"2026-08-15 18:31:32",540.4,2,"donbinoy2004,surajkumarks"
4980,16701046,"Thanakorn Kaewwiang","2026-08-14 17:13:39",540.3,2,deweytng
4981,16724470,"Mahdi Rafati","2026-08-24 15:32:51",540.3,2,mahdirafati
4982,16745065,MrEvidentYew,"2026-08-24 18:36:02",540.2,2,mrevidentyew
4983,16688646,lakranitesh,"2026-08-08 12:49:18",540.0,2,lakranitesh
4984,16661382,CBenaventte,"2026-09-02 13:35:27",540.0,2,cbenaventte
4985,16653118,"Elmira Yekani","2026-08-18 17:05:20",539.9,2,elmirayekani
4986,16655630,askBillyWhatMamaDid,"2026-08-28 02:06:18",539.7,2,askbillywhatmamadid
4987,16666652,"Mohamed Fanni","2026-08-17 00:51:38",539.6,2,"arachid,mohamedfanni,soukaynamokhtari"
4988,16629002,Alpro,"2026-08-17 22:27:30",539.5,2,"dogaakal,egekemalkaraca"
4989,16725955,"Aditya Pandey","2026-08-17 00:10:10",539.3,2,adipandey777
4990,16641948,JustForFun,"2026-08-18 08:00:36",539.3,2,thangphung215
4991,16665281,"[Deleted] 899172b8-e148-4564-ba8c-c46356105ab8","2026-08-05 09:55:11",539.1,2,del=cd7e9a4014b872ef
4992,16668137,"Thomas De Sousa","2026-08-06 06:34:48",538.4,2,thomasdesousa
4993,16755781,NaveenManwani,"2026-08-28 05:37:31",538.3,2,naveenmanwani
4994,16725123,"Pham Quang Nghia","2026-08-22 15:00:51",538.1,2,phamquangnghia
4995,16662995,"carlos mario de oro aguado","2026-08-06 21:08:28",537.9,2,cdeoroaguado
4996,16663864,RamónLópez,"2026-09-03 01:19:47",537.9,2,lopeznomar
4997,16796133,NoMoreThan20Words,"2026-09-03 00:39:10",537.8,2,nomorethan20words
4998,16688873,cancel,"2026-08-18 06:50:33",537.7,1,rugaru
4999,16726155,miyawakiayaka,"2026-08-15 18:50:10",537.6,2,kanatakon
5000,16737362,"moushun chen","2026-08-20 06:45:46",537.6,2,moushunchen
5001,16665865,"Agrippa Beaulieu","2026-08-08 19:09:28",537.6,2,agrippabeaulieu
5002,16725483,PQ_Marz,"2026-08-15 16:25:50",537.3,2,pqmarz
5003,16630163,"SEREENA JERRY","2026-08-06 08:59:17",537.3,2,serenajerry
5004,16658925,CYBWithFlourish,"2026-08-06 15:56:28",537.3,2,cybwithflourish
5005,16802750,"[Deleted] fafa60dd-8026-43cc-b656-34ca4625ef7d","2026-09-01 12:22:13",537.3,1,del=e2a734cecd171934
5006,16680799,zixma13,"2026-08-25 13:12:44",537.2,2,zixma13
5007,16640399,Hubbahub,"2026-08-04 20:40:39",537.1,2,hubbahub
5008,16791550,Team21,"2026-09-02 23:39:30",536.8,2,"fchen121,muktharam"
5009,16662938,CarlitrosParra,"2026-08-05 21:34:52",536.5,2,carlitrosparra
5010,16670719,SimoImane,"2026-08-05 23:36:09",536.5,2,simoimane
5011,16732696,naniwazu,"2026-09-02 01:32:01",536.5,2,naniwazu
5012,16775781,"Gideon Oba","2026-08-28 21:31:00",536.4,2,gideonoba
5013,16681778,kzeus@003,"2026-08-12 05:12:15",536.4,2,kzeus003
5014,16709487,Kohei,"2026-08-19 20:54:42",536.3,2,kshintani
5015,16651872,Evgen21,"2026-08-05 14:03:50",536.2,2,evgen21
5016,16663232,"Marco Mangan","2026-08-30 01:46:02",536.1,2,masmangan
5017,16668108,"Suresh Chandra Mangena","2026-08-11 09:32:31",536.1,2,sureshchandramangena
5018,16726044,"Lena Traczuk","2026-08-22 12:03:58",536.0,2,lenatraczuk
5019,16722109,Navneet,"2026-08-14 14:02:35",535.7,2,zxcdfg
5020,16699207,"Bipin Rimal","2026-08-10 07:45:21",535.6,2,bipinrimal314
5021,16672798,yaphanqiii,"2026-08-27 07:55:23",535.5,2,yaphanqiii
5022,16773194,NgNhan3110,"2026-08-27 09:36:17",535.2,2,ngnhan3110
5023,16736632,Leo,"2026-08-30 05:45:08",535.2,2,huangkx666
5024,16634803,hongzhouzhou,"2026-08-31 17:39:16",534.9,2,afterrain42
5025,16692480,"Khalis Murfid","2026-08-24 07:03:02",534.8,2,khalismurfid
5026,16738218,kiyo,"2026-08-30 02:39:48",534.5,2,kiyohiro
5027,16661646,"Sergey Shcherbakov","2026-08-12 21:58:30",534.5,2,sergey140146659
5028,16686972,"Ankit Maurya","2026-08-23 07:05:44",534.1,2,"ankitmaurya16,rudraprasadsah"
5029,16750273,"Nil Lic","2026-08-24 12:08:02",534.0,2,nillic
5030,16627009,c0sm1c,"2026-08-01 11:06:14",533.7,1,tanghao111
5031,16659505,"Duleeka Mevan","2026-08-06 09:32:46",533.5,2,duleekamevan
5032,16715942,_@HimShukla23,"2026-08-18 03:57:15",533.4,2,himshukla23
5033,16799391,"Mehdi El M.","2026-09-02 23:04:56",533.3,2,mehdielm
5034,16661682,"Rishi Gupta","2026-08-05 07:46:38",533.3,2,rishigupta07
5035,16662293,"Alejandro Fonda","2026-09-02 01:09:18",533.0,2,alejandrofonda
5036,16764751,"Abhishek Parmar","2026-08-26 04:06:39",533.0,2,abhisheknparmar
5037,16804768,Chaos,"2026-09-02 19:50:02",532.8,2,hcfighting
5038,16790943,"Tashfik Salehin","2026-08-29 17:48:22",532.3,1,tashfiksalehin
5039,16771340,pang,"2026-09-02 14:30:24",532.0,2,pangwenfeng
5040,16768939,"Pratham Sonawane","2026-08-30 17:37:23",531.7,2,prathamsonawane1
5041,16678613,iBooNDK,"2026-08-09 19:03:37",531.7,2,iboondk
5042,16678154,"Hashim Far","2026-08-08 04:20:32",531.6,2,hashimfar
5043,16625216,"Emre Can","2026-08-01 17:05:51",531.4,2,seicatsu
5044,16695102,whitelok,"2026-08-11 12:54:41",531.4,2,whitelok
5045,16742470,AK,"2026-08-31 09:52:39",531.3,2,aman1391
5046,16675873,"Zhu Liang","2026-09-02 14:54:40",531.1,2,paradite
5047,16702281,"Dhruv Patel #2","2026-08-10 21:25:08",531.0,2,dhruvpatel1972
5048,16716531,tebenia,"2026-08-16 08:06:58",531.0,2,tebenia
5049,16691807,lbs-vadar,"2026-08-26 18:29:57",530.9,2,lbsvadar
5050,16682667,"zeel vavliya","2026-08-20 14:48:59",530.9,2,zeelvavliya
5051,16780097,"wei chang","2026-09-02 12:47:44",530.8,2,wayne0404
5052,16765194,henry,"2026-08-24 13:39:29",530.7,2,zchenry
5053,16774333,"Nazim Shoikot","2026-09-01 10:02:47",530.6,2,nazimshoikot71
5054,16638883,LeiYang,"2026-08-03 15:04:07",530.1,2,leiyangcq
5055,16712410,aysfshn,"2026-09-02 13:46:26",529.9,2,aysfshn
5056,16775131,"Re Son","2026-08-27 14:29:31",529.9,2,lemelson
5057,16663368,"Laurence Dale","2026-08-12 18:00:07",529.9,2,laurencedale
5058,16706143,Adityaupadhyay0805,"2026-08-20 04:28:06",529.8,1,adityaupadhyay0805
5059,16654347,"aarav maheshwari1","2026-08-26 05:57:03",529.6,2,aaravmaheshwari1
5060,16623646,"Minal kharat123","2026-08-23 01:39:06",529.6,2,minalkharat123
5061,16657502,Jasmeen,"2026-08-16 08:59:05",529.6,2,jasmeen0207
5062,16693003,ShirrleyChen,"2026-08-15 12:54:58",529.4,2,shirrleychen
5063,16670218,"What is Coding?","2026-08-07 01:47:17",529.4,2,matthewshvarts
5064,16663267,"Sravya Isukapatla","2026-08-11 10:14:54",529.3,2,sravyaisukapatla
5065,16762427,Raj_craj,"2026-08-30 20:27:00",529.3,2,rajcraj
5066,16658391,"Jack #2","2026-09-02 17:21:08",529.2,2,jack1233
5067,16772090,"SHIVAJI SHAIK","2026-09-02 10:28:42",529.1,2,shivajishaik
5068,16660060,AnkitGoyal,"2026-08-05 15:33:29",528.9,2,goyalankit
5069,16670634,"Narayan Sharan","2026-08-07 21:13:42",528.9,2,narayansharan
5070,16687237,Khalibryler,"2026-08-11 09:17:03",528.8,2,khalibryler
5071,16645870,"Barathan Aslan","2026-08-03 08:21:55",528.8,2,barathanaslan
5072,16653809,acbabc123,"2026-08-04 13:53:53",528.7,2,acbabc123
5073,16667517,"Recep Barkın Topcu","2026-08-31 05:30:02",528.7,2,recepbarkntopcu
5074,16636973,"Ali Ali G","2026-08-03 18:36:40",528.6,2,alialig
5075,16658476,"goksel yesiller","2026-08-04 11:07:53",528.3,2,gokselyesiller
5076,16775214,"Sambhav R","2026-08-27 15:34:44",528.3,2,sambhavr
5077,16666716,"Fanis Alexakis","2026-08-17 11:59:15",528.2,2,fanisalexakis
5078,16707037,"Cedoque BAGBONON","2026-09-02 21:34:23",528.2,2,cedbag
5079,16767754,"Dr. T","2026-08-28 07:00:33",528.2,2,davinor
5080,16656641,AndrewEly8,"2026-08-05 00:56:32",527.9,2,andrewely8
5081,16688662,"Faz Forward","2026-08-08 09:03:10",527.8,2,fazforward
5082,16779598,RiverStead,"2026-09-01 07:31:12",527.8,2,riverstead
5083,16681637,nasu01,"2026-08-07 10:14:10",527.7,2,nasu01
5084,16641501,Sonal,"2026-08-08 22:07:46",527.7,2,sonalm13
5085,16757204,hhcjj,"2026-08-22 06:42:32",527.6,2,hhcjjkk
5086,16668068,"Neural Harvest","2026-08-27 19:23:44",527.5,2,meghashyampawar
5087,16621437,AdamBelniak,"2026-08-03 18:15:21",527.4,2,adamos581
5088,16677402,"Hıdır Demir","2026-09-02 19:59:54",527.2,2,hdrdmr
5089,16649077,"Yifan Yang 135","2026-08-11 06:22:40",527.2,2,yifanyang135
5090,16661105,"Vignesh Murugan","2026-08-04 19:57:46",527.2,2,vigneshv1cky
5091,16721814,"DOAMBA Jean Edouard Odilon","2026-08-24 14:48:43",527.1,2,doamba
5092,16682984,"Rishikesh Bharat Koli","2026-08-08 04:18:06",527.1,2,rishikeshbharatkoli
5093,16674605,Versilogic,"2026-08-16 07:54:48",527.0,2,versilogic
5094,16674612,"Muhammad Dhiaz Rafilianza","2026-08-22 05:48:04",526.7,2,dhiazr
5095,16665184,woorym,"2026-08-10 03:04:12",526.6,2,woorym
5096,16657383,"Shih Hua Chou","2026-08-18 03:51:08",526.6,2,shihhuachou
5097,16744572,DivyanshAgg,"2026-08-31 19:30:49",526.4,2,divyanshagg
5098,16662790,"Derek Earnhart","2026-08-04 18:04:01",526.4,1,derekearnhart
5099,16773195,"Pham Nguyen Thanh Huy","2026-08-27 05:25:55",526.2,2,huyphmnguyenthanh
5100,16691761,"Evie Barker","2026-08-15 13:40:05",526.0,2,eviebarker
5101,16668461,SobanAli,"2026-08-19 15:49:03",525.8,2,soban256
5102,16748462,"Jiwon Lee","2026-08-31 13:41:37",525.4,2,jibong7600
5103,16795997,"Boyu Wan","2026-09-02 15:49:25",524.9,2,pupudan
5104,16626105,sasaki,"2026-08-24 02:34:55",524.8,2,rsasaki
5105,16655069,"Jason Harrison","2026-08-05 20:56:59",524.8,2,jasonharrisonco
5106,16730577,"Team Rocket’s Orbital Farm","2026-08-21 08:31:07",524.4,2,koheitsutsumi
5107,16661449,"Samarjeet Singh","2026-08-23 04:32:19",524.4,2,samarjeet010
5108,16654974,"ACd Rooy","2026-08-11 06:35:28",524.2,2,acdrooy
5109,16631547,"Chong Xuan Ng","2026-08-08 15:38:52",524.0,2,chongxuanng
5110,16686902,"Aaditya Jain","2026-08-10 08:59:33",523.9,1,aadityajain2312
5111,16661462,"Dania Amer","2026-09-01 01:54:44",523.9,2,dania35
5112,16692263,"ADITYA CHAVAN","2026-08-09 17:44:15",523.6,2,adityasnr7
5113,16663327,Gnr8tr,"2026-08-13 14:16:44",523.5,2,wilburjpereira
5114,16709837,Sophinator,"2026-09-02 18:32:09",523.4,2,sophinator
5115,16665424,taaaaanq,"2026-08-17 14:23:35",523.2,1,"chuayaplong,flashtigro,huayu05,taaaaanq"
5116,16759381,"Subhan Hussain","2026-08-26 10:37:25",523.2,2,subhanhussain0205
5117,16691628,"Gavin Walsh (N1DGE11)","2026-08-08 16:07:24",523.1,2,gavinwalshn1dge11
5118,16802752,hako22,"2026-09-01 12:25:41",522.9,1,hako22
5119,16663707,DotBix,"2026-08-12 21:45:54",522.8,2,dotbix
5120,16743136,unhappy,"2026-09-02 12:12:51",522.7,2,chenyahui123
5121,16767800,awee,"2026-09-01 17:46:17",522.4,2,aweertw
5122,16733644,Gavilán,"2026-08-23 19:41:22",522.3,2,gaviln
5123,16677524,"Phúc Phạm","2026-08-07 20:16:24",522.3,2,phucpham77
5124,16646286,"C Aravindhan","2026-08-04 05:03:22",522.0,2,caravindhan
5125,16661233,"Uriel Johnson","2026-08-05 08:45:24",521.9,2,urieljohnson
5126,16669397,"Abed Kibbe","2026-08-30 07:22:49",521.9,2,abedkibbe
5127,16661225,"Menelik Zafir","2026-08-31 22:16:27",521.8,2,monibeefudgekins
5128,16758526,"sudo give_me_the_prize","2026-08-24 16:34:02",521.6,2,ibrahimab2
5129,16687330,"Mehmet Ensar Çetin","2026-08-15 07:39:29",521.4,2,mehmetensaretin
5130,16681924,WEcoS,"2026-08-10 04:32:03",521.2,2,aungkhainghtun
5131,16761657,Picu,"2026-08-23 10:42:49",521.2,2,rumoschilling
5132,16708348,"Edilaine Arceno","2026-08-28 18:41:14",521.2,2,edilainearceno
5133,16722341,"Pham Huu Bao Chung","2026-08-23 21:44:46",521.0,1,phamhuubaochung
5134,16645302,LuCcc,"2026-08-03 09:45:35",520.9,2,luuuuccccc
5135,16693045,"Huseyin Battal","2026-08-09 05:41:25",520.9,2,huseyinbattal
5136,16623198,"Chris D'Mello (ineligible)","2026-07-31 17:32:46",520.9,1,cdmello
5137,16675866,DanilChil,"2026-08-31 17:38:49",520.8,2,danilchil
5138,16665374,UmangDobhal03,"2026-08-06 03:46:29",520.6,2,umangdobhal03
5139,16630520,dimitris_x94,"2026-08-23 21:10:57",520.5,2,dimitrisx94
5140,16762168,Lewbei,"2026-08-25 02:13:07",520.5,2,lewbei
5141,16694314,"Ali Abbas Baig","2026-08-28 19:55:16",520.4,2,aliabbasbaig
5142,16662015,"ryan panda","2026-09-02 19:12:33",520.4,2,hollowpurple
5143,16704613,alexbstl,"2026-09-03 01:11:02",520.1,2,alexbstl
5144,16639577,Haitaks,"2026-08-16 09:42:16",519.8,2,haitaks
5145,16656573,"Ashiq Firoz","2026-08-17 18:20:11",519.6,2,ashiqfiroz
5146,16731636,関西人,"2026-08-24 06:23:14",519.5,2,m1333666888
5147,16678246,"Mark Holloway","2026-08-13 08:48:08",519.4,2,markholloway
5148,16768079,Sohee087,"2026-08-24 20:21:01",519.4,1,sohee087
5149,16749271,"Shoki Suzuki","2026-09-01 13:48:43",519.3,2,shokisuzuki
5150,16657528,"Symekah Shadrack Basweti","2026-08-05 10:17:09",519.3,2,symekah99
5151,16694330,"Jack Way","2026-08-10 11:48:42",519.2,2,jackway05
5152,16668606,"Hasith Kulathilaka","2026-08-31 19:09:39",519.0,2,hasithkulathilaka
5153,16654312,Xmeeeee,"2026-08-05 00:11:29",518.9,2,xmeeeee
5154,16655080,"Mohamed Judi","2026-08-31 00:47:20",518.7,2,mhjudi
5155,16623969,"Akira Imae","2026-09-03 00:03:19",518.4,2,imaeakira
5156,16643453,Haumea,"2026-08-23 19:00:47",518.4,2,chaitanyagullapalli
5157,16780592,sergey,"2026-08-27 19:09:25",518.2,2,sadsdfsdf
5158,16728318,T3jas06,"2026-08-22 19:45:13",517.9,2,t3jas06
5159,16691466,"Jeeta Nandi ","2026-09-02 10:35:07",517.6,2,jeetanandi
5160,16645936,"Abhy Rejikumar","2026-08-22 19:26:23",517.6,1,abhyrejikumar
5161,16632105,"shreyas sangalad","2026-08-02 12:01:08",517.3,2,spoortisangalad
5162,16714488,"HusseinNadem Nadem","2026-08-26 01:53:13",516.9,2,husseinnademnadem
5163,16672105,"Natural Stupidity","2026-08-10 19:39:53",516.8,2,"parthb21,sujaygolla"
5164,16719257,"Alexander Morozov","2026-08-14 23:53:53",516.7,2,scanhex
5165,16664352,"Shreyash Asati","2026-08-06 10:40:56",516.6,1,shreyashasati
5166,16655600,"VYSHAKH G NAIR","2026-08-04 21:31:24",516.4,2,vyshakhgnair
5167,16707437,"Ivan Plekhanov","2026-08-11 12:03:11",516.1,1,nnob0dy
5168,16625808,"Etsushi Yamamoto","2026-08-09 16:50:41",516.0,2,etsushiyamamoto
5169,16763898,"Tarık Sarıcı","2026-08-24 09:54:31",515.9,2,ssarici
5170,16768456,清水一希,"2026-08-25 00:47:38",515.7,1,kazukishimizu0427
5171,16657093,"sixer srinath","2026-08-26 10:48:12",515.6,2,srinath2495
5172,16667078,dprinzensteiner,"2026-08-05 14:06:26",515.5,2,dprinzensteiner
5173,16808696,마짱MAZZANG,"2026-09-02 14:41:14",515.4,2,mazzang
5174,16695521,"Chen Ken","2026-09-02 14:22:26",515.2,2,nutastray
5175,16653049,"Umut Doruk Öztürk","2026-09-02 09:52:16",515.1,2,umutdorukztrk
5176,16719742,"Varun Dave","2026-08-31 22:56:07",515.0,2,"pranavtrivedi02,varundave95"
5177,16658520,drownedsnake,"2026-08-05 01:03:22",515.0,2,makerplay
5178,16711823,Abi_e,"2026-08-31 17:11:29",514.8,2,abidjacquelineanadi
5179,16673109,"Surya Bhattiprol","2026-09-02 02:33:17",514.8,2,suryabhattiprol01
5180,16661950,moonmelonpizza,"2026-08-09 12:25:23",514.6,2,moonmelonpizza
5181,16627324,"Attack on Kaggle","2026-08-06 13:27:22",513.5,2,user19394494
5182,16666071,"Arda Yıldız","2026-08-20 09:33:54",513.5,2,xreina8
5183,16700080,Kaushik,"2026-08-10 11:11:18",513.0,2,kgarumugam
5184,16694146,"JIlong Zhou","2026-08-26 15:04:38",512.7,2,acemaker
5185,16660330,wangyikai,"2026-08-09 07:59:45",512.5,2,wangyik
5186,16668185,"Swayam Chavan","2026-08-09 01:12:23",512.4,2,swamboy
5187,16717018,"Urvashi Bansal","2026-08-17 09:12:29",512.2,2,urvashibansal123
5188,16751058,"Henrique Loyola ","2026-08-21 05:29:59",512.2,2,henriqueloyola
5189,16740709,"Abimael Firstana #2","2026-08-23 11:07:52",512.2,2,abimaelfirstana99
5190,16742059,dafei2025,"2026-09-01 06:54:51",512.2,2,dafei2025
5191,16756561,"Eren Tekin","2026-08-31 00:34:25",512.1,2,erennntkn
5192,16662647,"Ruben Maya","2026-08-18 20:55:57",512.0,2,rubenmaya
5193,16640814,"Kritika Adhikari","2026-08-07 09:25:26",511.6,2,kritikaadhikari
5194,16662167,"Tara Singh Kharwad","2026-08-05 17:13:10",511.5,2,tarasi7261
5195,16636333,xiaoyang66,"2026-08-17 13:35:28",511.4,2,kennethhao8
5196,16681655,"Tae seong Gim","2026-08-14 14:14:10",511.3,2,taeseonggim
5197,16719679,ZhiruiLuo,"2026-08-25 15:52:57",511.1,1,zhirluo
5198,16774035,"Shengfeng Wang","2026-08-26 07:28:46",511.1,1,shengfengwang
5199,16654401,ChronoForensics,"2026-08-08 17:26:11",511.0,2,ryanwollmuth
5200,16728414,"Pedro Caycho","2026-08-16 12:40:26",510.9,1,pjcc1123
5201,16651042,Mira_332,"2026-08-27 04:58:29",510.9,2,ichiiohno
5202,16661576,"Yash Jumde","2026-08-15 20:09:59",510.7,2,yashjumde
5203,16762021,Dhananjai1729,"2026-08-31 08:46:25",510.7,2,dhananjai1729
5204,16690221,"HISOKY DEV","2026-08-10 09:42:03",510.7,2,omarfahid
5205,16734672,"Artom  Wade","2026-08-27 23:08:29",510.4,2,artomwade
5206,16656431,"Venetta Smithen","2026-08-20 02:19:45",509.9,2,venettasmithen
5207,16679872,"Kirby Won","2026-08-19 16:47:21",509.7,2,kirbywon
5208,16780783,priscilamaria5363,"2026-08-28 15:10:15",509.7,2,priscilamaria5363
5209,16657929,Robert-zwr,"2026-08-05 11:15:48",509.7,1,robertzwr
5210,16709918,GUI666,"2026-08-26 16:17:40",509.7,2,gui666
5211,16671602,"Nithin Nambi","2026-08-07 00:09:31",509.5,2,nitthewit
5212,16661287,"Jacob Hanlon","2026-08-11 13:59:58",509.4,2,jacobhanlon
5213,16682869,"Sepideh Rahmati","2026-08-12 08:10:46",509.1,2,sepidehrahmati
5214,16668698,Addie,"2026-08-08 05:21:08",509.0,1,addie999
5215,16635021,RiLi,"2026-09-02 13:21:50",508.9,1,hisatosenda
5216,16724984,anish711,"2026-08-22 17:54:18",508.8,2,anish711
5217,16663040,"BARBARA GASKINS","2026-08-12 01:08:47",508.4,2,barbaragaskins
5218,16661323,mzyktkhs,"2026-08-10 13:21:59",508.1,2,mzyktkhs
5219,16654394,sserges,"2026-08-08 20:46:14",508.1,2,sserges
5220,16752081,"Ahmad Dehaini","2026-08-30 06:04:54",508.0,2,ahmaddehaini
5221,16704597,"Wallace Switzer","2026-08-12 01:09:49",507.6,2,wallaceswitzer
5222,16731790,"A random farmer","2026-08-18 02:19:53",507.5,1,hinatatokuda
5223,16701871,"Raj Nandan","2026-08-10 15:13:30",507.4,1,imrajnandan
5224,16734290,CodeAMANSA,"2026-09-01 01:29:02",507.3,2,bcollazo
5225,16697448,"Mykola Mazniuk","2026-08-15 17:57:39",507.3,1,mykolamazniuk
5226,16723490,"Panashe Arthur Mhonde","2026-08-22 11:41:19",507.3,2,panashearthurmhonde
5227,16798512,"Yuichiro Kinoshita","2026-09-02 21:34:13",507.1,2,yuichirokinoshita
5228,16764151,Jpadilla987@gmail.com,"2026-08-25 21:00:27",506.9,2,jpadilla987gmailcom
5229,16644410,"Swaroop Kallakuri","2026-08-04 15:40:29",506.9,2,ksjpswaroop
5230,16687959,"Destin Nedjou","2026-08-27 05:45:33",506.8,2,destinnedjou
5231,16773320,kaka,"2026-09-02 06:47:51",506.8,2,kakawin
5232,16657312,"baolood herid","2026-08-06 13:13:48",506.8,2,baoloodherid
5233,16777150,Eduardo2c,"2026-08-31 18:08:11",506.5,2,eduardo2c
5234,16621572,"Abdulazeez AbdulMumeen","2026-08-05 10:59:27",506.4,2,ayobeen
5235,16696231,"Oleg Smirnov","2026-08-09 19:22:20",506.4,2,smirnolegov
5236,16661360,"Jasper Jiss","2026-08-13 18:45:37",506.0,2,jasperjiss
5237,16661539,"Ilia Mironov","2026-08-09 13:51:47",505.9,1,millcool
5238,16798918,"Toan Nguyen Mau","2026-09-02 23:54:19",505.9,2,toannguyenmau
5239,16791701,"Tired Dad Data","2026-09-02 19:40:00",505.8,2,alexmaggard
5240,16718828,"Tejas Nisar","2026-08-23 17:04:45",505.7,2,tejasnisar
5241,16811454,"Zakaria Taouil","2026-09-03 00:57:08",505.6,1,ztaouil
5242,16655881,"Zhuoran Zhao","2026-08-07 16:50:04",505.5,2,yearcakes
5243,16713218,"Julien Baumgartner","2026-08-14 08:36:27",505.4,2,julienbaumgartner
5244,16805704,ShuHaya,"2026-09-02 13:20:22",505.4,1,yfqqq088
5245,16721940,DarkLayer,"2026-08-22 02:07:13",505.3,2,nnpaopao
5246,16707331,"Simon Ziegs","2026-08-23 22:54:11",505.1,2,simonziegs
5247,16802632,"Aloe moon","2026-09-01 13:25:31",504.9,2,aloemoon
5248,16654984,"Guseinov Elvin","2026-08-08 21:44:00",504.8,2,guseinovelvin
5249,16660484,"Waiswa Geoffrey","2026-08-31 08:29:58",504.8,2,waiswageoffrey
5250,16712488,"Vansh Bhura","2026-08-12 14:23:18",504.8,2,vanshbhura
5251,16756812,"Alex Amirkhanyan","2026-08-24 05:51:16",504.8,2,aleksamirkhanyan
5252,16695692,Saadii2279,"2026-08-11 16:44:39",504.7,2,saadii2279
5253,16696993,healer2408,"2026-08-15 07:10:57",504.7,2,healer2408
5254,16676482,GitLyf,"2026-08-16 12:47:59",504.5,2,"jaideva30,rohithkrishnaak"
5255,16690698,posty_melek,"2026-08-15 05:06:40",504.5,2,srisaraswati
5256,16633240,Igor,"2026-08-24 15:39:09",504.4,2,igor14497
5257,16664116,"Bogdan Sburlea","2026-09-02 01:59:38",504.1,2,bogdan1405
5258,16693795,kurt,"2026-08-30 15:22:47",504.1,2,syarht
5259,16728014,Alpha223,"2026-08-23 09:40:33",504.0,2,alpha223
5260,16623271,"William Morley","2026-07-31 10:09:16",504.0,2,williamkmorley
5261,16766803,"Kanishk Sharma","2026-09-01 23:52:42",503.9,2,kan1shq198
5262,16798775,Lissabon,"2026-09-01 09:10:26",503.7,1,lissabon
5263,16700211,miya,"2026-08-23 12:25:44",503.7,2,miyamuratakeki
5264,16638967,"Jenny Luo","2026-08-01 23:55:07",503.6,2,"jennyluo96,kyeoh92"
5265,16668267,Saran,"2026-08-27 14:18:05",503.5,2,saran2
5266,16728845,"Mohamed Kaleel","2026-08-22 16:12:58",503.4,2,mdkaleel
5267,16767585,Hyena,"2026-08-25 22:17:26",503.4,1,hemant0
5268,16665949,Rbda,"2026-08-06 14:18:03",503.4,2,brazvan
5269,16702713,"Rob Sartin","2026-08-27 23:15:44",503.3,2,robsartin
5270,16659080,VENKY,"2026-08-07 17:22:03",502.8,2,venkateshthatha
5271,16668813,zhaowang,"2026-08-06 05:19:52",502.7,2,zhaowangwang
5272,16683837,"Blessed Ngorima","2026-08-18 09:40:53",502.5,2,blessedngorima
5273,16683390,Christopher34,"2026-08-08 00:20:59",502.5,2,christopher34
5274,16659414,TTGP_TEAM,"2026-08-06 15:33:09",502.4,2,phttrntrnggia
5275,16810019,M&S,"2026-09-02 17:19:11",502.4,2,"martinhma,yishusheng"
5276,16623263,ASHML,"2026-07-30 23:28:50",502.1,2,ashml
5277,16728549,Karatelb,"2026-08-16 17:45:59",501.7,2,karatelb
5278,16745980,"Arif Amijoyo","2026-08-30 07:54:40",501.4,2,arifamijoyo
5279,16663822,BhavyaSaini001,"2026-08-29 23:10:34",501.4,2,bhavyasaini001
5280,16729996,"Michael Roust","2026-08-18 16:09:56",501.3,2,michaelroust
5281,16774849,RiyadhLakadimu123,"2026-08-31 19:51:17",501.3,2,riyadhlakadimu123
5282,16686093,"Muhammad Usman Butt","2026-08-07 22:00:04",501.3,2,debugdemon
5283,16747670,"Luis Molina","2026-08-26 07:40:36",501.3,2,micuentadecasa
5284,16785010,"Victor Wangles","2026-08-28 16:01:17",500.9,1,victorwangles
5285,16660073,"Mahad Kakooza","2026-09-02 20:40:05",500.8,2,mahadkakooza
5286,16709512,Rustamdurdyyev,"2026-08-31 19:59:56",500.6,2,rustamdurdyyev
5287,16802843,JamesL8,"2026-09-02 14:55:54",500.6,2,jamesl8
5288,16669117,"Shrikant Lambe","2026-08-10 23:31:50",500.0,2,shrikantlambe
5289,16644053,Rafiozoo,"2026-08-03 19:26:40",499.9,2,rafiozoo
5290,16688159,"aildar &  slopernak & bobot","2026-08-20 08:51:10",499.8,2,"eldarkhisamutdinov,mernak,vladimirbagmanov"
5291,16657664,"Nguyễn Anh Kiệt 28","2026-08-06 04:17:40",499.4,2,nguynanhkit28
5292,16760191,"Kushal Shiva1","2026-08-26 20:19:36",499.3,1,kushalshiva1
5293,16665647,hr15de,"2026-08-28 10:00:50",499.3,2,hr15de
5294,16725065,"Maxim Smirnov","2026-08-15 13:21:05",499.0,2,smirnoffmg
5295,16652661,"Petru-Mihai Craciun","2026-08-05 14:55:07",499.0,2,petrumihaicraciun
5296,16632855,Shreyash_Automation,"2026-08-21 00:06:49",498.8,2,shreyashautomation
5297,16690793,"MOHAMMAD ALRASHED","2026-08-08 18:33:34",498.7,2,mohammadalrashed
5298,16756900,Kome_Sh,"2026-08-30 13:40:56",498.7,2,komeshun
5299,16773032,fecrescencio22,"2026-09-02 21:07:10",498.5,2,fecrescencio22
5300,16697736,"Daniel Correa","2026-08-10 01:04:52",498.4,2,dcorrea1
5301,16621402,Maxim,"2026-08-13 07:01:03",497.8,2,ektarr
5302,16693925,"Francisco Corredor","2026-08-19 22:20:44",497.8,2,franciscocorredor
5303,16666873,"linli duan","2026-08-12 15:06:42",497.7,2,linliduan
5304,16623503,"D Mohith","2026-08-01 01:06:22",497.7,2,dmohith
5305,16757135,Agrihand,"2026-09-02 15:00:23",497.6,2,mayur756
5306,16679098,"KIRTAN RUPESHBHAI BHOJANI","2026-08-06 23:51:52",497.3,2,kitran17
5307,16797002,ZhixinLuo,"2026-09-01 14:16:09",497.3,2,zhixinluo
5308,16809998,"Charbel Isaias Chavez Zavala","2026-09-02 20:31:42",497.2,2,chzcharbel
5309,16810060,galileo680,"2026-09-02 17:41:43",497.1,1,keter333
5310,16668810,ZZZZGOD,"2026-08-07 19:11:09",497.0,2,zzzzgod
5311,16656568,"FARIATHTHEEN F","2026-08-04 11:44:49",496.9,2,fariaththeenf
5312,16628268,toxic_2499,"2026-08-08 09:07:32",496.8,2,toxic2499
5313,16663594,"NGU BLACK SANTA","2026-08-05 15:23:10",496.7,2,ngublacksanta
5314,16684031,"Phillip Kamundia","2026-08-14 20:35:15",496.5,2,phillipkamundia
5315,16810954,BayramAnnakov,"2026-09-03 00:10:23",496.5,2,bayramannakov
5316,16683316,moonriver0922,"2026-08-11 07:04:11",496.3,2,moonriver0922
5317,16729214,kisamaki0815,"2026-08-28 01:21:57",496.3,2,kisamaki0815
5318,16735012,"Shuvam Swapnil Dash","2026-08-28 19:56:48",496.2,2,"shashwatmandal,shuvamswapnildash"
5319,16748173,pensukesan,"2026-08-26 04:50:04",496.2,2,pensukesan
5320,16739711,SBC,"2026-08-20 10:16:10",496.2,2,"anusasaha2406,harshkumar3014,rahulmaity"
5321,16676803,"Josue Villao","2026-08-14 05:20:13",495.9,2,josuevillao
5322,16664251,zzy123123,"2026-08-08 09:22:51",495.8,2,zzy123123
5323,16791617,"Neil Li","2026-08-30 00:10:32",495.7,1,neilliroub
5324,16653534,"Mohamed Amine Ettaki","2026-08-22 13:30:43",495.5,2,amine159
5325,16705276,layr0,"2026-08-14 00:53:11",495.4,2,layr0dotdev
5326,16623712,Dapp,"2026-08-03 23:09:19",495.3,2,lgloria
5327,16675686,"PRERIT MAURYA","2026-08-14 06:37:51",495.0,2,preritmaurya
5328,16629201,"GUILLERMO REY PANIAGUA","2026-08-01 16:41:58",495.0,2,guillermoreypaniagua
5329,16800076,xinwang,"2026-09-02 05:49:55",494.9,2,xxxtetantion
5330,16770454,"Nawaf Almutairi","2026-08-27 11:39:41",494.7,2,nawafbalmutairi
5331,16659520,"Play Code","2026-08-05 14:28:00",494.5,2,codenya
5332,16659658,"Tim Wong","2026-08-06 02:02:30",494.4,2,wai0186
5333,16657545,"Deepak Singh","2026-08-11 13:50:31",494.4,2,vihaannegi
5334,16794758,wppepi,"2026-09-01 05:25:26",494.3,2,"malossov,wppepi"
5335,16668095,Menna_Allah_Samy12,"2026-08-15 15:04:56",494.2,2,mennaallahsamy12
5336,16664129,"Mr M 8641","2026-08-06 18:57:45",493.7,2,mrm8641
5337,16667601,"Audrius Molis","2026-08-27 19:30:39",493.6,2,vienas
5338,16728933,dOvOb,"2026-08-21 16:30:47",493.4,2,waytosleep
5339,16795330,"Alejandro Villacampa","2026-09-02 17:32:11",493.4,2,avillacampa
5340,16676497,"Non-veg plants","2026-08-07 09:54:00",493.3,2,mohammadshadabshaikh
5341,16804094,faheem,"2026-09-02 11:39:06",493.3,2,faheemkhaskheli9
5342,16662985,DanTheDataScienceMan,"2026-08-05 17:40:06",493.2,1,danthedatascienceman
5343,16655415,"Ivan Jarp","2026-08-29 17:07:03",493.1,2,ivanjarp
5344,16676256,"Kotaro Nakamura","2026-08-11 22:18:41",492.9,2,kotaroma
5345,16755278,Kaz,"2026-08-29 17:21:33",492.6,1,kazuyago
5346,16718517,"Jessica Yin","2026-08-17 00:10:31",492.5,2,jeqyin
5347,16633097,"Matheus Bonjour Laviola da Silva","2026-08-02 11:08:21",492.5,2,matheusbonjour
5348,16655555,Bharath2411,"2026-08-23 11:46:26",492.4,2,bharath2411
5349,16747839,"Ich Schmid","2026-08-26 20:57:54",492.3,2,ichschmid
5350,16699633,Nafmo,"2026-08-11 17:10:53",492.3,2,nafmo2
5351,16711918,"Pavel Filin","2026-08-13 05:23:28",492.3,2,pavelfilin
5352,16656627,"Soykot Podder","2026-08-14 05:39:06",492.3,2,diptopodder
5353,16655820,"Cory Tortorici","2026-08-08 15:20:42",492.0,2,corytortorici
5354,16661628,PradipBanerjee,"2026-08-05 21:03:11",492.0,2,pradipbanerjee
5355,16775236,hohohoZzZ,"2026-08-30 07:42:04",491.7,2,hohohozzz
5356,16775210,"Daniel LPD","2026-09-01 18:12:55",491.5,2,daniellpd
5357,16662111,"Mood Vikram","2026-08-31 17:21:35",491.5,2,"moodvikram,sidhantchauhan"
5358,16641513,"Sameer Chakravedi","2026-08-15 16:06:11",491.3,2,sameerchakravedi
5359,16699246,"Labh Khatke","2026-09-02 16:49:55",491.3,2,labhkhatke
5360,16664558,"Praneeth Annapureddy","2026-08-05 04:52:45",491.3,2,praneethannapureddy
5361,16657654,TemperaryT,"2026-08-26 23:08:35",490.9,2,temperaryt
5362,16669170,AsadUsmanFAST,"2026-08-05 22:37:33",490.9,2,asadusmanfast
5363,16755677,"Rutwik Kumar M","2026-08-26 16:31:00",490.5,2,rutwikkumarm
5364,16811307,elmo,"2026-09-03 00:48:24",490.5,1,mktakizawa
5365,16675916,Lorenzo176ITA,"2026-08-14 11:02:15",490.4,2,"alessiopap,lorenzo176ita"
5366,16706790,"Stas Chereshkevich","2026-08-19 12:23:33",490.1,2,staschereshkevich
5367,16683761,"Chiefmen749 Aris","2026-08-10 07:42:42",489.7,2,saysplayz
5368,16634060,"Chí Thành Đỗ","2026-08-02 05:11:58",489.7,2,chithanhdeptrai
5369,16674266,HamYad,"2026-08-06 18:19:46",489.5,2,hamyadlab
5370,16687648,"RSJ CorneR","2026-08-08 10:57:54",489.4,2,rsjcorner
5371,16786101,Cai0Emanuel,"2026-08-29 01:11:51",489.2,1,cai0emanuel
5372,16768578,"Patrick Lzz","2026-08-25 02:56:30",488.9,2,patricklzz
5373,16732200,"Louis WhoEat","2026-08-24 12:02:40",488.9,2,louiswhoeat
5374,16810595,dauriel,"2026-09-02 22:25:51",488.8,2,dauriel
5375,16805340,"Md. Rafiul Islam","2026-09-02 21:38:49",488.8,2,rafiulislamrafi
5376,16705510,"Palak Choudhary","2026-08-11 07:12:44",488.7,2,palak2564
5377,16722819,Anna,"2026-08-21 15:01:26",488.5,2,annatmp
5378,16706184,"Lingaraju Saikumar","2026-08-16 11:51:34",488.3,2,lingarajusaikumar
5379,16734601,sweetlesson,"2026-08-18 00:40:55",488.3,2,sweetlesson
5380,16658678,"Manav Aghera","2026-09-01 19:50:12",488.2,2,manavaghera
5381,16659919,"SILVISTON EMMANUEL","2026-08-06 06:51:55",488.2,2,silvistonemmanuel
5382,16655783,KonaKonaz,"2026-08-04 09:36:57",488.0,2,konakonaz
5383,16661786,Nagaraju,"2026-08-10 01:53:04",488.0,2,orugantn
5384,16670155,Kiznaiver,"2026-08-23 14:27:19",487.8,2,kiznaiver
5385,16663622,sammuq1,"2026-08-10 23:56:19",487.7,2,sammuq1
5386,16748500,stimmie,"2026-08-30 16:11:56",487.3,2,stimmie
5387,16732513,Taogege,"2026-09-02 09:43:25",487.2,2,"liyiyiyi6,taogege520"
5388,16726285,Dhananjay,"2026-08-15 18:48:20",487.0,2,dhananjaylakkawar
5389,16717051,"Chirag Hosdurga","2026-08-13 13:38:41",486.9,2,chiraghosdurga
5390,16675232,"Rafif Ariq Rabbani","2026-08-27 19:37:32",486.7,2,rafifariqrabbani
5391,16687602,"jithin manoj","2026-08-12 13:00:23",486.5,2,jithingmanoj
5392,16677166,Spectrobot,"2026-08-08 11:11:46",486.4,2,spectrobot
5393,16675631,"Aswini Gowda","2026-08-10 05:37:33",486.4,2,aswinigowda
5394,16675468,"atakan akgün","2026-08-13 15:32:32",486.1,2,atakanakg
5395,16640516,"Alfandi Hassan","2026-08-08 03:41:33",486.1,2,alfandihassan
5396,16755394,"Ruben Lucas","2026-08-21 21:50:16",485.9,2,rubenlucas
5397,16675000,"Carl Bell","2026-09-02 21:22:12",485.8,2,allegedcarlbell
5398,16684776,"D Rithika","2026-08-10 18:36:30",485.5,2,drithika
5399,16638651,Emre,"2026-08-05 23:40:59",485.4,2,emre690
5400,16731013,"Abimael Firstana","2026-08-23 17:49:45",485.3,2,abimaelfirstana
5401,16759239,SunYaoXi,"2026-08-27 09:32:42",485.3,2,sunyaoxi
5402,16625434,"Chirapathleo Saelim","2026-08-19 10:32:26",485.1,2,chirapathleosaelim
5403,16719521,xarquin,"2026-08-25 03:16:23",485.1,2,xarquin
5404,16755159,"Kay Gijzen","2026-08-23 11:51:31",484.9,2,kaygijzen
5405,16669945,"Turab Zaidi","2026-08-07 13:27:44",484.8,2,turabzaidi
5406,16640965,jidaoluckey,"2026-08-08 07:10:45",484.8,2,jidaoluckey
5407,16693522,shadycoderalltime,"2026-08-22 14:00:16",484.7,2,shadycoderalltime
5408,16682906,Masiki,"2026-08-12 13:34:10",484.6,2,blackseed
5409,16695095,"Jayanth Chowdary","2026-08-22 17:50:39",484.5,2,jayanthchowdary24
5410,16706054,"ErrorX Info","2026-08-20 11:30:03",484.4,2,"errorxinfo,shyampatel47"
5411,16692128,gibocx,"2026-08-10 18:10:34",484.2,2,gibocx
5412,16701367,CryptoQuant1992,"2026-08-11 13:04:12",483.9,2,cryptoquant1992
5413,16729086,samanyu,"2026-08-23 10:13:11",483.4,2,samanyu1808
5414,16654175,abhiv142,"2026-08-11 13:22:03",483.2,2,abhiv142
5415,16716002,"Preethi Gnanaprakasam","2026-08-14 09:10:46",483.2,2,preethignanaprakasam
5416,16713723,"Jyot Buch","2026-08-12 23:09:41",483.2,2,jyotbuch
5417,16693227,"Aniket Sharma","2026-08-21 22:05:01",483.1,2,aniketsharma00411
5418,16775069,JWlKIM,"2026-08-26 23:22:43",483.1,2,jwlkim
5419,16664004,"Me, Myself, and I","2026-08-11 03:57:46",483.0,2,notlunarxd
5420,16623582,yunsuxiaozi,"2026-08-01 13:59:57",482.7,2,yunsuxiaozi
5421,16663804,"Fredy Meyer","2026-08-05 20:19:51",482.6,2,alexmeyerm
5422,16758970,"Jason Wong","2026-08-30 07:47:43",482.6,2,jsin27
5423,16657201,ShayML,"2026-08-08 09:02:05",482.3,2,shayml
5424,16755495,"Leo Udah","2026-09-02 09:29:17",482.3,2,leoudah
5425,16660455,"Alex Kapend","2026-08-05 08:42:26",482.3,2,alexkapend
5426,16692618,"Ali Zakaee","2026-08-09 10:13:02",482.2,1,itheequalizer
5427,16669168,"Kingsley Jide","2026-08-31 21:30:18",482.2,2,kingsleyjide
5428,16624414,"Chaitanya Jamble","2026-07-31 05:42:10",482.2,1,chaitanyajamble
5429,16664512,oggyiu,"2026-09-01 07:46:10",482.1,1,oggyiu
5430,16675340,"SHAURYA SHARMA","2026-09-03 00:57:48",481.8,2,shauryas555
5431,16692373,"Ornevis Montero","2026-08-20 01:59:43",481.8,2,ornevisbolaosmontero
5432,16692895,Manuf,"2026-08-18 18:00:19",481.7,2,manuelferromorales
5433,16698287,"Ethan J. Schauder","2026-08-12 18:21:50",481.7,2,ethanjschauder
5434,16673981,"Aarya Jadhav","2026-08-28 19:47:23",481.5,2,aaryajadhav0310
5435,16728821,"Alen Maria Nirmal","2026-08-17 21:51:03",481.5,1,alenmarianirmal
5436,16726765,"Ali Al-Killidar","2026-08-16 09:47:37",481.4,1,alialkillidar
5437,16799797,"Zhong Zinmin","2026-09-02 14:45:57",481.2,2,zhongzinmin
5438,16659588,"Priya J","2026-08-14 05:57:46",481.1,2,priyaj21
5439,16669703,AnubhavBhadani142,"2026-08-15 06:32:19",481.0,2,anubhavbhadani142
5440,16760377,"Yuxuan Qian","2026-08-29 23:45:28",480.9,2,yuxuanqian
5441,16713061,Yuk!,"2026-08-16 10:59:12",480.9,2,mitsuyukiokamura
5442,16667722,Radhouen911,"2026-08-06 21:37:37",480.8,2,radhouen911
5443,16726882,"Albert Yu","2026-08-17 00:01:53",480.6,2,yukinying
5444,16666132,andres555,"2026-08-28 14:36:21",480.4,2,"andres555,violalin"
5445,16696939,"Keaton Zang","2026-08-10 21:24:20",480.2,1,keatonzang
5446,16715456,"wilson LUNG","2026-08-17 23:54:10",480.0,2,wilsonlung
5447,16773043,"Durra Handri","2026-09-03 00:56:35",479.5,2,durrahandri
5448,16778939,"Stepan Antonov","2026-08-27 07:59:30",479.4,1,stepanantonov
5449,16806260,"Kotaro Furuno","2026-09-02 04:32:37",478.8,2,kotarofuruno
5450,16660343,"Mert Olgun899","2026-08-05 13:05:07",478.8,2,mertolgun899
5451,16663871,"Iyed Djebbi","2026-08-07 09:25:07",478.7,2,iyeddjebbi
5452,16728394,"Aisultan Davletkan","2026-08-16 13:01:38",478.7,1,aisdav
5453,16664327,"Maged Hegazy","2026-08-06 13:13:28",478.6,2,magedhegazy
5454,16793145,KarlNUrban,"2026-09-02 19:35:07",478.4,2,karlnurban
5455,16621243,"Jesse Bullard","2026-09-01 13:35:50",478.3,2,jessebullard
5456,16666447,"Shuaib ayad Jasim Jasim","2026-08-06 20:51:47",478.2,2,shuaibayadjasimjasim
5457,16668368,"Waleed Hasan","2026-08-12 01:42:22",478.1,2,whasan
5458,16653429,mktdev,"2026-08-10 12:19:54",478.1,2,mktdev
5459,16660923,naganikshith,"2026-08-06 08:01:09",478.1,2,naganikshith
5460,16662079,"Farrukh Hussain","2026-08-31 19:05:02",478.1,2,farrukhhussai
5461,16659681,"Aditya Seth","2026-09-02 09:52:57",478.0,2,adityaseth777
5462,16793755,"Juank Suarez","2026-08-30 17:08:20",477.8,1,juanksuarez
5463,16654085,"Bill Xu","2026-09-01 21:09:32",477.7,2,billll
5464,16661194,"Sandeep Vanapalli","2026-08-04 15:37:06",477.7,2,mrleaf
5465,16659269,"Bedirhan Dinçer","2026-08-10 20:26:46",477.5,2,bedirhandiner
5466,16700627,"Benedict Ebito Boyubie","2026-08-10 11:03:38",477.4,1,bboyubie
5467,16721942,"Daniel Rodriguez Bothe","2026-08-18 16:57:00",477.0,2,danielrodriguezbothe
5468,16653078,pk210495,"2026-08-09 09:13:32",476.8,2,pk210495
5469,16698141,Zippo,"2026-08-16 05:44:18",476.7,2,gagemerrick
5470,16665152,"Ahmed Karim","2026-08-17 11:32:15",476.6,2,versusic
5471,16751979,"Sasha Sam","2026-08-27 20:02:46",476.5,2,sashasam
5472,16627313,"Zafer Liu","2026-08-03 05:13:39",476.4,2,zaferliu
5473,16685904,KavYaHD,"2026-08-10 13:02:45",476.3,2,kavyahd
5474,16735177,shilpa.rpns,"2026-08-22 04:57:10",476.2,2,shilparpns
5475,16638953,"Joe Young","2026-08-03 19:23:13",476.2,2,jsphyg
5476,16677047,LINOXYR,"2026-08-15 13:13:58",476.1,2,linoxyr
5477,16786328,"DanishGW School","2026-09-02 03:50:19",476.0,2,danishgwschool
5478,16778886,"Sandeep Das","2026-08-31 09:48:37",475.7,2,sandypos
5479,16777612,"zebra G","2026-08-27 15:46:59",475.6,1,zebrag
5480,16799224,"Tian Yan666","2026-09-02 16:13:02",475.5,2,tianyan666
5481,16725957,"Ayman Tarig Mohammedosman Elgadi","2026-08-24 02:57:16",475.2,2,aymantarig17
5482,16714240,"The Shovel","2026-08-26 03:21:18",475.0,2,"astapasta0,qotqat"
5483,16658051,SethuMadhavan004,"2026-08-09 09:38:27",474.8,2,sethumadhavan004
5484,16693255,"Carlos Hideo Yamaguchi","2026-08-10 00:59:12",474.7,2,carloshy
5485,16663976,"wangyang denis","2026-08-12 06:26:08",474.5,2,wangyangdenis
5486,16670986,"Anas Erami","2026-08-08 01:38:43",474.4,2,anaserami
5487,16747782,"Muhammad Agam Febryan","2026-08-29 18:22:04",474.4,2,muhammadagamfebryan
5488,16661014,manu,"2026-08-16 04:45:12",474.4,2,manupandit
5489,16638019,Randynho,"2026-08-31 01:20:30",474.3,2,randynho
5490,16729225,"Aayush Sigdel","2026-08-28 13:08:02",474.2,2,aayushsigdel
5491,16668241,"Shreyansh Kanotra","2026-08-08 19:56:15",473.9,2,shreyanshkanotra
5492,16697396,"Collective Win","2026-08-18 05:10:12",473.7,2,collectivewin
5493,16773064,"Sonu Yadav","2026-09-02 04:09:15",473.4,2,sonuyadav710
5494,16716636,"Mahamane Lawaly","2026-08-13 10:22:51",473.1,1,mahamanelawaly
5495,16805621,"DIVYANSH KUMAR SINGH CHAUHAN","2026-09-02 04:04:53",473.0,2,capdiv
5496,16625149,Rubylicious,"2026-07-31 07:53:00",472.9,2,labibahalya
5497,16662133,"Ding Lifeng","2026-08-29 08:20:49",472.9,2,dinglifeng
5498,16803129,hdttnk,"2026-09-02 14:13:00",472.8,2,hdttnk
5499,16721530,revv0o,"2026-08-15 13:58:34",472.6,2,revv0o
5500,16719296,Mr.TtT_Games,"2026-08-14 04:58:39",472.5,2,mrtttgames
5501,16656156,"Kshitij aucharmal","2026-08-06 04:35:27",472.5,2,narutoaucharmal
5502,16808646,"Yimeng Wang","2026-09-02 15:02:45",472.3,2,yimengwang0814
5503,16669604,"Abhijit Pise","2026-08-28 16:35:55",472.1,2,abhijitpise
5504,16623631,SeaEag1e,"2026-07-31 06:26:17",472.1,1,seaeag1e
5505,16631609,dlougen,"2026-08-04 16:40:03",472.0,2,dlougen
5506,16716657,"Jasti Phani","2026-08-19 08:38:00",471.6,1,jastiphani
5507,16810408,"Bohdan Boklah","2026-09-02 21:19:21",471.6,1,bohdanbb2000
5508,16662726,"Juan Carlos González Aguilar","2026-08-14 19:54:48",471.5,2,juancg
5509,16667759,"Nafis Fuad Shahid","2026-08-05 19:21:39",471.4,2,nafisfuadshahidd
5510,16761148,Deku,"2026-08-23 13:36:57",471.4,1,piyushsharma5654
5511,16658116,Emmy,"2026-09-02 10:14:30",471.1,2,emmyone
5512,16675215,"Viljen Apalset Vassbø","2026-08-06 22:24:44",471.0,2,viljenapalsetvassb
5513,16700596,"Markel Iru","2026-08-13 15:52:53",471.0,2,markeliru
5514,16717420,"Muhammad Yasir Sarwar","2026-08-13 14:40:09",470.9,2,muhammadyasirsarwar
5515,16723411,CaZen,"2026-08-15 10:48:16",470.8,2,cathzwah
5516,16664406,"MURDER GOOSE","2026-08-05 09:45:33",470.8,2,ujjwalar
5517,16632503,"Wei Hsiang Lin111","2026-08-01 07:42:33",470.8,2,weihsianglin111
5518,16686796,"Harinath Reddy A","2026-08-23 21:23:45",470.6,2,harynath
5519,16670090,"Gianpaolo Nettis","2026-08-24 08:42:07",470.6,2,rakes7
5520,16671665,"Kobata Sota","2026-08-06 07:17:03",470.5,1,kobatasota
5521,16724556,"Yixiang Wu","2026-08-28 03:34:55",470.3,1,yixiang964
5522,16658535,khanna.rohit5,"2026-08-10 05:00:31",470.1,2,khannarohit5
5523,16670659,saumyagupta12,"2026-08-21 22:25:00",470.1,2,saumyagupta12
5524,16810306,"Asy Mortenson","2026-09-02 19:57:48",469.6,2,asymortenson
5525,16792630,Vipluv1,"2026-09-02 20:21:14",469.6,2,vipluv1
5526,16726168,"Shrey Modi","2026-08-15 19:42:14",469.3,2,shreymodi2
5527,16719460,"Amon #2","2026-08-15 12:40:41",469.3,2,ezjameng
5528,16698029,"Meet Vachhani","2026-08-10 18:34:55",469.0,2,meetvachhani7
5529,16658500,"abhinav rai1","2026-08-18 17:24:56",469.0,1,abhinavrai1
5530,16639764,CortexExplorer,"2026-08-23 13:03:06",468.8,2,cortexexplorer
5531,16696271,"Neeta Sanjay Gajabi","2026-08-09 14:48:42",468.7,2,neeta2574
5532,16660515,"pooja sandali","2026-08-08 05:51:03",468.7,2,poojasandali
5533,16807134,"Chaowei Liang","2026-09-02 11:16:17",468.7,1,chaoweiliang
5534,16715033,"Colton Byers","2026-08-17 10:41:50",468.6,2,coltonbyers
5535,16640394,"MOHAMMADJAFAR ZAMANI","2026-09-03 01:16:48",468.2,2,mohammadjafarzamani
5536,16708409,toshiconner,"2026-08-12 06:30:06",468.0,2,toshiconner
5537,16795609,2023314806_이승민,"2026-09-03 00:27:44",467.7,2,sminleeee
5538,16761319,Yuvraj,"2026-08-23 07:29:44",467.4,1,yuvrajkr01
5539,16793657,Xin_T,"2026-08-30 16:48:11",467.4,1,xint666
5540,16681509,"Kethan Sai","2026-08-24 18:22:30",467.3,2,kethansaikoneru
5541,16696716,MatiasMG,"2026-08-29 15:04:38",467.2,2,matiasmgonzalez
5542,16666878,aaronykchen,"2026-08-17 15:06:13",467.2,2,aaronyukuchen
5543,16658521,"Vishal Dhariwal","2026-08-08 11:43:36",467.1,2,user412
5544,16630020,"Piotr Gabrys","2026-08-09 16:53:59",467.0,2,piotrekga
5545,16670464,halfpintcider,"2026-08-11 20:02:25",467.0,2,"amoghdeshpande2021,visspric7"
5546,16657520,"Joel De la Cruz Fuertes","2026-08-12 16:33:48",466.9,2,joeldcf
5547,16713033,rayofc,"2026-09-02 06:02:02",466.9,2,rayofc
5548,16658366,kuroneko,"2026-08-04 10:43:29",466.7,2,kurorosuke
5549,16692782,"Andres Regino","2026-08-23 20:26:03",466.1,2,andresregino
5550,16729522,all-coder,"2026-08-16 17:55:08",465.8,2,allcoder
5551,16728945,"Suryansh Kulshreshtha","2026-09-01 14:39:14",465.7,2,"busyfellow,suryanshkulshreshtha"
5552,16656902,"Ram Chandra Gupta","2026-08-05 10:18:41",465.6,2,ramchandra142
5553,16630896,OpenBuilder,"2026-08-08 12:09:06",465.6,2,weijunguo
5554,16794499,smileMAN13912339850,"2026-09-02 13:42:36",465.4,2,smileman13912339850
5555,16664818,"B M Dimpu Shree","2026-08-21 10:51:22",465.4,2,bmdimpushree
5556,16675462,bkcoban,"2026-08-07 18:22:48",465.4,2,bkcoban
5557,16681441,"Lamiaa Al-bdrani","2026-08-07 04:25:50",465.2,1,lamiaaalbdrani
5558,16759225,"Andrea Jordan Paro","2026-08-24 11:24:14",465.1,2,andreajordanparo
5559,16734431,"Maxwell Herron","2026-08-19 02:06:34",464.9,2,maxwellherron
5560,16665040,"Arnav Yashlaha","2026-08-05 05:44:26",464.8,2,arnavyashlaha
5561,16667615,"Zayd Mulani","2026-08-08 23:05:57",464.6,2,zaydmulani
5562,16621518,jaccobian,"2026-08-29 08:11:50",464.4,2,harshraj22
5563,16665470,KanakoS,"2026-08-18 13:13:58",464.4,2,kanakos
5564,16663258,sawe,"2026-08-05 17:07:24",464.1,2,boiihhh
5565,16753895,Andrew98,"2026-08-22 13:10:58",464.1,2,vitem98
5566,16757253,ZEE,"2026-08-22 04:54:30",464.0,1,randyzhang666
5567,16694497,Kawai,"2026-08-23 18:33:10",463.8,2,"lavendermoon19,sumitwod"
5568,16662089,"Alonso Gallego Pacho","2026-08-27 13:27:36",463.5,2,alonsogallegopacho
5569,16706843,"yh z","2026-08-11 09:32:56",463.4,1,yhz123456
5570,16735735,Rishabh@1304,"2026-09-01 08:09:47",463.4,2,rishabh1304
5571,16663658,oriolgalceran,"2026-09-03 00:29:44",463.0,2,oriolgalceran
5572,16702200,"ANGAD JANGIR","2026-08-11 02:01:38",462.9,2,angadjangir
5573,16676397,Rohan_Joshi6404,"2026-08-13 13:58:56",462.7,2,rohanjoshi6404
5574,16735206,"Shiyal Kishan","2026-08-20 04:01:28",462.4,2,shiyalkishan01
5575,16623385,"ISAKA Tsuyoshi","2026-07-31 00:31:34",462.3,2,isakatsuyoshi
5576,16695828,rihiRule,"2026-08-11 13:40:24",462.3,2,rihirule
5577,16657712,"samuel job Adeola ","2026-09-02 08:11:03",462.2,2,samueljobadeola
5578,16700685,"Preeti Dhotmal","2026-08-27 11:25:29",462.0,2,preetidhotmal
5579,16657054,"ömer umut güngör","2026-08-05 06:10:22",462.0,2,merumutgngr
5580,16663104,Sohan,"2026-08-23 14:42:40",461.9,2,sohansinghrawat
5581,16640810,まさやん,"2026-08-12 15:22:53",461.9,2,masayam1234
5582,16649339,"华东 朱","2026-08-30 09:35:51",461.7,2,mgdbzny
5583,16811313,Ta_____ko,"2026-09-02 23:44:29",461.6,1,tako1249
5584,16784400,K_DHEERAJ_11,"2026-08-31 02:58:38",461.5,2,kdheeraj11
5585,16809943,"A Rook","2026-09-02 18:39:08",461.5,2,rookcastle
5586,16658202,"SNAEHATH P","2026-08-06 13:51:15",461.5,2,snaehath
5587,16658498,cheesama,"2026-08-04 23:36:18",461.0,2,cheesama
5588,16661966,Rocket,"2026-08-29 18:05:35",460.9,2,"aarchie4,nick16541,siddharthdongardive"
5589,16702980,GCSudarshanReddy,"2026-08-15 17:32:06",460.7,2,gcsudarshanreddy
5590,16673583,"Priyanshu Jha","2026-08-16 08:10:08",460.6,2,codewithjha
5591,16676205,"Alhassan Fedawy","2026-08-14 17:15:07",460.5,2,alhassanfedawy
5592,16736432,"Sarthak #2","2026-08-18 12:33:53",460.4,2,srthkdixit
5593,16662319,ethan.ai,"2026-08-13 18:16:35",460.1,2,ethanai
5594,16696959,"Joe Filfli","2026-08-11 10:47:03",460.0,2,joefilfli
5595,16655997,tanatet8,"2026-08-30 15:16:59",460.0,2,tanatet8
5596,16664506,"Jonatan Asketorp","2026-08-23 02:57:42",459.9,2,weft169aston
5597,16633786,tuannm3812,"2026-08-28 08:00:42",459.9,2,tuannm3812
5598,16712259,geqiulin,"2026-08-13 04:46:11",459.8,2,geqiulin
5599,16669434,"Saugat Kannojia","2026-08-07 11:45:47",459.6,2,saugatkannojia
5600,16661659,"Ivan Zagorulko","2026-08-05 10:53:13",459.5,2,normaldaki278
5601,16661717,"Yaswanth Ippili","2026-08-06 11:32:13",459.4,2,yaswanthippili
5602,16668093,Sai_Dattu,"2026-08-07 07:35:01",459.4,2,saidattu2003
5603,16623528,"Faijur Rahaman","2026-08-20 09:40:07",459.2,2,faijurrahaman
5604,16660317,esgranja,"2026-08-04 18:58:48",459.1,1,esgranja
5605,16656579,"Riad Rayhan","2026-08-15 06:40:35",458.6,2,riadrayhan
5606,16693307,"Vlad Gavrilov","2026-08-09 04:00:29",458.6,2,vladgavrilov
5607,16665228,Jason_Qian,"2026-08-05 16:00:43",458.5,2,jasonqia
5608,16695627,"Xu Lou","2026-08-09 13:01:23",458.5,2,xuxiaozhou666
5609,16656989,Crunchex,"2026-08-29 10:52:11",458.5,2,"asmo04,chinmaysoni48,codencry"
5610,16782993,hayashida,"2026-08-28 12:29:44",458.2,1,daichihayashi
5611,16729155,WangZihao5649,"2026-08-24 02:32:08",458.1,2,wangzihao5649
5612,16639916,BloomBerry,"2026-08-12 12:38:31",458.0,2,kagglepalandata
5613,16731822,Senn88,"2026-08-23 11:12:39",457.9,1,senn88
5614,16811013,"Sara Vahidestakhri","2026-09-03 00:32:07",457.6,1,saravahidestakhri
5615,16672292,"KARTIKEY PANWAR","2026-08-06 05:46:16",457.4,2,kartikeypanwar
5616,16723301,mayukistarry,"2026-08-15 02:20:13",457.2,2,mayukistarry
5617,16757336,Stevejustin,"2026-08-31 04:18:31",457.2,2,stevejustin
5618,16689877,Amr_Said1233,"2026-08-08 08:48:28",457.1,1,amrsaid1233
5619,16732340,"BJ Kim","2026-08-19 15:17:16",457.1,2,doitdoit80
5620,16668522,"Moatez Litaiem","2026-08-06 16:57:54",456.8,2,moatezlitaiem04
5621,16790718,"Carlos Alves","2026-09-02 04:29:42",456.8,2,carlosone
5622,16735934,"Uday Kiran003","2026-08-18 06:23:18",456.8,1,udaykiran003
5623,16771785,"Mencius silverio MENSAH","2026-08-31 08:51:17",456.4,2,menciussilverio
5624,16675385,Apex🦾,"2026-08-14 18:00:17",456.1,2,"raghadabdullara,renadahmadalamri,zzainh"
5625,16712906,"Sharad Garg","2026-08-13 14:54:43",456.1,2,sharadgarg
5626,16623135,mohduwaishchaudhary,"2026-07-30 22:05:45",455.8,2,muwaish5
5627,16671532,"Yuri Nakayama","2026-08-13 11:34:55",455.7,2,yurinakayama
5628,16795877,"Marco Polo","2026-09-03 00:02:44",455.4,2,zhesong1
5629,16633984,"Mongkhon Hatit","2026-08-04 11:58:56",455.2,2,mongkolhatit
5630,16796223,"Bohan Shao","2026-08-31 15:10:43",455.1,2,bohanshao
5631,16698570,MurphyIIVan,"2026-08-10 03:35:41",454.9,2,murphyiivan
5632,16716589,"Shaik Adilazeez","2026-08-13 09:29:44",454.8,1,shaikadilazeez
5633,16632599,Shadowell888,"2026-09-02 15:54:59",454.8,2,shadowell888
5634,16660420,tipofyzik,"2026-09-02 15:47:30",454.7,2,tipofyzik
5635,16774921,"conor lowth","2026-08-28 10:46:42",454.5,2,conorlowth
5636,16667959,"Fourth Quadrant","2026-09-02 01:14:47",454.4,2,flynnfei
5637,16768262,"Brayan Miranda G","2026-08-26 19:40:15",454.4,2,brayanmirandag
5638,16742009,"Mutyam kavyanjali","2026-08-19 10:25:06",454.3,1,mutyamkavyanjali
5639,16732395,"Nikita Antonov","2026-08-23 08:33:03",454.3,2,nantonov
5640,16710459,Nironiro,"2026-09-02 14:17:07",454.3,2,nironiro
5641,16796572,"Phan Van Hieu ","2026-08-31 14:23:03",454.3,2,phnvnh
5642,16669441,"Chirag Desai","2026-08-30 18:13:52",454.2,2,cid007
5643,16691790,"Akshay Sawant","2026-08-08 19:33:14",454.2,2,akshaysawant8983
5644,16657574,harikrishnacs,"2026-08-04 12:28:53",454.2,2,harikrishnacs
5645,16759916,"Jeevith G","2026-08-23 06:58:50",454.1,2,jeevithg090
5646,16725757,AchyutKishore123,"2026-08-30 05:12:33",453.9,2,achyutkishore123
5647,16750435,"Oleksandr Zalievskyi","2026-08-23 18:34:59",453.8,2,sashaworker
5648,16661633,"Joseph Garcia","2026-08-19 16:28:08",453.3,2,josephpgar
5649,16665988,"Ronel maamoc","2026-08-31 09:37:13",453.3,2,ronelmaamoc
5650,16762424,AuroraXXiiaa,"2026-09-02 14:46:34",453.2,2,auroraxxiiaa
5651,16704924,jdx,"2026-09-02 21:02:55",453.0,2,jdsemrau
5652,16663259,erush,"2026-09-02 00:38:53",453.0,1,erushia
5653,16634911,onlytimeknows,"2026-08-22 12:31:11",453.0,2,onlytimeknows
5654,16794088,"Felipe Colombarolli","2026-08-31 00:46:32",452.8,2,felipecolombarolli
5655,16664401,"Pranav Premchand","2026-08-05 03:07:24",452.7,1,pranavpremchand
5656,16659459,"Akandé Philippe ABIODOUN","2026-08-06 11:58:09",452.4,2,vrmelo
5657,16666944,"Meghnath S","2026-08-11 01:56:22",452.3,2,meghnaths
5658,16690197,"Ankit Kushwaha_06","2026-08-18 08:10:12",452.3,2,ankitkushwaha06
5659,16655891,"Yukihito Ikoma","2026-08-27 03:55:41",452.0,2,yikoma
5660,16671773,"Sawyer Lundberg","2026-08-07 03:33:23",451.9,2,sawyerlundberg
5661,16781242,"Bobby Clare","2026-08-31 16:12:39",451.7,2,bobbyclare
5662,16738351,"Haidar Faruqi","2026-08-25 05:00:00",451.5,2,haidarfaruqi
5663,16681209,AgenticBuilder,"2026-08-13 18:44:29",451.4,2,gau2112
5664,16637342,SupremeWarrior108,"2026-08-29 06:44:16",451.4,2,supremewarrior108
5665,16660413,Ritesh-2006,"2026-08-21 10:21:53",451.3,2,ritesh2006
5666,16749503,ally,"2026-08-23 11:48:49",451.3,2,phamngoclinh
5667,16655316,Nader,"2026-08-10 14:49:21",451.0,2,naderamin
5668,16671913,res67,"2026-08-07 16:22:30",450.9,2,junyeanyap
5669,16716299,Biwaaa67,"2026-08-13 19:57:06",450.7,1,biwaaa67
5670,16745655,巴啦啦能量,"2026-08-29 05:29:05",450.7,2,wsh10086
5671,16777871,嵇禄lugent,"2026-09-01 00:00:35",450.5,2,lugent
5672,16750931,"Antonio Rotundo","2026-08-27 12:52:58",450.2,2,antoniorotundo2
5673,16717912,"Anu Kumari","2026-08-13 18:03:07",450.0,1,anuk16020
5674,16666479,"Prajwal Nivangune","2026-08-09 18:33:51",450.0,2,prajwalnivangune
5675,16630662,Akshatjhawar777,"2026-08-05 12:18:30",449.8,2,akshatjhawar777
5676,16625418,"Hariprasanth Paranjothy","2026-08-01 05:52:19",449.6,2,hariprasanth8
5677,16691704,"Rahman Aliyev","2026-09-01 14:41:13",449.4,2,rahman4li
5678,16674106,Jaikrishna@007,"2026-08-26 15:38:23",449.3,1,jaikrishna007
5679,16691891,"Gagan Thakur","2026-08-16 04:36:51",449.1,2,gaganthakur2006
5680,16774592,"Oliad Dandana","2026-08-27 09:28:20",448.9,2,olidan
5681,16661453,"Disleve Kanku","2026-08-14 15:32:51",448.8,2,dislevekanku
5682,16708896,"Alberto Scinetti","2026-08-13 19:18:11",448.6,2,albertoscinetti
5683,16807380,"D × MirAI","2026-09-02 10:37:53",448.6,1,kmnkmn
5684,16710244,Bytemindd,"2026-08-26 10:20:45",448.5,2,"daisy023,sruthikanv,thasneemj,uthayanandhini,vajraparameswari"
5685,16689970,"Константин Паращук","2026-08-08 09:15:08",448.5,1,kangchenxi
5686,16776777,cerceanit,"2026-08-29 14:51:48",448.4,1,uaisamangeldi
5687,16670257,RonitKhanna333,"2026-08-12 12:22:11",448.4,2,ronitkhanna333
5688,16678298,"RITIK CHAUDHRY","2026-08-10 13:34:35",448.3,2,ritikchaudhry13
5689,16644023,"Yiğit Efe Albaş","2026-08-02 18:34:39",448.2,1,yiitefealba
5690,16711374,Jascha,"2026-08-13 11:22:30",448.1,2,lippja
5691,16699436,"Oluwaseun O Adeya","2026-08-23 01:22:24",447.7,2,oluwaseunoadeya
5692,16635421,"Lennart Haupts","2026-09-02 17:27:50",447.6,2,lennarthaupts
5693,16666958,TinkerBotics,"2026-08-05 20:29:19",447.5,2,salosojaedwin
5694,16783870,郭一贤,"2026-08-29 07:22:41",447.3,2,guoyixian2
5695,16786280,Shambhavi21,"2026-08-29 14:43:11",447.3,2,shambhavi21
5696,16715416,"Md. Adnan","2026-08-31 06:31:42",447.2,2,mdadnan96
5697,16654947,"Ömer Hüseynov","2026-08-08 22:06:03",447.1,2,omarhuseynov
5698,16663815,"Tetsuya Sasaki","2026-08-30 01:05:13",447.1,2,sasakitetsuya
5699,16662964,"Tim Ogilvie","2026-08-13 13:18:59",447.0,2,timogilvie
5700,16666596,"Daumas Benjamin","2026-08-22 14:46:02",447.0,2,daumasbenjamin
5701,16671911,"Dwi Eflatino","2026-08-16 10:44:17",446.9,2,eflatino
5702,16744018,"ZK Adam","2026-08-27 17:40:04",446.8,2,zkadam
5703,16706516,"Mohit Khade13","2026-08-26 16:03:22",446.8,2,mohitkhade13
5704,16726569,"Andrey Balvaneda","2026-08-17 20:59:45",446.5,2,andreybalvaneda
5705,16719603,"sravan Tirumala","2026-08-14 03:05:43",446.1,1,sravantirumala
5706,16660287,BhatNasir,"2026-08-04 16:29:18",446.0,2,nasir94
5707,16662162,"THE predict","2026-08-13 21:18:25",445.9,2,vikaspal505
5708,16730589,山谷知輝,"2026-09-02 02:03:05",445.9,2,tomokiyamaya
5709,16793340,bee_lx_xl,"2026-08-31 05:28:17",445.8,2,beelxxl
5710,16780101,jjjhoon,"2026-08-28 04:04:26",445.7,2,jjjhoon
5711,16709337,"Chris Turnbull","2026-08-11 22:15:57",445.6,2,christurnbull
5712,16725349,"Saj Patel","2026-08-15 21:55:42",445.4,2,sajpatel15
5713,16702935,"Defne Demir","2026-08-11 18:27:36",445.2,2,defnedemir
5714,16738335,"Xuzhou Dong","2026-08-20 14:39:16",444.8,2,xuzhoudong
5715,16653006,"anthony mbadiwe ikeme","2026-08-18 09:08:02",444.8,2,anthonymbadiweikeme
5716,16660852,"K VISHALINI","2026-08-13 06:59:27",444.6,2,kvishalini
5717,16662646,"Jay Parsana","2026-08-09 18:07:10",444.2,2,jay051
5718,16685615,Spectra,"2026-08-07 16:14:32",444.2,2,thomaskressig
5719,16786450,fujii,"2026-09-02 15:21:37",444.0,2,kojisoemi
5720,16705640,"Dongre Laxman","2026-08-12 12:36:29",443.9,2,dongrelaxman
5721,16664450,"Fritz Adelbertus","2026-08-10 01:13:44",443.6,1,fritzadelbertus
5722,16654258,"Ashray Bagde","2026-08-13 08:13:00",443.5,2,ashrayaaaaa
5723,16714425,sileza,"2026-08-13 12:57:35",442.7,1,azelis
5724,16800950,"Mani Kanta Kalluru","2026-09-02 11:50:46",442.5,2,manikantakalluru
5725,16706257,dlv,"2026-08-13 11:11:14",442.5,2,ducott1
5726,16656951,"[Deleted] 6015b650-8e16-4705-8036-db40bdd2d353","2026-08-04 09:08:05",442.5,1,del=084ea76838ad756b
5727,16747544,OliverYip,"2026-08-25 06:01:07",442.1,2,oliveryip
5728,16729351,vlad.shorodok,"2026-08-16 18:05:09",441.9,2,vladshorodok
5729,16701064,KMishra011,"2026-08-20 20:30:34",441.9,2,kmishra011
5730,16732041,"Vallapu Nandini","2026-08-17 10:22:47",441.9,1,nandinivallapu
5731,16716702,"majjati khalid ","2026-08-19 14:12:32",441.8,2,khalidma
5732,16664514,"Henry Adjanor tetteh","2026-08-12 00:43:41",441.8,2,henryadjanortetteh
5733,16689286,"Telman Yusifov","2026-08-09 07:08:46",441.7,2,yusifovtelman
5734,16738441,"Moritz Huber","2026-08-30 21:00:10",441.7,2,moritzhuber
5735,16723614,"James Atteh","2026-08-15 19:34:17",441.4,2,jamesatteh
5736,16758681,"Sahil suman","2026-08-26 16:26:13",441.2,2,gruntingtorch
5737,16667987,"Kunj Kansara","2026-08-05 13:41:26",441.2,1,kunjkansara
5738,16661751,"Shailaja J","2026-08-12 14:51:15",441.2,1,shailajaj
5739,16806809,air,"2026-09-02 10:45:40",440.6,1,air041001
5740,16743191,"Ryoya Kochiyma","2026-08-19 13:32:11",440.6,1,"kazutotakekuma,ryoyakochiyma"
5741,16669229,"Kayvan Sinha","2026-08-11 15:23:35",440.3,2,kayvansinha
5742,16693092,"Andrei Dzis","2026-08-10 18:28:15",440.3,2,dzisandy
5743,16686954,"Davie Mdumuka","2026-08-09 19:40:56",440.3,1,daviemdumuka
5744,16660929,ttkk,"2026-08-12 16:39:58",440.3,1,optimavia
5745,16696384,Sisu16,"2026-08-13 20:13:27",439.8,2,sisu16
5746,16672687,Liz,"2026-08-16 01:52:34",439.7,2,lizgarcia3
5747,16750743,"Nagimov Timur","2026-08-20 21:10:30",439.5,2,nagimovtimur
5748,16658304,"KETHAVATH Aadarsh","2026-08-05 21:00:45",439.0,2,kethavathaadarsh
5749,16678819,"Digant Kathiriya","2026-08-07 02:07:51",438.8,2,digantkathiriya
5750,16701885,"Mehdi L.","2026-08-13 13:41:14",438.8,2,lmehdi
5751,16792685,李明,"2026-08-31 00:46:42",438.7,2,liming2026good
5752,16656608,"Jeffrey Dilley","2026-08-04 15:40:08",438.7,1,jeffreydilley
5753,16624935,"Anjana mohan","2026-08-01 06:06:39",438.3,2,anjanamohan13
5754,16780915,"Aravind S","2026-08-29 18:04:47",438.2,2,aravind20061981
5755,16661990,"Olaoluwa Abiodun","2026-08-05 14:57:07",438.2,2,laoluwaa
5756,16794285,Penelope.pnlp,"2026-09-01 15:38:43",438.0,2,penelopepnlp
5757,16712633,"Andy Andy","2026-08-13 08:11:38",437.9,2,andy3373
5758,16732352,ORiginators,"2026-08-26 06:21:11",437.7,2,"sachinpandey721,sunritpal"
5759,16669346,"Jalpesh Vasa","2026-09-02 10:58:59",437.3,2,"deep1812,jalpeshvasa"
5760,16701713,"Максим Хованский","2026-08-10 14:35:38",437.3,1,yeezynaizi
5761,16662081,Ayush_Bhaskar_25323010,"2026-08-08 19:49:56",437.2,2,ayushbhaskar25323010
5762,16663286,"Fan Wang","2026-08-10 21:12:40",437.1,2,wangfan420
5763,16666216,missss,"2026-08-06 06:49:00",437.1,2,missssb
5764,16663055,jainish_d24ce180,"2026-08-10 13:54:40",436.8,2,jainishshah35
5765,16775686,"Max Podd","2026-08-28 03:38:07",436.8,2,maxpodd
5766,16790615,"Suryansh Vashisth","2026-08-31 10:38:54",436.4,2,songoku2005
5767,16628404,theken,"2026-08-09 12:19:19",436.0,2,theken
5768,16690308,"Fatima Sarhan","2026-09-02 20:20:44",435.9,2,fatimasarhan
5769,16675900,"Pranav Advani","2026-08-23 14:43:09",435.5,2,pranavadvani
5770,16671670,"Karla Ziegler","2026-08-08 21:14:37",435.4,2,karlaziegler
5771,16664064,lookapmaka,"2026-08-10 17:19:05",435.4,2,lookapmaka
5772,16689344,"Shalini Gangrade","2026-08-09 13:17:30",435.4,2,shalinig1
5773,16656860,SamReiswig,"2026-09-02 04:04:09",435.1,1,sreiswig
5774,16715897,shettynaisha,"2026-09-02 18:06:02",434.9,2,shettynaisha
5775,16653728,"Iswar Patra","2026-09-01 02:46:09",434.8,2,iswarpatra
5776,16638383,"Yunus Emre Sarıduman","2026-08-12 12:57:08",434.6,2,emresariduman
5777,16668523,Bumblerrr,"2026-08-06 19:46:02",434.6,2,bumblerrr
5778,16686411,NeoCodes.Dev,"2026-08-23 23:53:10",434.5,2,neocodesdev
5779,16624879,indira,"2026-07-31 06:52:02",434.4,2,inansia
5780,16670475,Adib,"2026-08-06 02:02:27",434.3,2,adibemohamed
5781,16768884,z y f 007,"2026-08-31 05:39:35",434.2,2,zyf007
5782,16689349,"Adunola Abdulrahman","2026-08-10 17:38:47",433.9,2,adunolaabdulrahman
5783,16726052,"Peter Mugoya","2026-08-27 04:32:50",433.9,2,petermugoya
5784,16691753,"Jan Moilanen","2026-08-09 12:02:17",433.3,2,janmoilanen
5785,16802341,"Yousef Turk","2026-09-02 06:31:13",433.3,2,yousefturk
5786,16690299,"EL GORRIM MOHAMED","2026-09-01 10:59:10",433.1,2,elgorrimmohamed
5787,16623054,"Max Bond ABE","2026-08-15 22:43:34",433.0,1,maxbondabe
5788,16674278,"Niels de Gier","2026-08-07 15:57:04",432.9,2,nielsdegier
5789,16658219,"Deepesh Pankaj","2026-08-15 05:58:07",432.5,2,deepeshpankaj
5790,16712796,"Kumar Saurabh","2026-08-25 12:34:20",432.2,2,bakakaka
5791,16720696,Ankit0017,"2026-08-14 10:16:58",432.1,2,ankit0017
5792,16772511,"Max Gläser","2026-08-26 23:39:34",432.0,1,maxglser
5793,16765310,"Aria Muse","2026-09-02 07:38:57",431.9,2,ariamuse
5794,16785352,"joão Vitor","2026-08-29 22:34:54",431.9,2,jaov30718
5795,16658286,"Jatin Gujarathi","2026-09-02 06:58:27",431.8,1,jatingujarathi
5796,16670565,"Grant Biellak","2026-08-05 22:52:01",431.7,2,grantbiellak
5797,16710417,"Aryant Jadhav","2026-08-15 18:57:18",431.7,2,aryantjadhav
5798,16722757,"Sebastian Adamatzky","2026-08-14 19:10:23",430.9,2,sebastianadamatzky
5799,16625770,"Đức Trung Trần","2026-08-24 11:01:33",430.9,2,ctrungtrn
5800,16751796,"Leo Pallorina","2026-08-23 14:06:17",430.8,2,lelelsp
5801,16668431,"Harshpreet Singh #2","2026-08-06 01:06:28",430.7,1,harshpreetsingh45
5802,16690029,Nitesh_Prajapati2569,"2026-08-18 08:12:30",430.3,2,niteshprajapati2569
5803,16738298,tomo0608,"2026-08-19 13:33:07",430.3,2,tomo0608
5804,16707987,"Big Balls Entertainment","2026-08-12 10:18:24",430.2,2,"pavivin,semenkolesnikov"
5805,16659720,Project_Kurukshetra,"2026-08-16 05:01:34",430.1,2,"chaitanyaterli05,lavanyayandapalli"
5806,16669516,GorgeousCookie,"2026-08-06 09:17:13",430.1,2,axellindqvist
5807,16773858,"Kundan Kumar","2026-09-02 09:29:52",429.7,2,edkundan
5808,16670387,"Oracle69 AI","2026-09-01 10:55:45",429.5,1,princeadewaleadewumi
5809,16729669,HYPEREUCLIDEAN,"2026-08-19 07:47:48",429.3,2,hypereuclidean
5810,16690812,zhangkai_0121,"2026-08-09 01:40:21",429.3,2,zhangkai0121
5811,16707951,K_ChanHo,"2026-09-02 12:44:03",429.3,2,kchanho
5812,16658227,Gugu888,"2026-08-14 04:27:57",429.3,2,gugu888
5813,16733318,"Anuj Bolewar","2026-08-18 11:11:01",429.3,2,anujbolewar
5814,16622809,"German Vdovin","2026-08-03 00:38:01",428.8,2,ertrerhtytmnbdsefdw
5815,16752444,zama,"2026-08-25 04:31:12",428.7,2,zamami
5816,16716594,"U Anand Williams","2026-08-13 09:19:09",428.6,1,uanandwilliams
5817,16666334,UnderBlade,"2026-08-05 09:56:11",428.6,2,"athillazaidan,kurtmikhael"
5818,16779769,"Pravin jeyavel","2026-08-27 18:08:17",428.5,2,pravinjeyavel
5819,16663981,"Steven Pun","2026-08-07 01:59:52",428.5,2,stevenpunn
5820,16693098,broken_gpu,"2026-08-30 10:07:27",428.3,2,brokengpu
5821,16700207,"S. Mujtaba Hussain","2026-08-28 05:48:15",428.2,2,smujtabahussain
5822,16747683,"Jianyu Lin","2026-08-27 13:05:05",428.1,1,jianyulin1999
5823,16773264,LA28,"2026-09-02 22:04:42",427.7,2,saisreelasyaappali
5824,16732156,"Samvel Kocharyan","2026-08-17 18:45:53",427.4,2,samvelkoch
5825,16663674,"Mason Mahar","2026-08-30 04:00:17",427.1,2,masonmahar
5826,16796102,yiliang,"2026-08-31 12:55:20",426.9,2,yilianglv
5827,16723045,"Albert Einstein F Muritiba","2026-08-21 02:27:16",426.8,2,spideryzarc
5828,16668673,"kyran sinha","2026-08-14 14:21:34",426.8,2,kyransinha
5829,16684677,"Sean Southwick","2026-08-27 14:45:32",426.7,2,seansouthwick
5830,16793913,"Vrushal Patil","2026-09-01 07:09:59",426.7,2,vrushalpatil
5831,16623678,Mahog,"2026-08-25 02:11:34",426.4,2,mahoganybuttstrings
5832,16664454,"Naga Vinay Avvaru","2026-08-05 07:04:44",426.3,2,anagavinay
5833,16785932,"Thomas Yi","2026-09-02 19:24:18",425.9,1,tyyslashd
5834,16705696,"TS Farmer","2026-08-13 11:22:09",425.6,2,"shivangkainth,tusharsekhri27"
5835,16702771,n_samii,"2026-08-14 01:20:08",425.5,2,nsamii
5836,16669102,Ritik,"2026-08-07 18:11:13",425.5,2,xritikx
5837,16666257,"Shijian Wen","2026-08-06 09:40:44",425.4,2,shijianwen
5838,16715912,"Hiroshi Sakiyama","2026-08-14 13:22:19",425.3,2,hiroshisakiyama
5839,16629742,yun,"2026-08-15 09:10:21",425.0,2,yuyumarupython
5840,16659018,"Ramziddin Toxirov","2026-08-11 04:58:03",424.8,2,ramziddintoxirov
5841,16716585,"tejaswini kakollu","2026-08-13 09:12:37",424.7,1,tejaswinikakollu
5842,16758663,"Light In","2026-08-22 19:18:51",424.7,2,lightin45
5843,16692825,"Saad Arain","2026-08-09 12:27:08",424.6,2,saad451
5844,16656932,"Thivvin Raj","2026-08-13 03:53:35",424.6,2,thivvinraj
5845,16709179,"SATENDRA SINGH","2026-08-16 05:38:21",424.5,2,satendrasingh9876
5846,16691565,"Blu cky","2026-08-09 19:13:27",424.4,2,llmdablucky
5847,16657438,"Udit Aggarwal1","2026-08-08 19:09:27",424.3,2,uditaggarwal1
5848,16729708,msmsuman,"2026-08-31 12:42:11",424.1,2,msmsumanmuskan
5849,16727022,Saharkh99,"2026-09-01 00:18:26",423.9,2,saharkh99
5850,16684225,"Aum Savaliya","2026-08-10 20:10:02",423.9,2,aumsavaliya
5851,16679850,AryaGarg23,"2026-08-09 03:33:14",423.7,2,aryagarg23
5852,16655737,Dharshini,"2026-08-08 15:00:05",423.1,2,dharshini1812
5853,16670188,orivael,"2026-08-05 21:20:17",423.1,2,orivael
5854,16723779,Matheubern,"2026-08-22 00:44:48",423.1,2,matheubern
5855,16628521,arai9953,"2026-08-24 22:46:57",423.0,2,arai9953
5856,16770758,"Maor talker","2026-08-26 20:18:59",423.0,2,maortalker20
5857,16671512,"Darren Grendi","2026-08-10 00:38:51",422.9,1,darrengrendi
5858,16660228,"Ochuwa Pearl Isa","2026-08-06 09:29:36",422.9,2,pearlisa
5859,16717797,"patan hashmi","2026-08-13 15:02:52",422.7,1,patanhashmi
5860,16676327,shu10038,"2026-09-02 12:14:33",422.7,2,shu10038
5861,16668268,"Kunal Rout","2026-08-06 05:48:25",422.6,2,charlotte26
5862,16665959,"Lourenz Baliber","2026-08-18 00:34:06",422.2,1,lourenz
5863,16795677,"Carol bright","2026-08-31 09:30:28",422.1,2,carolbright
5864,16695177,"Ajith Bagali","2026-08-15 12:23:37",422.1,2,ajithbagali
5865,16678633,"Tanishq Tayade","2026-08-11 10:29:59",421.9,1,tanishqtayade
5866,16662791,"Shiva Neshan yuva","2026-08-15 18:39:16",421.6,2,shivaneshanyuva
5867,16640067,"minghao mei","2026-08-02 09:57:29",421.5,1,minghaomei
5868,16793465,"Gajala, CEO Sonic Sols","2026-09-01 22:32:05",421.5,2,rishitreddypalle
5869,16658960,"Amit Kumar","2026-08-06 05:44:30",421.4,2,anmitkumar
5870,16673310,dffzno1,"2026-08-14 01:44:55",421.1,2,joyzip
5871,16669123,"Alex #2","2026-08-06 22:50:30",420.9,2,alxdfy
5872,16810499,佐藤滉太,"2026-09-02 21:55:37",420.6,2,s1300200
5873,16792013,"Alec Polansky","2026-09-01 16:30:31",420.2,1,alecpolansky
5874,16726381,"Adriana Redondo","2026-08-15 19:39:41",420.0,1,adrianaredondo
5875,16784030,"Pooja Gera","2026-09-02 15:10:47",419.9,2,poojagera00
5876,16660489,"Luca Lullo","2026-08-05 20:21:38",419.6,2,lucalullo
5877,16643278,"Giovani Moresco","2026-08-06 05:30:45",419.4,2,giovanimoresco
5878,16716670,"Aremanda Yasaswini","2026-08-13 09:27:46",419.4,1,aremandayasaswini
5879,16666218,"sugan Chandrasekar","2026-08-16 11:02:09",419.1,2,suganchandrasekar
5880,16674012,ahankesumah,"2026-08-16 07:34:05",418.4,2,ahankesumah
5881,16681188,"Tresor Mufalme.","2026-08-08 09:29:05",418.3,2,tresormufalme
5882,16723569,"Trishanth Mellimi","2026-08-15 07:09:55",418.3,2,trishanthmellimi
5883,16768466,BenJung,"2026-08-31 16:16:04",418.0,1,"benjung2512,hyeonglvl,hyeonho028,limjoonsoo"
5884,16810813,Scorn100,"2026-09-02 20:21:27",417.8,1,scorn100
5885,16685207,"Koushik Thummu","2026-08-07 18:15:47",417.6,2,koushikthummu
5886,16658512,fatariq,"2026-08-10 21:18:35",417.6,2,fatariq
5887,16764608,messibeatgravity,"2026-08-24 05:34:05",417.6,1,messibeatgravity
5888,16717522,kyunyoung,"2026-08-14 07:16:00",417.5,2,kyunyoung
5889,16691027,"Jelle Maas","2026-08-08 14:58:19",417.4,2,jellemaas
5890,16770270,"salthiel nishimwe","2026-08-25 10:45:23",417.4,2,salthielnishimwe
5891,16740197,Winssk,"2026-08-27 01:55:06",417.3,2,winssk
5892,16665400,FieldOps,"2026-08-10 16:16:03",417.2,2,sycpr1me
5893,16793944,"Grupo 808","2026-08-30 22:36:59",417.2,1,grupo808
5894,16665449,AgroVisionAI,"2026-08-11 19:52:49",417.1,2,"aishwaryvarshney,bhuppisharma,kirtisharmaphd,pragyasingh59,priyasingh0590"
5895,16662267,"Fahim Montasir","2026-08-10 16:15:10",416.9,2,fahimmontasir
5896,16716488,"Will Henderson290","2026-08-14 13:27:25",416.7,1,willhenderson290
5897,16726616,9Hash,"2026-08-19 19:08:01",416.7,2,hashimrazi
5898,16685412,Praveen8775,"2026-08-25 20:24:00",416.1,2,praveen8775
5899,16758093,_student,"2026-08-23 22:21:25",415.5,2,drvtalan
5900,16638704,"Lee Yen Fei","2026-09-01 03:31:45",415.3,2,leeyenfei
5901,16677804,"Pravin Takpire","2026-08-11 08:17:51",415.3,2,pravintakpire
5902,16666924,esis_ai,"2026-09-01 03:11:15",414.8,2,alexesn
5903,16658519,"David kinyanjui","2026-08-31 07:10:00",414.3,2,davidkinyanjui
5904,16763523,"Nam Khánh Lê","2026-09-02 06:28:44",414.2,2,"khanhss,khimbodoi"
5905,16638938,Light&Thunder,"2026-08-09 06:39:19",414.0,2,yerne39
5906,16758987,"Irtaza Ahmed Khan","2026-09-02 19:31:56",414.0,2,yrrebeere
5907,16777666,Lithops1112,"2026-08-31 08:25:07",413.9,2,lithops1112
5908,16668286,"Sabari V","2026-08-15 14:38:41",413.8,2,sabari112005
5909,16662854,"NISCHAY SANJAY JIWANKAR 23115098","2026-08-13 05:38:18",413.3,2,nischay2908
5910,16655257,"Afia Animah Fosu","2026-08-04 18:21:50",413.3,2,afiaanimahfosu
5911,16666577,"Jatin khandelwal112","2026-08-05 11:26:41",413.2,2,jatinkhandelwal112
5912,16779823,"Jean Dem","2026-08-31 12:38:41",413.2,2,jeandem
5913,16727326,AhmedMousaHassan2510,"2026-08-17 12:56:01",413.1,2,ahmedmousahassan2510
5914,16761784,"Ghaith Kammoun","2026-08-24 21:19:54",413.1,2,ghaithkammoun
5915,16762154,lli,"2026-08-24 14:40:36",413.0,2,colesuoseue
5916,16733007,"Not Found","2026-08-17 16:32:16",413.0,4,"ammarkhan05,zainabirfanansari"
5917,16658367,"Prachii Sonii","2026-08-31 17:28:45",412.8,2,prachiisonii
5918,16716713,"T Vamsi Krishna","2026-08-13 09:37:43",412.8,1,vamsee3763
5919,16774700,たたたた,"2026-09-02 11:07:01",412.7,2,tatatata1111
5920,16700876,"Oyegoke Emmanuel","2026-09-02 21:14:00",412.4,2,oyegokeemmanuel
5921,16656946,"Sambit Padhan","2026-08-05 10:10:10",412.4,2,sambitpadhan
5922,16798974,huangbin,"2026-09-02 16:11:56",412.3,2,huangbin1
5923,16805906,FENGYESHAN,"2026-09-02 01:33:25",412.2,2,fengyeshan
5924,16658882,"toukali samir","2026-08-07 13:43:05",412.0,2,toukalisamir
5925,16685625,"silvan ion","2026-08-08 13:05:39",411.4,2,john1one
5926,16639727,"Andres Mohali","2026-08-13 23:03:25",411.2,2,mohax3
5927,16676726,"Manaswi Bansal","2026-08-16 06:28:05",411.0,2,manaswibansal
5928,16697627,abinandhan03,"2026-09-01 10:38:15",411.0,2,abinandhan03
5929,16669176,"Karakam Sridevi","2026-08-11 07:44:48",410.6,2,karakamsridevi
5930,16656023,JD_Mello,"2026-08-30 03:52:27",410.5,2,jdmello
5931,16677761,"Rithuraj Nambiar","2026-08-06 18:11:41",410.4,2,rithurajnambiar
5932,16641665,huangjunjia,"2026-08-04 14:12:26",410.3,2,huangjunjia777
5933,16763938,"joel paul","2026-08-26 02:05:07",410.2,2,joelpaulf
5934,16689718,HumsAuraTech,"2026-08-21 17:11:42",410.0,2,humaima03
5935,16667177,"Raunak Phull","2026-08-10 11:14:44",409.8,2,raunakphull4
5936,16731108,"Vipparla Nandini","2026-08-17 06:29:48",409.8,1,vipparlanandini
5937,16743015,"Sword's Frost","2026-09-02 14:25:20",409.7,2,alexwilliam7
5938,16757236,"Erlanda Miko P","2026-08-23 07:02:01",409.7,2,snneva
5939,16677747,"Yuvraj Bhatt","2026-08-10 08:38:11",409.6,2,bhattyuvraj22
5940,16622097,"Garrick C.P.","2026-08-10 18:12:06",409.6,2,garrickchinnis
5941,16638343,"Phong Khoi","2026-08-04 12:20:52",409.6,2,phongkhoi
5942,16735580,"Dhiya Nachimuthu","2026-08-30 06:13:38",409.6,2,dhiyanachimuthu
5943,16716649,"Meghana Busse","2026-08-13 09:33:08",409.3,1,meghanabusse
5944,16661891,BALLEN1337,"2026-08-04 19:22:30",409.1,2,ballen1337
5945,16721948,ziszim,"2026-08-26 14:38:30",409.0,2,ziszim
5946,16731616,"Mohamed Aashik 24","2026-08-22 17:29:39",408.8,2,mohamedaashik24
5947,16659394,"יוסף בש","2026-08-09 15:11:23",408.8,2,josiii123212
5948,16690077,"GOMATHI PRIYA","2026-08-13 06:38:45",408.8,2,gomathipriyaraj22
5949,16634219,"Michael J Hammel","2026-08-01 11:37:10",408.7,2,michaeljhammel
5950,16758192,"Dev Monk","2026-08-29 14:03:22",408.7,2,devmonk63
5951,16732936,"Kateryna Dudko","2026-08-25 12:15:40",408.6,2,dudkiina
5952,16675093,"Nikhil Srivastava","2026-08-15 08:47:12",408.6,2,nikhilsrivastavark
5953,16692710,"Baran Haydar","2026-08-12 06:56:50",408.4,2,baranhaydar
5954,16808433,thenokol,"2026-09-02 11:38:54",408.3,2,thenokol
5955,16803032,"varshitha kolupuri","2026-09-02 16:39:36",408.3,2,varshithakolupuri
5956,16679096,WilliamXylean,"2026-08-31 03:34:39",408.2,2,williamxylean
5957,16715097,"Yusuf Yavuz","2026-08-13 00:25:40",408.1,1,yusufyavuzz
5958,16660294,"Mohamed Amadu Bangura","2026-08-04 16:14:07",408.0,1,mohamedamadubangura
5959,16701060,"Paula Jimenez","2026-08-22 16:18:37",407.9,2,paulajimenez
5960,16773370,"Nishant #1","2026-08-26 06:11:42",407.9,1,nishanttomar110
5961,16668141,"Soichiro Mochizuki","2026-08-07 22:13:36",407.8,2,soichiromochizuki
5962,16673167,Karam96,"2026-08-08 11:40:36",407.7,2,karam96
5963,16685164,cleanledger,"2026-08-07 13:38:23",407.7,2,cleanledger
5964,16808233,"Yash Hingane","2026-09-02 11:50:27",407.6,1,yashhingane
5965,16662690,"Pablo Gomez Perez","2026-08-18 06:54:09",407.5,2,pablogp
5966,16668159,ABDELGHANY,"2026-08-12 11:04:36",407.5,2,abdelghanyrageh
5967,16675324,"Attempt Seven","2026-08-10 10:13:50",407.5,2,attemptseven
5968,16690947,"Veiled Star","2026-08-10 13:36:49",407.4,2,veiledstar
5969,16709754,"Simon Preuss","2026-08-12 16:39:55",407.2,2,simonpreuss01
5970,16663990,"OURNO PAPA SALIF","2026-08-07 23:18:43",407.2,2,belfiremine
5971,16662197,"Zehra Basaral","2026-08-07 10:42:57",407.2,2,zehrabaaral
5972,16686332,毛治钦,"2026-09-01 05:05:37",406.9,2,maozhiqinf
5973,16634352,"sovit karki","2026-08-12 17:21:13",406.6,2,sovitkarki
5974,16662094,"moncef elm","2026-08-11 04:34:28",406.6,2,moncefelm
5975,16739447,"Jacob Stambaugh","2026-08-19 17:53:29",406.6,2,jacobstambaugh
5976,16634720,Thiyo,"2026-08-18 11:51:04",406.6,2,thimirajayasekara
5977,16765863,MADUPU.SRINIDHI,"2026-08-24 10:43:10",406.4,1,madupusrinidhi
5978,16742073,"nguyễn huệ anh","2026-09-02 14:02:16",406.2,2,akapatu
5979,16759765,"Ososanwo Idris Olaitan","2026-08-29 11:02:33",406.1,2,ososanwoidrisolaitan
5980,16741746,"Ahmed Harfoush","2026-08-19 09:47:45",406.0,1,ahmed1harfoush
5981,16757338,Dewakaran,"2026-08-22 05:34:35",406.0,1,dewakaran
5982,16721529,"Danny De Bree","2026-08-20 09:46:36",405.9,1,dannydebree
5983,16661476,slowpoke,"2026-08-29 16:33:07",405.9,2,banboyechristains
5984,16661331,"John Wessel","2026-09-02 23:42:41",405.8,2,johnwessel
5985,16674367,"zongze Yan","2026-08-19 15:23:21",405.5,2,aaayan
5986,16664044,IntentionalSayshara,"2026-08-30 22:23:18",405.5,2,jaelle
5987,16710241,"Julien Serbanescu","2026-08-12 14:32:50",405.2,2,julienserbanescu
5988,16661068,ZeViX,"2026-09-02 08:24:10",404.8,2,"codinggeek101,vedantkhete"
5989,16637762,"Greek olive oil","2026-08-09 19:56:48",404.4,2,alexanderchar
5990,16770085,AllenCheng329,"2026-08-25 10:05:43",403.8,1,allencheng329
5991,16630772,"Mitsuhiro Iizuka","2026-08-04 10:31:00",403.7,2,mitsuhiroiizuka
5992,16695592,"André Luiz Pedroso","2026-08-09 11:59:19",403.7,1,andreluizpedroso
5993,16652422,Kite,"2026-08-17 16:26:55",403.6,1,kiteyinlong
5994,16673328,"Preetham Prasanna","2026-08-31 09:03:53",403.3,2,preethamprasanna
5995,16671714,"Donnell Layne","2026-08-07 15:40:35",403.3,2,jupiter1127
5996,16806206,"Yuan Yongth","2026-09-02 06:36:54",403.3,2,yuanyongth
5997,16656135,"JAYASURYA R","2026-08-05 15:43:01",402.7,2,suryar261
5998,16675043,malibu_orange,"2026-08-21 01:09:01",402.5,2,malibuorange
5999,16786264,"THISHA S","2026-08-31 22:19:43",402.2,1,thishas
6000,16668091,Solidscripts.io,"2026-08-23 23:41:23",401.9,2,juancamera1
6001,16677950,"Rounak Laddha","2026-08-15 01:47:41",401.6,1,rounakladdha
6002,16709519,"p pxl16","2026-08-19 09:49:35",401.3,2,ppxl16
6003,16755264,wsdsby,"2026-08-21 15:16:42",401.1,2,wsdsby
6004,16727480,MSAM,"2026-08-31 12:48:11",401.1,2,arashdeepsinghmaan
6005,16660939,"Quenux Studio","2026-08-12 17:01:46",401.1,2,dieguis1976
6006,16652230,BorisSpider,"2026-08-13 11:34:46",400.9,2,borisspider
6007,16716497,xpxg,"2026-08-16 17:04:22",400.6,2,deepxchat
6008,16658817,"Andrew Glez","2026-08-04 12:10:17",400.3,1,andgos
6009,16668592,"Ashutosh jatav","2026-08-09 13:34:45",400.2,2,ghost1412
6010,16657883,jps,"2026-08-06 08:36:04",400.2,2,jahaziel
6011,16730060,"Enzo Pio","2026-08-21 16:44:03",399.8,2,enzopio
6012,16770232,MinhTran2346,"2026-08-27 19:46:30",399.8,2,minhtran2346
6013,16662589,"Arunagirinadan Sudharshan","2026-09-01 20:38:47",399.6,2,sudhanaruna
6014,16702742,"Kavyanshu Singh","2026-08-11 10:47:02",399.6,2,kavyanshusingh
6015,16683087,qiuchenglong,"2026-08-07 09:25:48",399.6,2,qiuchenglong
6016,16654808,Vishwajeet-maker,"2026-08-17 21:17:02",399.5,1,vishwajeetmaker
6017,16661095,"AAYUSHMAAN PATEL","2026-08-09 08:16:53",399.1,2,aayushmaanpatel
6018,16663576,Yurnero,"2026-08-04 21:24:04",399.0,1,samson8
6019,16771187,FernandoRB,"2026-08-26 15:53:49",398.9,2,fernandorb
6020,16653105,James,"2026-08-17 16:52:18",398.9,2,jamesquirk
6021,16726769,"Ci Zhu","2026-08-16 07:03:55",398.8,2,zhuci1993
6022,16655689,花朝,"2026-08-05 04:10:02",398.8,2,xhxyyds
6023,16677470,"Saish Walavalkar02","2026-08-09 12:44:51",398.7,2,"harichaudhari1,kaiserjayin,meetramjiyani,nirbhaygajabi30,saishwalavalkar02"
6024,16723047,"Matheus Finger","2026-08-28 19:02:12",398.5,2,matheusfinger
6025,16682108,"Shadow Monarch","2026-08-17 06:45:10",398.5,2,avinashk01
6026,16666275,HeatS33ker,"2026-08-15 14:37:36",398.4,2,byronokou
6027,16729157,HahaTaco,"2026-08-16 16:55:03",398.1,2,hahataco
6028,16783322,kentaro,"2026-08-29 03:55:45",397.9,2,kentarokujo
6029,16802580,WarlockCode,"2026-09-02 19:26:44",397.9,2,maktub83
6030,16704985,"Ethan Marchisano","2026-08-24 21:36:54",397.8,2,ethanmarchisano
6031,16735593,"timur tytrin","2026-08-18 07:37:46",397.8,2,timurtiutrin
6032,16656480,"Dip Biswas","2026-08-07 04:35:56",397.4,2,dipjacobiswas
6033,16785676,Bilal11122,"2026-08-29 08:15:46",397.0,1,bilal11122
6034,16783740,ZiYiMing,"2026-08-29 09:26:43",396.8,2,ziyiming
6035,16660899,"Clarence Trinidad","2026-08-07 17:53:59",396.7,2,claree007
6036,16693147,"Oliver Curtis1","2026-08-09 14:51:57",396.7,2,olivercurtis1
6037,16668012,"Aleksander Iżemski","2026-08-05 20:52:54",396.7,2,aizemski
6038,16745497,"Handsome Heretic","2026-08-21 19:14:30",396.6,2,handsomeheretic
6039,16722122,Abhas20,"2026-08-19 10:02:51",396.6,2,abhas20
6040,16682342,"Jebez Oswald","2026-08-10 05:38:15",396.5,2,jebezoswald
6041,16706898,Simiyon,"2026-09-01 18:14:14",396.3,2,blackscythe123
6042,16730191,rRTZZZ,"2026-08-17 02:43:14",396.2,2,rrtzzz
6043,16696439,VaraPrabha,"2026-08-10 04:36:00",396.2,2,galiveetipoornima
6044,16759115,chabinhwang,"2026-08-22 14:33:59",396.0,1,chabinhwang
6045,16755029,"Jashan Bajwa","2026-08-22 12:56:30",396.0,2,jashanbajwa
6046,16657063,"those how","2026-08-04 07:50:57",395.9,2,thosehow
6047,16641330,"Takuya Yoshimi","2026-08-04 05:16:22",395.8,2,tkyysm
6048,16656919,Sumaiya,"2026-08-28 17:38:53",395.8,2,ayeshasummaiyya
6049,16662874,"Dev Shah","2026-08-08 01:52:52",395.7,2,imdevshah11
6050,16661002,"Eliyas sk","2026-09-02 12:32:51",395.5,2,eliyassk
6051,16660369,"Dev MCP","2026-08-04 12:59:09",395.0,1,nishant2905
6052,16654213,"Hojin Jang","2026-08-20 09:59:20",394.7,2,hojinjang
6053,16802866,"Antonio Di Cecco","2026-09-01 18:37:02",394.7,1,antdic
6054,16774954,Ye_xz233,"2026-08-26 15:35:23",394.5,2,yexz233
6055,16673825,h_jun,"2026-08-10 06:21:12",394.1,1,lhjoon77
6056,16785821,"Naresh Meena","2026-08-28 21:24:31",394.1,1,nareshmeena12
6057,16783863,"Vivek Vardhan Reddy","2026-08-31 06:14:34",394.0,2,vivekvardhanreddy77
6058,16695479,Anandhasabesan,"2026-08-09 13:50:37",393.9,1,anandhasabesan
6059,16659410,TTH,"2026-08-07 08:21:16",393.9,2,tthungdz
6060,16696800,"VEER GOMA","2026-08-14 15:42:47",393.9,2,novaxoxo
6061,16802128,"vaman soni","2026-09-02 10:08:49",393.9,1,vamansoni
6062,16679392,Dickie,"2026-08-09 09:05:10",393.8,2,dickieho
6063,16723273,"Bradley ZODOME","2026-08-19 07:06:18",393.8,2,bradleyzodome
6064,16656190,"Akshaj Shandilya","2026-08-06 03:14:36",393.8,2,akshajshandilya
6065,16706276,MitulbhBhatia,"2026-08-18 04:02:38",393.6,2,mitulbhbhatia
6066,16671519,"Mandhati Sai ganesh","2026-08-06 06:36:45",393.5,2,mandhatisaiganesh
6067,16717679,mureee,"2026-09-01 09:37:43",393.3,2,"hosyan3279,mureee54"
6068,16676063,"Kembang Melon","2026-08-29 11:59:17",393.1,2,wajawaja
6069,16646644,BeyondBirthday,"2026-08-09 06:39:01",393.0,2,near07
6070,16794153,"harshita harshita","2026-08-31 17:47:11",393.0,2,harshitaharshitaaaa
6071,16660397,Divyansh82Raj,"2026-08-04 15:01:28",392.6,2,divyansh82raj
6072,16715988,"Hsyn Kskn","2026-08-24 06:36:14",392.5,2,hsynkskn
6073,16667105,"Vikram Tiwari","2026-08-10 11:12:26",392.3,2,vikramtiwari
6074,16771216,"Hugo Ponce","2026-08-25 17:54:30",391.8,2,hugoskn
6075,16779805,"Ákos Blaschek","2026-09-01 17:21:44",391.5,2,kosblaschek
6076,16653001,"Alexey Kuleshov","2026-08-04 12:07:51",391.5,2,alexkulll
6077,16665460,"Shubham kumar jha","2026-08-23 07:36:36",391.5,2,shubhamjhakr
6078,16659688,Daniel,"2026-08-05 12:21:37",391.4,2,danielyazgi
6079,16654330,"Perumalla Pujitha","2026-08-12 18:09:24",391.3,2,perumallapoojitha
6080,16660246,taqnik,"2026-08-08 11:54:39",391.1,2,taqnik
6081,16641140,NITISH_GOYAL1,"2026-08-27 06:42:29",391.1,2,nitishgoyal1
6082,16670724,"Neel Patel","2026-08-14 19:33:43",390.8,2,n33lpat3l
6083,16664617,BarkeviousBingo,"2026-08-19 04:34:59",390.6,2,barkeviousbingo
6084,16654788,bumbum,"2026-08-14 12:59:51",390.5,2,krzysztoff1
6085,16700360,"Thanush Soma","2026-08-10 09:49:02",390.4,2,thanushsoma
6086,16673009,CruelShow,"2026-08-21 20:00:15",389.5,2,cruelshow
6087,16687699,jegazhu,"2026-08-13 22:25:15",389.5,2,jegazhu
6088,16661390,"Raúl García Gómez","2026-08-04 17:04:39",388.9,2,corso138
6089,16665980,cshara,"2026-08-06 08:41:16",388.8,2,cshara
6090,16666997,"Krishnamurthy Venkatasubramanian","2026-08-05 15:09:46",388.8,2,krishnamurthyvenkat
6091,16778526,starkhushi,"2026-08-27 07:01:28",388.7,2,starkhushi
6092,16630007,"Yuankun Liu","2026-07-31 15:48:13",388.7,2,lyk1652
6093,16710564,"Clarice Harijanto","2026-08-14 04:28:13",388.3,2,clariceting
6094,16809122,"federico battello","2026-09-02 14:10:53",387.8,2,federicobattello
6095,16669218,"Shaik Sabiya","2026-08-12 09:15:22",387.5,2,shaiksabiya55
6096,16721675,stork8i,"2026-08-14 13:16:26",387.5,1,stork8i
6097,16688364,"Om Raval08","2026-08-21 02:57:23",387.2,2,omraval08
6098,16735966,kyone,"2026-08-18 08:09:32",387.1,1,xtraky
6099,16811502,"Avi Porath","2026-09-03 00:40:46",387.1,1,aviporath
6100,16635130,Pongsaky,"2026-08-01 12:56:02",386.9,2,gantanch
6101,16681397,"Vishal Dubey","2026-08-11 08:51:13",386.9,2,visha1dubey
6102,16726441,Enrique.rfm,"2026-09-02 15:57:34",386.7,2,enriquerfm
6103,16624029,"Miguel Angel Rodriguez Fonseca","2026-08-07 03:55:38",386.7,2,miguelangelrodriguez
6104,16786140,valgrinderror,"2026-08-31 15:33:36",386.5,1,valgrinderror
6105,16780268,"SAI ESHWAR S","2026-08-29 06:26:11",386.5,1,saieshwars
6106,16738581,"mr moradi1","2026-08-18 14:31:26",386.3,1,mrmoradi1
6107,16628296,NoxMetenis,"2026-08-15 17:54:03",386.1,1,avasgaire
6108,16660099,Desireog71,"2026-08-08 15:01:19",385.9,2,desireog71
6109,16633475,betagammashtrit,"2026-08-29 16:24:03",385.7,2,betagammashtrit
6110,16624235,appu2431,"2026-08-11 15:56:41",385.5,2,appu2431
6111,16639624,"Nishanth Rajan","2026-08-02 03:25:35",385.5,2,nishanthrajandev
6112,16690098,"Akshay Kashyap","2026-08-10 17:10:28",385.3,2,akshaykashyapakku
6113,16692427,"Infy ","2026-08-09 20:48:09",385.3,2,infydes
6114,16661551,SimonAx,"2026-08-10 09:41:59",385.2,2,simonaxel
6115,16654688,"Terrell Millz","2026-08-10 16:08:33",385.2,2,terrellmillz
6116,16655250,"Juan Pablo Ponce","2026-08-08 03:34:18",384.7,2,juanpabloponce28
6117,16670600,"Leon Lum","2026-08-20 14:58:27",384.7,2,leonlum
6118,16649794,"Wanzhu Zhao","2026-08-04 13:04:05",384.4,2,wanzhuzhaora
6119,16659312,qwertyDmitry,"2026-08-05 13:44:24",384.2,2,qwertydmitry
6120,16660980,"João Marcelo Curi","2026-08-05 18:31:19",384.0,2,joomarcelocuri
6121,16715404,"karthik reddy","2026-09-02 02:45:23",384.0,2,karthikreddyp
6122,16668340,"Sibi Vishnu","2026-08-08 10:35:33",384.0,2,sibivi
6123,16705300,T3485D5T,"2026-08-29 15:05:10",383.8,2,"danijelbilalli,t3485d5t"
6124,16640901,"Kian Maghsoodi","2026-08-20 23:01:51",383.7,2,kizmodo
6125,16662967,"Amalio Gomez","2026-08-04 22:07:16",383.7,1,amaliogomez
6126,16696419,detectivseb,"2026-08-12 10:34:45",383.4,2,detectivseb
6127,16688381,"Teresa Fitzgerald","2026-09-03 00:10:31",383.3,2,teresafitzgerald
6128,16629476,NOOBS,"2026-08-09 19:58:48",383.3,2,"patelkrishna8,sakshamranawade,shravanideshpande25"
6129,16666590,"Hoàng Anh Tú","2026-08-12 23:59:58",383.2,2,anhtu9999
6130,16680015,"Khôi Trương","2026-08-10 01:11:55",383.1,1,kiykhoi
6131,16711573,"Sushmitha Vasantha","2026-08-13 09:08:29",382.9,1,sushmithavasantha
6132,16685649,YUYUTA,"2026-08-09 05:39:50",382.8,2,yuyuta
6133,16655652,Emergence,"2026-08-10 03:21:04",382.8,2,daylighth
6134,16662428,"Sonu kumar","2026-08-24 05:18:49",382.7,2,sonukumar9142
6135,16656472,angusdddsa,"2026-08-04 06:04:22",382.5,2,angusdddsa
6136,16709165,"Yooraj Gole","2026-08-13 18:10:17",382.4,1,yoorajgole
6137,16691667,jeremyllll,"2026-08-12 03:30:26",382.3,2,jeremyllll
6138,16692906,CodeZee,"2026-08-09 19:50:49",382.2,2,codewithzaeem
6139,16668471,Broomva,"2026-08-05 14:57:35",382.1,1,broomva
6140,16711383,"Monika Kocianova","2026-08-14 11:01:11",382.0,2,monikakocianova
6141,16735393,Dai_Research,"2026-08-18 10:40:17",381.9,2,dairesearch
6142,16641294,YogeshG22,"2026-08-03 17:58:51",381.7,2,yogeshg22
6143,16623938,flashthunder,"2026-09-01 09:02:15",381.5,1,thunderflash
6144,16658011,"Arooba Hanif","2026-08-05 07:24:53",381.3,2,aroobahanif
6145,16784379,超级陆战队,"2026-08-29 14:43:33",381.3,2,luyi61227
6146,16733886,LuisMV8,"2026-08-18 16:28:42",381.2,2,luismv8
6147,16661191,"Yudha Eka Saputra","2026-08-04 19:28:31",381.0,2,yudhaekasaputra
6148,16716322,zhaimh,"2026-08-14 02:43:21",380.9,2,zhaimh
6149,16743604,KeswaniRohit,"2026-08-22 17:19:18",380.5,2,keswanirohit
6150,16628409,"yann sadowski","2026-07-31 09:39:25",380.4,1,yannsadowski
6151,16659260,hitesh,"2026-08-05 19:29:28",380.1,2,shahhs
6152,16674725,"rajan jha","2026-08-13 12:05:42",380.0,2,rajan1673
6153,16728261,"Smit Deshaval","2026-08-24 17:44:12",380.0,2,smitdeshaval11
6154,16728881,Ch.Manvita,"2026-08-16 16:33:52",379.8,2,chmanvita
6155,16712257,Banarto,"2026-08-13 07:49:16",379.7,1,banarto
6156,16741512,Offenders,"2026-08-30 15:08:39",379.3,2,"karthicchockalingams,shakil2411,shehnaaz01"
6157,16734096,"Cem Ali Görmez","2026-09-02 00:49:05",379.2,2,cemaligrmez
6158,16713366,BANKAI,"2026-08-16 15:24:28",379.1,2,igors97
6159,16657687,"Siddardha Shayini","2026-08-04 14:23:48",379.0,2,siddardhashayini3
6160,16732873,"Yash Rana","2026-08-18 04:57:04",379.0,2,yashrana24
6161,16665996,AVATAR3905,"2026-08-06 18:14:01",378.9,2,avatar3905
6162,16625011,"Heng Yu","2026-08-18 06:30:56",378.7,1,megalobox1
6163,16721615,"Dai Dai","2026-08-24 16:43:19",378.2,2,jumpingdaidai
6164,16683178,soulasin,"2026-08-07 14:32:26",378.2,2,soulasin
6165,16639067,"ToMY F.","2026-08-11 11:34:31",378.0,1,tomyfdev
6166,16734894,"MP Gamimg","2026-08-26 14:47:08",377.7,2,okadahiroshi
6167,16662643,Mohit_Singh,"2026-08-29 18:21:55",377.6,2,mohitsingh955
6168,16688859,"Muhammad Fayaz Khan","2026-08-08 06:36:02",377.4,2,mfayazkhan
6169,16641606,"Tanisha Sahu","2026-08-02 14:39:27",376.8,2,tanisha3
6170,16690775,"Prasanna Raut","2026-08-08 20:41:38",376.7,2,prasannaraut
6171,16660436,turkenm,"2026-08-06 13:03:36",376.5,2,turkenm
6172,16661351,"Adekojo Adeyemi","2026-08-04 15:25:52",376.5,1,adekojoadeyemi
6173,16657142,"Vishisht Gupta","2026-08-16 16:16:54",375.9,2,vishishtgupta
6174,16686716,"menna hassanM","2026-08-28 21:49:51",375.9,2,mennahassanm
6175,16735751,"Hasan Taşkın","2026-08-24 19:36:02",375.5,2,hasantaskin
6176,16732296,"duong nguyen","2026-08-20 14:51:38",375.5,1,duongnguyen161
6177,16718662,Safin,"2026-08-22 17:50:27",375.4,2,safinlynx
6178,16678653,Wzjj98,"2026-08-06 19:31:39",375.4,1,wzjj98
6179,16808242,keowpwpwkeo,"2026-09-02 13:49:48",375.3,2,keowpwpwkeo
6180,16668479,"Muneera Mahjabeen","2026-08-26 21:14:40",375.1,2,muneeramahjabeen
6181,16677732,"Alessandro Mermali","2026-08-06 20:52:35",375.0,2,alessandromermali
6182,16658733,luoqiuy,"2026-08-04 10:46:04",374.8,2,luo912
6183,16658897,"Teja Pattem","2026-08-07 10:42:44",374.8,2,tejapattem
6184,16784712,SIDDpat,"2026-08-30 08:13:50",374.7,2,siddpat
6185,16803726,Yaromir_Ko,"2026-09-02 19:07:16",374.7,1,ronanndex
6186,16802598,zxcqqe,"2026-09-01 15:15:18",374.5,2,anonimniygeniy
6187,16636643,"Babul Kumar","2026-08-02 07:46:50",374.5,2,babulkumar07
6188,16739702,"Vasantha Kumar552","2026-08-19 07:22:10",374.2,2,vasanthakumar552
6189,16690166,"Niteshwar Mishra","2026-08-08 10:02:22",374.1,2,niteshwarmishra
6190,16660531,greySnow,"2026-08-08 00:36:32",374.0,2,shlomoron
6191,16741982,barry_Paddi,"2026-08-27 07:10:52",373.9,2,barrypaddi
6192,16658319,"Huỳnh Nguyễn Trọng Tín","2026-08-06 06:23:40",373.9,2,tnhunhnguyntrng
6193,16673152,"Arijit Raj","2026-08-06 08:23:14",373.7,2,arijitraj02
6194,16623739,SarsaShen,"2026-08-05 07:12:00",373.4,2,sarsashen
6195,16752067,neuroxaker,"2026-08-22 14:50:32",373.2,2,neuroxaker
6196,16769110,tianlululing,"2026-08-26 13:09:45",373.2,2,tianlululing
6197,16624990,"Tanjim Ahmed Kingshu","2026-08-02 07:05:52",373.2,2,tanjimahmedkingshu
6198,16658320,"Justin Eight","2026-08-27 07:29:52",373.1,2,justineight
6199,16652805,"Rodrigo Batista da Silva","2026-08-13 13:35:19",373.0,2,eurodrigobatista
6200,16683400,"wo zhe yi sheng ru lu bo bing","2026-08-10 16:53:48",372.8,2,"ivanlo103,panckck,waijai"
6201,16692084,"Kaggri Farmers","2026-08-29 19:47:29",372.8,2,"jayant99acharya,satvikkolluru"
6202,16674394,"Ishant Mittal","2026-08-08 09:24:57",371.4,2,ishantmittal95
6203,16731458,"Arthur Baygildin","2026-08-17 10:06:55",371.3,1,arthurbaygildin
6204,16659234,"MARY RAISA P","2026-08-27 07:06:43",371.1,2,"harinimala21,maryraisap,saha0102"
6205,16664469,"Thorlapati Nikhil","2026-08-11 19:11:09",371.1,2,thorlapatinikhil
6206,16785050,"MITHIL J URK26CS7067","2026-08-28 18:29:14",371.1,1,mithiljurk26cs7067
6207,16682632,Sebastiaan,"2026-08-27 18:24:40",370.6,2,sebastiaanreinders
6208,16670812,"Brian Toman","2026-08-09 15:56:22",370.4,2,briantoman
6209,16657658,"Esther Usman","2026-08-25 23:45:50",370.2,2,estherusman
6210,16660568,Fascetta,"2026-08-07 20:48:53",370.2,2,fascetta
6211,16661690,codefusiondu,"2026-08-06 04:53:25",369.9,2,codefusiondu
6212,16624102,Khadersha.sk,"2026-08-03 02:45:03",369.8,2,khadershask
6213,16710906,Krunal.ix,"2026-08-12 07:06:58",369.7,1,krunalix
6214,16694264,"Vansh Visariya","2026-08-10 09:00:11",369.6,2,vanshvisariya
6215,16664671,Acteus,"2026-08-06 00:01:12",369.6,2,acteus
6216,16669725,chosunghwan,"2026-08-06 03:52:24",369.4,1,chosunghwan
6217,16670988,"Pavle Skoric","2026-08-21 21:34:32",369.1,1,pavleskoric
6218,16659865,Rithikaaaaah,"2026-08-17 07:09:08",368.9,2,rithikaaaah
6219,16665907,"Jonathan Saina","2026-08-16 14:48:56",368.8,2,jonathansaina
6220,16706591,"Poorvi Shetty","2026-08-20 05:06:12",368.7,2,poorvishetty1
6221,16633737,nrg,"2026-08-04 20:19:50",368.2,1,nargizaskarbekkyzy
6222,16809842,"zg l1218","2026-09-02 15:16:18",368.2,1,zgl1218
6223,16667033,"Geethika Sandireddy","2026-08-15 07:04:31",368.2,2,geethikasandireddy
6224,16690183,ankit8924praj,"2026-08-14 15:43:56",368.1,2,ankit8924praj
6225,16775010,"Alexey Kuznetsov","2026-08-27 13:49:22",368.0,2,legtarrr
6226,16655919,"Tạ Minh Lễ","2026-08-04 06:46:45",368.0,2,tminhl
6227,16660996,"Thịnh Nguyễn Chí Tiến","2026-08-08 01:49:40",367.9,2,thnhnguynchtin
6228,16666056,"sarthak gupta1303","2026-08-05 11:01:04",367.8,2,"sarthakgupta1303,sathviktummalapenta"
6229,16656143,"Debanshu Mallick","2026-08-07 05:27:56",367.7,1,debanshumallickiisc
6230,16635243,MlMlDev34,"2026-08-01 11:26:52",367.6,2,mlmldev34
6231,16657056,"Jacob Ross Piedad","2026-08-06 12:15:14",367.6,1,jacobrosspiedad
6232,16762854,J8young,"2026-08-26 13:52:54",367.5,1,j8young
6233,16689841,Pavani2325,"2026-08-08 10:00:56",367.3,2,pavani2325
6234,16682262,"Pardeep Singh","2026-09-01 11:01:27",367.1,2,pardeep06
6235,16658450,"Krish Singh","2026-08-05 16:11:00",366.8,2,krishsingh2283
6236,16662577,"Shreyash Suryawanshi","2026-09-02 19:42:31",366.7,2,shreyashsuryawanshi
6237,16777607,"je nap","2026-08-30 01:56:28",366.5,2,johnenapoles
6238,16656732,"Shivam Kashyap","2026-08-04 05:28:03",366.5,1,shiyan0090
6239,16800468,Vaishnavi,"2026-09-01 11:13:30",366.3,1,vaishnavisri09
6240,16683136,"Stefano Ciaci","2026-08-16 14:47:29",366.1,2,stefanovcciaci
6241,16676974,"Deveshwar U","2026-08-31 01:10:42",365.5,2,deveshwaru
6242,16701902,"Matthew Souza Chong","2026-08-11 05:58:50",364.9,2,matthewsouzachong
6243,16666171,"JD Crew","2026-08-06 12:52:58",364.5,2,"abhijnanpodder,ahsafabid"
6244,16655446,"Ismael Omar Leonidas Hurtado Vargas","2026-08-04 00:07:01",364.3,1,ihurtadov
6245,16665252,"Harsh Katara","2026-08-05 06:51:14",364.1,1,harshkatara
6246,16697694,"Adithya Thiruvalluvan","2026-08-29 17:28:42",363.9,1,forestfire7
6247,16758426,"Attique Ansari","2026-08-22 11:50:42",363.6,2,attiqueansari
6248,16662054,"phantom of shubh","2026-08-11 07:54:46",363.4,1,shubhamkumar123490
6249,16777515,Abhimanyu21,"2026-08-27 13:33:38",363.3,2,abhimanyu21
6250,16765805,"sayyad karimun","2026-08-25 10:14:26",363.2,1,sayyadkarimun
6251,16623405,nbarlow,"2026-08-12 20:01:08",362.9,2,nickbarlow
6252,16662856,"Pranjal Arya","2026-09-02 05:22:56",362.9,2,pranjalaryaa
6253,16810030,fukumayo,"2026-09-02 22:03:26",362.5,2,fukumayouta
6254,16655729,"Arnab Mallick","2026-08-04 02:41:48",362.3,2,arnabmallick24
6255,16663351,MiguelS,"2026-08-07 15:25:29",362.1,2,lordm758
6256,16668453,"Kawish Hassan","2026-08-05 16:51:03",362.1,2,kawishhassan
6257,16727044,"Kai Leisten","2026-08-16 10:19:42",361.9,2,kaileisten
6258,16660473,"Owen M Kelley","2026-08-10 00:53:11",361.9,2,owenmkelley
6259,16659533,"Pavan Desai","2026-08-10 16:29:20",361.3,2,pavancdesai
6260,16677312,"Kavuri Sravya","2026-08-19 02:33:01",361.2,2,kavurisravya
6261,16661212,AnkitRaj4004,"2026-08-23 13:17:37",361.0,2,ankitraj4004
6262,16646318,"I wanna Die","2026-08-18 18:28:29",360.8,2,chrisopherjoshy
6263,16768551,"AAYUSHMAAN SINHA","2026-08-25 02:43:00",360.8,2,aayushmaansinha
6264,16698739,"Sahrul Adicandra","2026-08-11 04:06:08",359.8,2,sahruladicandra
6265,16724976,Soham,"2026-08-18 11:28:07",359.7,2,soham308
6266,16662495,Earth,"2026-08-15 10:54:03",359.6,2,earthearth
6267,16661639,"Jayanth Kumar D","2026-08-06 13:36:46",359.0,2,jayanthkumard
6268,16682345,Gordy,"2026-08-31 07:39:13",359.0,2,gordyii
6269,16759407,"Giovanni Colpani","2026-08-22 17:02:37",358.9,2,giovannicolpani
6270,16659415,PincheCabrón,"2026-08-17 17:34:01",358.7,2,pinchecabrn
6271,16691936,"Adhar Chaudhari 07","2026-08-09 08:13:35",358.6,2,adharchaudhari07
6272,16767037,"Yubraj Sigdel","2026-08-24 15:45:56",358.2,1,yubraj11
6273,16663738,"Handre Bezuidenhout","2026-08-04 23:27:08",358.0,2,handrebezuidenhout
6274,16669535,sakshitantak,"2026-08-08 05:16:32",357.9,2,sakshitantak
6275,16660313,Ctrl+Code,"2026-08-12 15:22:04",357.8,1,"jayashankar369085,parnikasm"
6276,16668271,"Shashank Raj","2026-08-06 14:27:00",357.7,2,ssr6156
6277,16672020,"Arum Puri ","2026-08-18 14:03:33",357.4,2,arumpuri
6278,16713319,"David Tilman","2026-08-12 18:56:13",357.3,2,davidtilman
6279,16676416,"Abhishek Mishra","2026-08-10 10:09:30",357.3,2,abhishekmishra23
6280,16660308,zhangzhenman,"2026-08-25 06:14:26",357.2,1,zhangzhenman
6281,16698591,FestusKipkoech,"2026-08-28 18:58:28",356.8,2,festuskipkoech
6282,16675048,Wizard_King,"2026-08-06 19:35:41",356.8,2,anshumanrayy
6283,16769212,"jason vetter","2026-08-25 05:48:22",356.7,1,jasonvetter
6284,16681801,majj,"2026-08-11 03:07:46",356.2,2,m313786372
6285,16666115,"Iam Intolerable","2026-08-06 07:48:28",356.1,2,iamintolerable
6286,16778327,WangYingChen,"2026-08-28 03:11:28",356.0,1,wangyingchen
6287,16719709,Rishiii360,"2026-08-18 03:46:23",355.6,2,rishiii360
6288,16711497,"Korvi sai kumar","2026-08-13 08:02:21",355.1,1,korvisaikumar
6289,16655811,"Duy Trần","2026-08-04 08:23:27",354.5,1,duyqtrn
6290,16657729,"Kandregula V S S V P Krishna Murthy","2026-08-08 15:29:35",354.4,2,kkandregula
6291,16671959,"Sintu Verma","2026-08-09 05:44:56",354.4,2,sintuverma
6292,16679827,Juanky_too,"2026-08-27 11:13:42",354.3,1,juankytoo
6293,16706181,"Juvenal Pedro Baptista","2026-08-16 14:58:40",354.2,2,juvenalpedrobaptista
6294,16655621,xia0910,"2026-08-08 11:03:21",354.1,2,xia0910
6295,16659523,"Ahmad Khidir","2026-08-27 22:33:31",353.8,1,ahmadkhidir
6296,16660658,Shlok_Sharma0001,"2026-08-19 09:31:48",353.6,2,shloksharma0001
6297,16740191,"Arjun Dhillon","2026-08-19 15:15:57",353.6,2,arjundhillon07
6298,16725769,NikunjMakhija_,"2026-08-19 13:01:57",353.5,2,nikunjmak
6299,16694673,"B T Chinmayi","2026-08-27 19:47:10",353.3,2,btchinmayi
6300,16628190,Horizonx30,"2026-08-09 18:06:56",353.0,2,horizonx30
6301,16689923,Dhinesh,"2026-08-09 08:39:37",352.9,2,dhineshwarrs
6302,16784605,"Iniyan M D R","2026-08-28 13:53:22",352.6,1,iniyanmdr
6303,16656351,"Triet Ho","2026-08-07 07:27:33",352.0,2,trietho247
6304,16700187,"adrian purnama","2026-08-10 10:50:45",351.9,1,adrianpurnama
6305,16682229,"mayuri sarangi","2026-08-29 14:03:36",351.4,2,mayurisarangi
6306,16660341,"Nefise Aybar","2026-08-04 12:37:29",351.3,2,nefiseaybar
6307,16755632,"Adarsh Yadav","2026-08-21 16:34:37",351.3,1,adarsh12yadav
6308,16632620,"[Deleted] d9d74cbb-c76e-4fbb-a4bf-35e25b48627d","2026-08-08 16:00:16",351.2,2,del=c21e6a8a03ad3b3c
6309,16667406,"Abdulrahman AlAsali","2026-08-05 13:20:41",350.1,1,abdulrahmanalasali
6310,16660543,"BUTUH DUIT","2026-08-06 07:39:16",349.8,2,abulkahfi
6311,16681177,"Ivan Kevin Garcia Hernandez","2026-08-17 19:25:34",349.4,2,jedilgh
6312,16687403,"Raja Sai Vardhan","2026-08-09 08:19:22",349.4,2,rajasaivardhan
6313,16672138,mostafa69ca,"2026-08-06 05:03:43",349.3,1,mostafa69ca
6314,16757557,BitxWolf,"2026-08-22 19:06:48",349.3,2,bitxwolf
6315,16672689,"Yusuf Yemez","2026-08-06 06:51:07",349.3,1,yusufyemez
6316,16659529,"Sanchit Jain","2026-08-05 05:58:55",349.2,2,sanchit1609
6317,16664147,JordanM10,"2026-08-05 19:54:08",349.0,1,jordanm10
6318,16728948,L3MG,"2026-08-16 21:17:06",348.9,2,lemgyy
6319,16693949,"Eric Worrall","2026-08-16 00:39:43",348.7,2,ericworrall
6320,16707118,"DEVEN BAGADE","2026-08-11 11:24:10",348.6,2,devenbagade
6321,16621533,"Vladislav Kartashov","2026-08-24 14:20:31",348.6,2,phoenix0501
6322,16784538,"mou1234568 fdsfds","2026-08-28 18:05:29",348.4,2,mou1234568fdsfds
6323,16729572,"Aswin Ramanathan","2026-08-17 16:17:38",348.4,1,aswinramanathan
6324,16732280,"Akarsh kumar shukla","2026-08-18 20:38:35",348.2,1,akarshkumarshukla
6325,16707702,"anton leyn","2026-08-27 18:40:04",347.2,2,antonleyn
6326,16749568,"Nana Hung","2026-08-23 02:17:34",347.1,2,nanahung
6327,16732409,kawhi0.0,"2026-08-18 17:53:51",347.1,1,kawhi00
6328,16664718,Vedika_,"2026-08-11 18:28:09",347.1,1,lighjt
6329,16768174,lambdap,"2026-08-25 07:12:50",346.8,2,lambdap
6330,16623730,"Ethan Higgins","2026-07-31 02:25:21",346.7,2,ethanhigginz
6331,16735080,"SARTHAK PATIL","2026-09-02 19:23:03",346.7,2,sarthakpatil23
6332,16709299,"Divyanshu Choudhary","2026-09-02 20:11:42",346.5,2,divyanshuchoudhary25
6333,16652970,"Abhay sarkar","2026-08-05 14:40:05",346.4,1,abhaysarkarai
6334,16809371,"Aashir Noman","2026-09-02 15:00:37",346.2,2,aashirnoman
6335,16659939,"Mouafak Dakhlaoui","2026-09-02 10:07:25",346.1,2,sharmoul
6336,16766274,"Satwato Dey","2026-08-28 08:35:12",346.1,2,satwato
6337,16705294,"zhenf Liu","2026-08-11 07:51:06",345.9,2,zhenfliu
6338,16757233,"Tet Toe Wai","2026-08-24 07:51:45",345.4,1,tettoewai
6339,16670881,"Amir Y. Sajjadi","2026-08-05 23:56:26",345.4,1,amirysajjadi
6340,16690514,"Aditya #3","2026-08-09 06:29:48",345.1,1,a0x1ab
6341,16623161,"Charles Kalaba","2026-08-08 13:06:02",345.1,2,charleskalaba
6342,16791680,"Surja Sarker","2026-09-02 18:06:16",344.8,2,surjasarker
6343,16669164,コノウイ,"2026-09-01 14:38:34",344.6,2,nickhu0414
6344,16720606,Williamtime,"2026-08-17 03:11:34",344.6,2,williamtime
6345,16790206,"bogdan chirkov","2026-08-29 19:28:06",344.6,2,bogdannchirkovv
6346,16732315,"Filip Chladek","2026-08-17 13:37:38",344.5,2,filipchladek
6347,16738349,Suna-D,"2026-08-30 14:24:52",343.8,2,sunad0630
6348,16671256,"Navid Zaman","2026-08-26 17:20:02",343.5,2,navidzaman01
6349,16665360,"Ayush Bhadauria","2026-08-19 11:11:51",343.1,2,ayushbhadauria50
6350,16711348,ticoraph,"2026-08-21 18:55:56",342.9,2,ticoraph
6351,16721533,"Lakshya Sharma","2026-08-16 06:01:34",342.8,2,lakshyasharma007
6352,16682386,"Charbel Nehme","2026-09-01 00:09:46",342.6,2,charbelnehme
6353,16659558,Ayuroshbo,"2026-09-02 17:41:05",341.5,2,ayuroshbo
6354,16653903,Manav2805,"2026-08-04 09:25:08",341.2,2,manav2805
6355,16725938,"Ben Cheng","2026-08-17 18:39:38",341.2,2,benczb
6356,16654407,"Serendeep Rudraraju","2026-08-27 11:15:08",341.0,2,serendeeprudraraju
6357,16778947,mart3104,"2026-09-02 21:18:52",340.8,2,mart3104
6358,16652899,Isha,"2026-08-22 05:51:50",340.6,2,aarohi20
6359,16671942,"JIVRAJ SINGH","2026-08-13 16:54:51",340.5,2,jivrajsingh
6360,16665661,Ikhbar,"2026-08-05 09:50:57",340.5,2,ikhbar
6361,16661012,"Tesfahun Feleke","2026-08-30 11:56:04",340.0,2,tesfahunfeleke
6362,16763916,"Mohamed Nchourupouo","2026-08-24 09:28:47",339.9,2,mohamednchourupouo
6363,16630545,"GAURAV PARKHEDKAR","2026-08-01 07:00:23",339.9,2,gauravparkhedkar
6364,16632841,AGG,"2026-09-02 12:52:29",339.8,2,aleixgim
6365,16792780,"Sreekar Reddy","2026-09-01 15:33:38",339.8,2,eshured
6366,16672670,RonTroy,"2026-08-13 04:46:15",339.8,2,rontroy
6367,16666639,"Dheeraj Pranav","2026-08-24 19:38:42",339.7,1,dheerajpranav
6368,16691813,Hyezir4,"2026-08-10 08:36:47",339.5,2,hyezir4
6369,16797284,Alice7371,"2026-08-31 17:58:22",339.3,1,alice7371
6370,16658941,Matts6591,"2026-08-17 07:59:36",339.0,1,mathwithmatt
6371,16721849,ayushai8714,"2026-08-28 09:36:41",338.4,2,ayushai8714
6372,16796901,hanhan761,"2026-09-02 13:35:01",338.3,1,"hanhan761,kiivii,noice12138,xiaobai0417"
6373,16707749,Yuzu,"2026-09-01 01:15:24",338.2,2,yuzuoctopus
6374,16693821,"DARSHAN A","2026-08-11 18:02:26",337.9,2,ad12345kag
6375,16696644,"Franklin T","2026-08-13 10:28:53",337.7,2,franklin0410
6376,16678521,"Arina Nevolina","2026-08-06 20:31:22",337.7,1,nevolinaa
6377,16667042,"Adarsh Mukundan","2026-08-07 17:12:28",337.3,1,aadarshmukundan
6378,16661290,"Kelian Esteve","2026-08-04 14:33:13",337.3,1,kelianesteve
6379,16715576,bhavnachavda21,"2026-09-02 08:23:33",337.2,2,bhavnachavda21
6380,16662403,"ulaş özen","2026-08-05 19:49:16",336.6,2,ulazen
6381,16633330,"danielle Ange","2026-08-12 16:26:03",336.4,2,danielleange
6382,16777489,"Yousef Elbaz","2026-08-27 11:18:54",336.1,1,yousefelbaz
6383,16728465,"Abdurrahman Assegaf","2026-08-16 12:13:15",336.0,2,amanshop
6384,16802028,Dong,"2026-09-02 03:17:23",335.9,2,protostar
6385,16707092,"Asharani Sahu","2026-08-11 11:19:08",335.4,1,asharanisahu
6386,16660992,"Vishnu Vardhan Dumpala","2026-08-05 18:17:30",335.2,1,vishnuvardhandumpala
6387,16654430,"Rishoban Y","2026-08-07 13:46:37",335.0,1,rishoban
6388,16686700,"Hakkı selim Ak","2026-08-07 17:06:03",334.8,1,hakkselimak
6389,16765570,"Akhand Soni","2026-08-24 12:47:42",334.6,1,akhandsoni
6390,16756868,"Anisha Maurya","2026-08-31 19:59:05",334.5,2,anishamaurya
6391,16778585,Deepa,"2026-09-02 06:03:53",334.3,2,deepa42639
6392,16734670,Sparsh,"2026-08-22 01:48:51",334.2,2,sparshsinha24
6393,16745485,"Thamires dos Santos ","2026-08-26 01:39:27",333.9,2,thasantos
6394,16765488,chenyinheng30,"2026-09-02 01:28:11",333.8,2,chenyinheng30
6395,16654253,"Gaius K Biju","2026-08-03 18:51:18",333.4,2,gaiuskbiju
6396,16713082,"Siyam Molla","2026-08-21 11:40:13",333.4,2,siyammolla
6397,16682454," Vandanaa R","2026-09-02 09:48:24",333.4,2,vandanaar
6398,16783537,JustinybGao,"2026-09-01 21:23:01",333.2,2,justinybgao
6399,16690163,"Abhay Upadhyay","2026-08-08 18:05:54",332.9,2,abhay18s
6400,16726021,"The Farm Game","2026-09-02 13:23:00",332.9,2,"tacostew,thomasbower6"
6401,16809721,siren2345,"2026-09-02 14:48:32",332.6,1,siren2345
6402,16751311,JoangHZ,"2026-08-21 09:18:57",332.6,2,joanghz
6403,16683421,"Ruchita Yadav","2026-08-13 18:09:54",332.3,2,ruchitayadav20
6404,16729246,"Ayodeji Akinola","2026-08-29 19:45:30",332.1,2,ayodejiakinola
6405,16723046,"Pedro Joás","2026-08-21 18:41:15",332.1,2,pedrojos
6406,16657145,"Shudipto Trafder","2026-08-04 19:25:24",332.0,1,iamsdt
6407,16675037,"Stanislav Pashkov","2026-08-08 20:50:16",331.9,2,stanislavpashkov
6408,16701697,"Shadow #2","2026-08-16 12:13:27",331.7,2,chetanagrawall
6409,16750666,"Mitali Yadav","2026-09-02 07:49:35",331.5,1,mitaliyadav18
6410,16780106,"Mirangga Jakti","2026-08-31 03:41:53",331.5,2,miranggajakti
6411,16712086,"Zubair Shafi","2026-08-16 23:23:04",331.1,2,zubairshafi5050
6412,16798347,"Mr Michael Chung","2026-09-02 00:38:06",331.1,1,mrmichaelchung
6413,16662659,"Chiziterem Eze","2026-08-11 12:20:48",331.1,2,chiziteremeze
6414,16662491,Rudra070311,"2026-08-11 17:06:39",330.7,2,rudra070311
6415,16669576,"zarnab waheed","2026-08-17 19:20:34",330.7,2,zarnabwaheed
6416,16794647,"Michael Cahill","2026-09-01 07:46:28",330.2,2,michael1232
6417,16653054,Khongor2424,"2026-08-03 15:32:17",330.2,2,khongorkikaik21
6418,16624246,"xu j1ayang","2026-08-11 05:12:47",329.9,2,xuj1ayang
6419,16757351,SaiVenkatesh,"2026-09-02 15:15:21",329.9,1,nothingnew
6420,16654348,rkeshwani,"2026-08-07 16:17:49",329.7,2,rkeshwani
6421,16714418,AdriMonFer,"2026-09-01 12:15:21",329.2,2,adrimonfer
6422,16646076,"Ajeet Krishnasamy","2026-08-04 19:52:27",329.0,2,ajeetkrish
6423,16652397,"Aniket Kumar","2026-08-06 13:29:50",328.9,2,kalkiavatar3
6424,16683284,"Haha Farming","2026-08-07 14:38:04",328.8,1,"akshitharamesh,harinir1423"
6425,16712089,"yui seya","2026-08-12 12:17:02",328.8,2,yuiseya
6426,16658357,heetmehta18,"2026-08-07 13:30:40",328.7,2,heetmehta0000
6427,16676305,JTHEFROG,"2026-08-08 12:09:45",328.6,2,joshyuasa
6428,16696061,Mingyuan2002,"2026-08-28 17:15:00",328.3,2,mingyuan2002
6429,16684308,Itsside_jay,"2026-08-07 11:46:48",328.3,1,itssidejay
6430,16657891,"Joshua Kinnah","2026-08-07 23:00:45",328.3,2,joshuakinnah
6431,16808020,Pulkitt.Arora,"2026-09-02 15:04:59",328.1,2,pulkittarora
6432,16682422,"SABBIR HOSSAIN 2029","2026-08-16 14:23:24",327.9,2,sabbirhossain2029
6433,16632319,Valentin,"2026-07-31 21:14:24",327.8,1,vaha94
6434,16691354,"Vedika Gupta","2026-08-08 14:20:25",327.7,1,vedikagupta0
6435,16633982,Nikunj1375,"2026-08-07 08:40:29",327.7,2,nikunj1375
6436,16742149,"Ankith Savio","2026-08-31 07:14:34",327.6,2,weedoo
6437,16658489,小出和見,"2026-08-13 23:23:04",327.4,2,kzmk8d
6438,16698920,"Rishabh Bhartiya","2026-08-12 13:48:26",327.2,2,rishabhbhartiya
6439,16675218,데미안과마루,"2026-08-18 14:16:13",327.0,2,siver3
6440,16756768,"Sayeed Ibrahim","2026-08-22 01:32:12",326.9,2,sayeedibrahim
6441,16631989,"VIDIT SHRIMALI","2026-07-31 17:13:46",326.8,1,viditshrimali
6442,16685996,"Universal Entropy","2026-08-07 16:22:28",326.8,1,fennerjw
6443,16659060,Pratham3gewg,"2026-08-06 18:26:51",326.6,2,pratham3gewg
6444,16676302,Arnav,"2026-08-08 06:10:01",326.5,2,arnav03101
6445,16662913,"IYAMPAYE ribert","2026-08-04 19:01:38",326.3,1,iyampayeribert
6446,16760025,"Mayar Abdelfattah","2026-08-30 18:26:40",326.3,2,"mayarabdelfattah,omarelmaghraby03"
6447,16650070,"jakub slavíček","2026-08-04 12:58:40",325.8,2,jakubslavicek
6448,16656506,"Piyush Harde","2026-08-04 12:54:26",325.8,2,piyushharde
6449,16707179,"Achintya Rai","2026-08-12 11:15:16",325.1,2,achintyarai
6450,16668166,Pikachu,"2026-08-05 14:52:15",325.0,2,"arpankumarsinha,phantomboy69,subhojitpaul2006"
6451,16790603,xinbao,"2026-09-02 17:29:36",324.9,2,zww123456
6452,16690187,"Amrita Singh","2026-08-08 10:34:51",324.6,2,amrita004
6453,16809136,"Xander Lee","2026-09-02 12:51:10",324.6,1,xndlee
6454,16621557,"Vijay Krishna Lanka","2026-08-26 01:20:53",324.4,2,vijaykrishnalanka
6455,16662861,"Chirag Tutlani","2026-08-04 19:13:05",324.0,1,chiragtutlani
6456,16690055,"Prem Kumar","2026-09-02 05:56:28",323.6,2,premkumar099
6457,16658676,"Abdul Roheem Abdul Warith","2026-08-04 18:59:04",323.0,1,albasoliyy
6458,16785111,"JEFFREY KIRUBA J ","2026-08-28 18:07:41",323.0,1,jeffreykirubaj
6459,16659493,"Ori Glisko","2026-08-09 14:27:44",322.9,2,origlisko
6460,16655315,SL,"2026-08-13 01:50:18",322.8,2,xndr007
6461,16716476,lnssan,"2026-08-20 13:05:18",322.2,2,lukanilssandmayr
6462,16657159,"Amey Malpurkar","2026-08-11 07:35:27",322.1,2,"ameymalpurkar,siddheshsadarao"
6463,16795163,"Nguyễn Đỉnh","2026-09-02 01:50:55",322.1,2,nguyendinh1507
6464,16697373,"Sumit Bhattacharjee","2026-08-29 18:29:11",321.1,2,sumitbhattacharjee
6465,16668331,"Maitreya Mohapatra","2026-08-19 01:42:53",320.2,2,maitreyamohapatra
6466,16637025,kodalien,"2026-08-10 15:21:00",320.1,2,kodalien
6467,16671566,renmin517,"2026-08-17 07:31:19",320.0,2,renmin517
6468,16668559,Goups,"2026-08-22 09:11:46",319.9,2,hervrenard
6469,16730870,"Jiang Ryan","2026-09-02 22:36:46",319.8,2,jiangryan
6470,16641866,"Prem Gandhi","2026-08-06 19:48:18",319.6,2,gprem352
6471,16661955,Bingos,"2026-08-05 11:43:07",319.5,2,bingos
6472,16658725,"syed jawad","2026-08-17 08:49:32",319.5,1,syedjawad663
6473,16794052,"Sarthak Mishra","2026-09-02 17:58:59",319.4,2,"aarushverma04,pg541425,sarthak25b15310182,yadavup50"
6474,16775771,"Ewia Tng","2026-08-31 15:40:23",319.1,2,ewiatng
6475,16723487,RoboDavo,"2026-08-19 00:36:17",318.9,2,robertdavidson1911
6476,16659453,"Ishwar Rathod","2026-08-06 03:29:27",318.7,2,ishwarrathodofficial
6477,16664218,"Nguyen Vu Tue Khang","2026-08-24 03:32:10",318.6,2,nguyenvutuekhang
6478,16666316,adityakr1001,"2026-08-05 09:33:41",318.6,1,adityakr1001
6479,16659975,"Rahul Sain","2026-08-05 18:54:58",318.6,2,rahulsain2001
6480,16724204,chestnut,"2026-08-21 02:15:17",318.4,2,yskkrbysh
6481,16655875,PLLZ,"2026-08-17 01:11:41",318.1,2,pllzzz
6482,16669411,"Atta Ullah","2026-08-10 13:28:30",317.6,2,attaullahqau
6483,16809515,"Александр Трифонов","2026-09-02 17:21:44",317.2,1,cybrvibe
6484,16758856,"Ali Zaib","2026-08-27 20:12:02",316.5,2,alizaib001
6485,16740795,Yanshaoo2026,"2026-08-19 08:40:17",316.3,1,yanshaoo2026
6486,16684223,"Aayush Shah","2026-08-13 17:57:28",315.5,2,aayushshah265
6487,16657104,"Bashar Gamal","2026-08-17 00:04:56",315.5,2,bashargamal
6488,16658990,"Muhammad Burhan SE-45-02","2026-08-07 04:26:18",315.2,2,muhammadburhanse4502
6489,16624073,Maruichi01,"2026-08-14 16:03:02",315.0,2,"maruichi01,ppocharl,puws06,tatsukisato,unikina"
6490,16762940,"Davide Andreolli","2026-08-25 21:39:30",314.9,2,davideandreolli
6491,16634769,Fivingone,"2026-08-03 03:47:43",314.9,2,fivingone
6492,16784225,sulala,"2026-08-29 08:51:26",314.8,2,sulala
6493,16702052,"Beny Pratama Putra","2026-08-12 16:18:20",314.5,2,benypratamaputra
6494,16809202,amano,"2026-09-02 14:23:06",314.5,2,amanoshotaro
6495,16746121,Nononoi,"2026-08-21 07:18:02",314.4,1,nononoi
6496,16663600,"Adrián Flores","2026-08-05 00:38:36",314.2,2,foward2892
6497,16682559,"Punit Pritam Mohanty","2026-08-11 06:21:03",314.0,2,punitpritammohanty
6498,16659581,"isah ridwan","2026-08-07 09:02:00",314.0,2,isahridwan
6499,16698562,Kyoko004,"2026-08-11 04:38:18",313.8,1,kyoko004
6500,16660529,Imaanga,"2026-08-10 11:41:21",313.6,2,imaangababy
6501,16761681,"Ming Myung","2026-08-24 05:12:56",313.3,2,vanhaminhquan
6502,16683075,"Manuel lasarte León","2026-08-26 19:06:58",313.0,2,manuellasarte
6503,16656198,N9uy3nPham,"2026-08-06 10:56:04",312.7,2,n9uy3npham
6504,16629403,Galza98,"2026-07-31 10:09:02",312.7,1,galza98
6505,16725135,"clement cg","2026-08-19 07:54:00",312.4,2,clementcg
6506,16655003,"Paramjeet Kaur","2026-08-04 21:09:02",311.7,1,kauxp26
6507,16799023,"Alkava Ind","2026-09-03 00:08:10",311.5,2,alkavaind
6508,16689926,"Yongxiang Zhao #2","2026-08-12 03:33:27",311.1,2,yongxiangzhao
6509,16668333,VishalVivek,"2026-08-07 09:46:17",310.7,1,vishal14332
6510,16762084,"Krishna Lokhande","2026-08-23 14:08:48",310.7,1,krishnalokhande8080
6511,16659804,"Gashahun Demise","2026-08-04 13:23:20",310.6,2,gashahundemiset
6512,16791786,BladeOffline,"2026-08-30 03:42:42",310.0,1,bladeoffline
6513,16684168,"Roaya Saed","2026-08-10 14:36:20",310.0,1,roayasaed
6514,16668464,Mauro,"2026-08-05 15:57:27",309.9,2,ilmaurino
6515,16762045,ADV,"2026-08-23 13:28:56",309.5,1,shuntianjiang
6516,16732355,"Nagesh gite","2026-09-02 05:56:36",309.0,2,"kuberb,nageshgite,vasugupta1121"
6517,16652276,Phare111,"2026-08-04 15:09:55",308.6,1,phare111
6518,16682623,"Aditya Paul","2026-08-14 12:44:45",308.6,2,adityapaul634
6519,16772388,XiaozhenWu2002,"2026-08-29 16:21:55",308.4,2,xiaozhenwu2002
6520,16688231,"Antoine Matemane Mahirwe","2026-08-10 19:40:15",307.9,2,antoinemah
6521,16792188,anisotropies,"2026-08-30 07:36:28",307.9,2,achan31
6522,16789486,TanjiahaoXX,"2026-08-29 07:47:37",307.5,1,tanjiahaoxx
6523,16748410,Lemons,"2026-08-21 19:44:07",307.5,1,takahiromatoba
6524,16661276,Middle,"2026-08-29 04:36:49",306.8,2,aydagul
6525,16686316,"Ali mohon","2026-08-07 16:16:43",306.3,2,alimohon
6526,16809620,"Mohamed Alaa Elboraay","2026-09-02 19:11:42",305.7,2,mohamedalaa10
6527,16701143,macneil,"2026-08-14 14:53:54",305.7,2,macneil
6528,16658065,"Parul Mittal","2026-08-06 13:55:51",304.3,1,pisces83
6529,16748712,"Amit Kumar Gupta","2026-08-21 13:33:00",303.1,2,eramitg
6530,16718890,"Andy Symonds","2026-08-19 23:04:11",302.9,2,andyivanhoe
6531,16661879,"Pham Truc","2026-08-07 07:21:46",302.8,1,genti1206
6532,16667700,"Omar Mohammad","2026-08-05 15:52:54",302.8,2,omarmohammadw
6533,16686789,Hay-gent,"2026-08-18 19:00:36",302.4,2,"alagusuriyas,gayathrisrimai"
6534,16651668,Haiku,"2026-08-05 06:28:54",302.3,2,yangjiefu
6535,16739918,POLAROID_86,"2026-08-18 21:56:04",301.9,2,polaroid86
6536,16660579,mayank,"2026-08-06 14:41:12",301.7,2,mayank921
6537,16663253,"Albert Benjamin Asare","2026-08-06 19:29:05",301.2,2,albertbenjaminasare
6538,16658620,"Dina Chettouh","2026-08-04 09:13:27",301.1,2,dinachettouh
6539,16622245,"Vlas Veles","2026-08-18 17:17:10",301.0,1,vlasveles
6540,16707372,"zidu cheng","2026-08-11 13:30:40",300.8,1,ziducheng
6541,16708246,StudyForUse01,"2026-08-11 16:58:19",300.7,1,studyforuse01
6542,16745419,elren,"2026-08-27 08:31:36",300.5,2,elrensmin
6543,16660144,"Léandre ELISHA","2026-08-09 12:25:44",300.4,2,landreelisha
6544,16661213,"Daniel Siersleben","2026-08-05 12:53:41",300.2,1,danielsiersleben
6545,16733752,Abhi,"2026-08-17 19:34:16",300.1,1,zeroday19
6546,16656881,"Eugene Nyondo","2026-08-30 22:33:50",299.4,2,eugenenyondo
6547,16759726,Phoenix,"2026-08-22 19:43:10",299.3,1,seanht1
6548,16754845,"LG Music","2026-08-21 22:48:01",299.3,1,lgmusic
6549,16724743,"Dr. James Gambrah","2026-08-17 08:48:47",299.2,2,jamesgambrah
6550,16738810,mararaa,"2026-08-25 06:54:40",299.2,1,mararaa
6551,16676084,"Abir Majdi","2026-08-24 00:24:35",299.1,2,abirmajdi
6552,16790992,"Matthew Knyazev","2026-08-29 17:53:40",299.0,1,matthewknyazev
6553,16684191,"Patel Aryan D","2026-08-10 07:36:13",299.0,2,patelaryand
6554,16665243,"Harshit Jha","2026-08-05 13:40:16",298.7,2,harshitjha28
6555,16748092,Luckshith,"2026-08-20 12:59:43",298.1,2,luckshith
6556,16623533,xthixsl_ml,"2026-08-18 04:17:18",297.6,2,xthistle999
6557,16761324,WLYYYo,"2026-08-23 18:10:35",297.0,2,wlyyyo
6558,16665114,"Francesco Benincasa","2026-08-05 09:56:52",296.9,2,francescobenincasa
6559,16659203,"Praful Nayak","2026-08-05 08:17:06",296.6,2,prafulnayak2003
6560,16656595,"Sithija Amarathunga","2026-08-04 10:09:50",296.5,2,sithijaamarathunga
6561,16657426,"M.Mukunda Reddy","2026-08-17 06:18:11",296.4,2,mmukundareddy
6562,16707228,"Milind Bansal","2026-08-11 11:45:00",296.2,1,milindbansal18
6563,16805949,Bigplanedoesnotflyfast,"2026-09-03 00:42:36",296.2,2,ronav48902753425
6564,16770777,"Oscar Legoupil","2026-08-26 05:56:00",296.2,1,oscarlegoupil
6565,16678362,"Mitiku Yohannes","2026-08-07 00:00:37",295.9,2,mitiku
6566,16728152,"Kenji Tai","2026-08-16 18:27:33",295.6,2,kenjitai
6567,16655734,dworld,"2026-08-05 04:13:18",295.5,2,jagdishhalde
6568,16669523,Jackson55171,"2026-08-05 18:21:00",295.2,2,jackson55171
6569,16744954,charley8,"2026-08-22 06:23:36",295.0,2,charley8
6570,16713601,"Omar spok","2026-08-19 13:27:13",294.7,2,omarspok
6571,16761731,"James Hu","2026-08-23 17:50:28",294.3,1,cnjameshu
6572,16623823,"Julieta Rubis","2026-07-31 04:45:53",294.1,2,julietarubis
6573,16706312,"shabbar taj","2026-08-11 16:35:57",294.0,2,shabbartaj
6574,16707941,ニイエチカイン,"2026-08-14 15:28:42",294.0,2,j4ck99
6575,16741555,"Rushikesh Shirwalkar","2026-08-19 11:02:46",293.8,2,rushikeshshirwalkar
6576,16725288,mustafasadiqi,"2026-08-15 12:26:35",293.5,1,mustafasadiqi
6577,16661587,"Debashis Mohapatra","2026-08-05 09:05:50",293.4,2,debashismohapatra
6578,16730326,atsushi11o7,"2026-08-21 15:47:31",293.4,1,atsushi11o7
6579,16658383,"SIVA S","2026-09-02 05:45:11",293.3,2,codingmaster24
6580,16632795,"vishwottam kudekar","2026-08-05 18:19:02",293.1,1,vishwottamkudekar
6581,16711610,cc_z_kaggle,"2026-08-12 09:33:23",293.0,1,cczkaggle
6582,16690161,"Sudipto Event","2026-08-11 09:25:00",293.0,2,sudiptoevent
6583,16738539,"Sharath S","2026-08-21 05:19:45",292.8,2,akicodes
6584,16683998,"Mahoraga save me","2026-08-07 22:09:22",292.7,2,yqngyv
6585,16657440,Lz7_129,"2026-08-04 15:26:01",292.7,1,lz7129
6586,16793148,"Hoàng Trung Nguyễn","2026-09-01 08:08:00",292.5,2,hongtrungnguyn
6587,16790545,Adnane,"2026-09-01 02:18:09",292.2,2,adnaneel
6588,16649650,"Ashish Barnawal","2026-08-11 04:08:04",292.0,1,klein4
6589,16677517,justnyoike,"2026-08-10 01:12:56",291.9,2,justnyoike
6590,16654306,Shubham,"2026-08-03 19:09:40",291.6,2,sanjayshubham24
6591,16657378,doteeee,"2026-08-14 11:43:40",291.5,2,narendra
6592,16660450,"prashant prakash","2026-08-08 09:45:36",291.5,2,prashantprakash28
6593,16771048,"Aditya Pawar","2026-08-25 16:55:04",291.5,1,aditya22102001
6594,16670185,"Odilon Yehouenou","2026-08-13 20:23:58",290.7,2,odilonyehouenou
6595,16740950,Shaw,"2026-08-23 10:07:14",290.4,2,shaw06
6596,16755126,"David ter Kuile","2026-08-21 14:01:59",290.2,2,davidterkuile
6597,16687151,harshi101,"2026-08-08 06:32:37",290.2,2,harshi101
6598,16747086,Karma_350234,"2026-08-20 09:56:52",290.1,1,karma350234
6599,16678355,"Tanuj Saxena","2026-08-07 10:10:24",290.0,2,tanujsaxena
6600,16766823,suikkee,"2026-09-02 05:05:50",289.9,1,suikkee
6601,16660957,CREVATEC,"2026-08-11 09:30:33",289.8,2,"olakunleolalekan,samueloladeji"
6602,16730653,"Daham Dissanayake","2026-08-21 03:17:15",289.7,1,"dahamdissanayake,dinuginimnara"
6603,16765329,"Bart Woz","2026-08-31 14:18:24",289.6,2,bartwoz
6604,16799769,manyuA,"2026-09-01 08:04:06",289.6,2,"forheuristiclifeksh,manyua"
6605,16659696,"Lakshyaraj Singh Rathore","2026-09-01 04:57:55",289.5,2,lakshyarajrtm
6606,16670674,"Foodle Jang","2026-08-19 22:14:34",289.3,2,foodlejang
6607,16662105,PunnatatJAY,"2026-08-04 16:22:50",289.3,1,punnatatjay
6608,16643821,"arnav chaturvedi123","2026-08-02 22:16:08",289.1,2,arnavchaturvedi123
6609,16665719,"[Armenia] Narek Petrosyan1","2026-08-05 07:49:34",289.0,1,narekpetrosyan1
6610,16695733,"Imad Zaanine","2026-08-11 02:11:15",288.9,2,imadzaanine
6611,16690882,"Meet P. Shah","2026-08-30 13:51:02",288.8,2,meet47
6612,16725104,ManasviVarma,"2026-08-23 10:20:35",288.7,1,manasvivarma
6613,16761994,"Talha Sayyad faim","2026-08-23 11:32:37",288.5,1,talhasayyadfaim
6614,16711673,losingself,"2026-08-12 09:07:45",288.4,1,level14taken
6615,16751488,Klixel,"2026-08-21 03:35:28",288.2,1,klixel
6616,16708480,"Omar M.Moustafa","2026-08-11 18:55:58",288.2,2,omarmmoustafa
6617,16665758,"Oladipo Bashir","2026-08-31 10:23:51",288.2,1,oladipobashir
6618,16804924,"Kevin L.","2026-09-02 22:09:01",288.1,2,zorgis
6619,16793134,sawasawasawa,"2026-08-30 13:03:25",287.9,1,yukisawamura
6620,16645300,szyulian,"2026-08-04 04:42:36",287.8,1,szyulian
6621,16740800,"Shiva Sai","2026-08-19 03:54:27",287.6,1,shivasai846
6622,16768507,"Dhanush Ballanki","2026-08-25 00:33:27",287.4,1,dhanushballanki
6623,16781276,"Nikita Greben","2026-08-27 23:11:35",286.6,2,justnik77
6624,16635681,"Shubham Phapale","2026-08-09 04:17:07",286.6,2,shubhamphapale
6625,16745293,Harvey,"2026-08-22 04:20:10",286.2,2,celestia0113
6626,16677629,"XIE Jintao","2026-08-06 18:47:28",285.9,2,xiejintao
6627,16665461,"Krishna Golwala","2026-08-24 18:39:08",285.4,2,krishnagolwala
6628,16644210,"حسنين ساجد","2026-08-07 22:08:44",285.2,2,kutghngf98687er
6629,16669314,"Editor Jugnu AI","2026-08-18 10:06:41",285.2,2,editorjugnuai
6630,16762081,VKAUL3,"2026-08-23 12:09:08",285.1,1,vkaul3
6631,16708091,"Dipak Kumar Samanta","2026-08-11 15:17:04",284.9,1,dipak889
6632,16712979,"Yusuke Tsukuda","2026-08-12 14:58:39",284.8,1,yusuketsukuda
6633,16655508,bigsea,"2026-08-04 01:31:58",284.6,2,sakamakihiromi
6634,16769754,daguniang,"2026-08-26 00:44:59",284.4,2,daguniang
6635,16654853,"Saketh Rao","2026-08-03 21:43:14",284.4,1,sakethrao
6636,16701041,"Meet Babariya","2026-08-10 14:21:06",284.4,1,meetbabariya
6637,16680789,Marouane,"2026-08-15 02:41:18",284.1,2,marouanealahyane
6638,16656679,"Sadiqa Bibi","2026-08-27 09:52:29",283.8,2,sadiqabibidata
6639,16687891,qklent,"2026-08-09 19:44:12",283.8,1,qklent
6640,16713204,Mohamedg,"2026-08-24 23:15:06",283.5,2,mohamedgcroesus
6641,16672325,Ispagiytiy,"2026-08-06 08:58:30",283.5,2,ispagiytiy
6642,16806328,"Takamichi Toda","2026-09-02 13:58:46",283.4,2,takamichitoda
6643,16653997,"Alekya Valapushetty","2026-08-05 13:52:08",283.3,2,alekyavalapushetty
6644,16663459,"Cristian Yeanpaul Palomino Calderon","2026-08-06 04:14:17",283.3,2,dawo0t
6645,16686950,"Kittikhun Pachana","2026-08-08 00:16:11",283.2,2,kittikhunpachana
6646,16758090,"JOYMIE TALICUAD","2026-08-22 10:07:40",283.2,1,joymietalicuad
6647,16658152,MingSUN007,"2026-08-04 13:46:29",283.1,2,mingsun007
6648,16660471,"Obsessed Beings","2026-08-24 16:44:48",282.8,2,"meur99,muhammedsaeed315,obsessedbeing,studentwork01"
6649,16683970,"Zakhar Homyakov","2026-08-07 11:14:41",282.8,2,zakharhomyakov
6650,16748206,ArtlexYang,"2026-08-25 08:43:28",282.7,1,artlexyang
6651,16762167,"Arkoday Roychowdhury","2026-08-24 01:29:19",282.7,2,arkodayroychowdhury
6652,16661231,"R Ajay Kumar12","2026-08-04 14:12:11",282.6,1,rajaykumar12
6653,16749514,"M Harini","2026-08-20 16:43:59",282.6,1,rvmharini
6654,16676007,"Lao KENAO","2026-08-15 01:15:48",282.1,2,laokenao
6655,16677788,DorianCo,"2026-08-06 18:10:06",282.1,2,dorianco
6656,16659698,"Duy Anh Nguyễn","2026-08-07 10:23:27",281.7,1,duyanhnguyn
6657,16733204,"Sompalli Akhil Kumar","2026-08-18 10:14:08",281.7,2,sompalliakhilkumar
6658,16666512,RexHuang936,"2026-08-07 08:51:41",281.7,2,rexhuang936
6659,16723050,"Ítalo Albuquerque","2026-08-21 17:23:25",281.7,2,taloalbuquerque
6660,16758007,stoicsatvik,"2026-08-22 12:37:48",281.6,1,stoicsatvik
6661,16676501,"[Deleted] cf820879-5b51-45ff-9f0a-1d88833299b5","2026-08-08 08:32:10",280.8,2,kamraanmulani
6662,16773545,faithk7u,"2026-08-31 21:57:43",280.5,2,faithk7u
6663,16663387,Ju,"2026-08-05 23:29:38",280.1,2,juziddd
6664,16654290,"Srinivasa Ranga","2026-08-17 05:19:41",279.9,1,srinivasaranga
6665,16728366,"Top RL Learner","2026-08-30 18:30:15",279.9,1,forrestxlz
6666,16658888,NovaBytes,"2026-08-06 07:06:34",279.7,2,"drashtisingh14,kjjkjjk3107"
6667,16661469,"Qiqi Xie","2026-08-06 20:53:32",279.7,2,qiqixie123
6668,16710929,"Pooja Divekar","2026-08-16 08:22:48",279.7,1,poojadivekar123
6669,16690494,StevenBeyen,"2026-08-13 07:55:32",279.1,2,beyensteven
6670,16632145,kazuki_kazukazu,"2026-07-31 14:53:13",279.1,1,kazukikazukazu
6671,16678647,"Zorawar Singh","2026-08-06 19:55:53",279.0,2,zorawarsingh677
6672,16728350,fajarnadeem808,"2026-08-16 13:07:59",278.8,2,fajarnadeem808
6673,16683428,"Darsh Jilka","2026-08-19 09:03:08",278.8,2,darshjilka
6674,16689933,"Anjali Shah","2026-08-17 09:30:28",278.8,2,anjalishah0306
6675,16772089,"Ana Riquele","2026-08-26 18:11:38",278.7,2,anariquele
6676,16659572,"ABHILASH PRAHARAJ","2026-08-04 11:24:21",278.7,1,abhilashpraharaj
6677,16723065,"Kaio Castro","2026-08-28 17:24:26",278.6,1,kaiocastro
6678,16668032,pat999,"2026-08-08 08:30:58",278.6,2,pat999
6679,16656692,"kinza aftab 714","2026-08-04 05:43:51",278.3,2,kinzaaftab714
6680,16752153,zhao569,"2026-08-27 03:57:59",278.2,1,zhao569
6681,16723075,"Cauã Freitas","2026-08-28 17:35:54",277.8,1,cauafreitas
6682,16665704,"Sreesanth M S","2026-08-05 07:12:05",277.6,1,sreesanthms
6683,16663869,CYBER_TECH99,"2026-08-05 01:40:15",277.6,2,cybertech99
6684,16703295,Yuting,"2026-08-13 20:42:16",277.4,2,yutinghanuxd
6685,16654293,"Jatin N. Soni","2026-08-18 09:59:05",277.3,2,jatinsoni111
6686,16654067,DataForge,"2026-08-05 10:19:25",277.3,2,"chanduchandini,goriparthiramatulasi,srilakshmipanitini,suryachakradhar"
6687,16667063,"Amiksha S","2026-08-09 15:16:49",277.3,1,amikshas
6688,16679467,"Ahmed Zedan","2026-08-18 00:28:27",277.2,2,ahmedzedan11
6689,16657777,"sandeep kumar","2026-08-04 11:41:21",276.7,2,sandeep088
6690,16699790,Aryanpal07,"2026-08-16 12:28:53",276.7,1,aryanpal07
6691,16785789,"Mateus Sousa do Carmo","2026-08-28 21:23:10",276.4,2,mateaadsaf
6692,16783521,xiannaix,"2026-08-31 04:14:00",276.3,1,xiannaix
6693,16672767,"FasterYouChase FasterIRun","2026-08-09 13:15:12",276.1,2,icoguser
6694,16684875,"Amitrakshar Mukherjee","2026-08-07 13:21:32",276.1,2,amitraksharmukherjee
6695,16668024,"Igor Burkov","2026-08-07 04:35:37",276.0,2,igorburkov
6696,16724512,"Diw Gupta","2026-08-21 13:45:51",275.7,1,diwgupta
6697,16633833,"mohammad javad Kamali","2026-08-19 05:13:42",275.4,1,mohammadjavadkamali
6698,16783872,"Soupau Lev","2026-09-01 09:50:33",275.4,1,olivierauffret
6699,16673369,Frame,"2026-08-06 07:59:47",275.4,1,rainorwang
6700,16736084,"Kaishang Zhang","2026-09-02 13:41:28",275.0,2,kaishangzhang
6701,16760903,"Derrick Lace","2026-08-23 04:23:40",275.0,2,derricklace
6702,16633483,"benkerrouche abdelbasset","2026-08-07 16:11:50",274.9,1,bassetkerouche
6703,16675863,"Habib ullah","2026-08-28 03:47:07",274.7,2,habibullah123456789
6704,16665701,ManuelWick-Eckl,"2026-08-27 16:01:18",274.7,2,manuelw
6705,16740263,"Scott Weeden","2026-09-02 08:27:43",274.7,2,scottweeden
6706,16805940,Foxure,"2026-09-02 01:51:47",274.5,1,foxure
6707,16639684,Rubel,"2026-08-05 18:49:11",274.3,2,rubel01
6708,16670506,"Juan Andres Bravo Mejia","2026-08-05 21:40:17",274.2,1,juanandresbravomejia
6709,16714263,Lmfm24,"2026-08-12 20:38:01",274.2,2,lmfm24
6710,16676003,franck,"2026-08-06 14:59:55",274.1,2,bakura
6711,16637845,"Hadjmohamd Seif","2026-08-08 21:47:53",273.9,2,hadjmohamdseif
6712,16653319,"Md. Rasel Meya","2026-08-06 14:42:18",273.9,2,raselmeya
6713,16671302,"Pratish Chaudhary","2026-08-10 00:35:01",273.8,1,pratishchaudhary
6714,16625775,liubingxin205,"2026-08-15 06:29:40",273.6,2,"hongjuw,liubingxin205"
6715,16666574,"hrishit prakash","2026-08-05 13:26:37",273.5,2,hrishitprakash
6716,16748312,C.Ronaldo,"2026-08-25 16:55:33",273.3,2,wzh20050212
6717,16632476,"Назар Коваль","2026-09-01 18:18:39",273.3,1,miickey
6718,16774202,Wrs,"2026-08-26 09:21:40",273.3,1,wrsarch
6719,16684891,SARTHAK,"2026-08-14 19:07:26",272.9,1,s4rth4k01
6720,16698399,liuzhangzhen,"2026-08-10 09:49:23",272.9,1,liuzhangzhen
6721,16756174,"Mateo Coelho","2026-09-02 19:10:01",272.6,2,mathsco
6722,16632881,"Brisa Marina","2026-08-07 16:13:15",272.1,1,brisamarina
6723,16707519,"Pradnya Khanse","2026-08-11 12:52:07",272.1,1,pradnyakhanse
6724,16667691,alexanderctrl,"2026-08-18 10:10:51",271.6,2,alexanderctrl
6725,16761134,mash3gt,"2026-08-23 06:10:12",271.5,1,shiroguitar
6726,16627717,da_pond,"2026-07-31 08:33:57",271.2,1,dapond
6727,16785175,SonOfNike,"2026-08-28 17:20:58",271.1,1,sonofnike
6728,16702430,"ZeLong Leo","2026-09-02 02:32:43",271.1,2,zelongleo
6729,16623099,"Bovard Doerschuk-Tiberi","2026-07-30 21:04:23",270.5,1,bovard
6730,16712844,"ray hengbo","2026-09-01 03:35:31",270.3,1,rayhengbo
6731,16672982,"Enes Aytaç","2026-08-14 12:12:24",270.2,2,enesayta
6732,16762459,GNR_network,"2026-08-23 13:59:19",269.9,1,gnrnetwork
6733,16622943,"Erwin Huizenga","2026-08-21 06:40:50",269.4,2,erwinh
6734,16665614,MesonLabs,"2026-08-11 06:17:27",269.1,1,mesonlabs
6735,16659280,"yahaya zayyan","2026-08-04 10:51:16",269.0,1,yahayazayyan
6736,16687574,"Yash Raghuvanshi","2026-08-07 22:09:38",268.8,2,yashraghuvanshi25
6737,16659001,"Tim Wanjohi","2026-08-12 11:43:16",268.8,2,timwanjohi
6738,16690286,imunderthetree,"2026-08-08 12:25:51",268.7,2,imunderthetree
6739,16664863,zzzhhcc,"2026-08-13 06:15:42",268.6,2,zzzhhcc
6740,16714166,"Naman Malik","2026-08-13 04:20:37",268.6,1,"adenijielijah,anapau11,marydata,namanmalik81714"
6741,16666553,DevChheda26,"2026-08-05 09:53:22",268.2,1,devchheda26
6742,16654318,"Aryan Raj Ayush","2026-08-23 08:34:14",268.2,1,aryanrajayush
6743,16719618,Javierrcs,"2026-08-14 13:16:05",268.1,1,javierrcs
6744,16658795,"Case Seller","2026-08-30 06:46:45",268.0,2,caseseller
6745,16659374,"[Deleted] 8f7327b9-2576-439b-bd6e-3f5fde366ebe","2026-08-04 10:12:44",268.0,1,del=8b215115eb53cbc1
6746,16649074,nanato,"2026-08-28 04:27:29",267.9,1,nanato
6747,16727383,"Minchul Shin","2026-08-20 07:50:37",267.7,1,nashory
6748,16689903,wangbohuan,"2026-08-08 09:35:12",267.6,2,wangbohuan
6749,16689017,"Mounica Challa","2026-09-02 18:53:26",267.1,1,mounicachalla
6750,16681959,"shun takinami","2026-08-07 05:43:47",267.0,1,shuntakinami
6751,16670004,Zinc-Eater,"2026-08-19 22:50:41",266.8,2,zans7331
6752,16698987,"Shree Ashok L","2026-09-01 05:16:16",266.8,2,"praneelbaskar,rishivarathan,santhoshkumarp24,shreeashok72"
6753,16743603,tanmoypal11,"2026-08-19 15:19:36",266.6,1,tanmoypal11
6754,16676991,"Jack Hopkins","2026-08-19 19:11:37",266.2,2,jackhopkins
6755,16723467,"Vladas Verkelis","2026-08-15 14:23:42",266.0,1,vlaveris
6756,16717447,zhiyue666,"2026-08-14 10:09:51",266.0,1,zhiyue666
6757,16641331,ushi,"2026-08-05 13:33:18",265.5,1,yuki508
6758,16663191,"Arnav Anand","2026-08-04 19:53:08",265.2,1,arnavair27
6759,16655786,leavts,"2026-08-04 02:35:50",265.1,1,leavts
6760,16664157,"Runjie Zhu","2026-08-10 11:49:13",265.0,1,damiendesolei
6761,16723726,"Erika Worrall","2026-08-15 23:09:17",264.9,1,erikaworrall
6762,16756743,"Ismail Alli Adekunle","2026-08-21 22:59:18",264.9,1,ismailalliadekunle
6763,16655813,minerppdy,"2026-08-04 06:06:58",264.8,1,minerppdy
6764,16667365,"leul dereje","2026-08-08 06:54:54",264.8,2,leuldereje
6765,16695937,Ryckiii,"2026-08-09 13:03:24",264.7,1,ryckiii
6766,16660321,syafanidwina,"2026-08-05 00:41:33",264.6,1,syafanidwina
6767,16687620,Goktug1,"2026-08-24 21:03:56",264.4,2,goktug1
6768,16669756,AlgSaid,"2026-08-05 18:54:07",264.4,1,imabdallah
6769,16630833,"Savan Javia","2026-08-27 08:06:03",264.2,1,savanjaviya
6770,16728249,"Ahmet Kiraz","2026-08-17 07:23:30",264.1,1,ahmetqiraz
6771,16658783,"Devesh Choudhury","2026-08-07 17:08:33",263.7,2,deveshchoudhury
6772,16658761,!Aman212,"2026-08-04 12:10:28",263.7,2,aman9142424
6773,16661810,AGNES33,"2026-08-16 19:09:18",263.4,2,agnes33
6774,16725615,carside,"2026-08-29 04:49:31",263.4,1,carside118
6775,16675104,"khwaja Moula'Ali","2026-08-06 11:30:49",263.2,1,khwajamoulaali
6776,16773358,yogeshgoudapatil,"2026-08-27 14:59:13",263.1,2,yogeshgoudapatil
6777,16793083,kurupical,"2026-08-30 22:06:48",263.0,1,kurupical
6778,16696266,"Pandarasamy Arjunan (Samy)","2026-08-09 14:16:03",262.8,1,samy101
6779,16729884,"Chaimaa Matrag","2026-08-29 23:52:01",262.5,2,chaimaamatrag
6780,16807575,Rf28,"2026-09-02 07:37:24",262.4,2,rehyyy
6781,16628765,"Kota Iizuka","2026-08-21 09:24:37",262.1,1,kotaiizuka
6782,16671342,"Danh Nguyen 1303","2026-08-09 14:47:52",262.0,1,danhnguyen1303
6783,16783050,"Charles Chen","2026-08-29 05:33:27",261.8,2,charles2580
6784,16691322,"Anita rai98765","2026-08-16 19:05:43",261.6,2,anitarai98765
6785,16663003,devzohaib,"2026-08-04 21:27:30",261.5,1,devzohaib
6786,16798152,"A secretive person","2026-09-02 13:18:48",261.5,1,asecretiveperson
6787,16750033,davidw001,"2026-08-20 17:13:07",260.9,1,davidw001
6788,16635098,"Charvi Upreti","2026-08-15 05:43:59",260.8,1,charviupreti
6789,16725537,"Ayan Bashir Sheikh","2026-08-15 18:02:07",260.7,2,ayanbashirsheikh
6790,16662066,"Yug Savalia","2026-08-06 19:06:26",260.6,1,"priyankagarg19,yugsavalia"
6791,16772354,"Gleidistony Mendes","2026-08-28 17:50:07",260.3,1,gleidistonymendes
6792,16659387,dharssshiniii,"2026-08-04 09:48:15",259.9,1,dharssshiniii
6793,16691583,Caleb,"2026-08-09 14:32:52",259.7,2,collev
6794,16809158,"Kaito Sada","2026-09-02 21:50:55",259.2,1,kaitosada
6795,16796241,"pavan rajr","2026-09-02 11:17:58",259.0,2,pavanrajr
6796,16748882,gsv,"2026-08-20 16:13:45",258.8,1,ram1o1
6797,16655292,"Ingrid Fellah","2026-08-04 06:31:35",258.5,2,ingvor
6798,16789990,SA,"2026-08-29 15:10:26",258.4,1,soheiarisaka
6799,16668654,"Zharkyn Makhanbet","2026-08-10 18:28:08",258.3,1,imadparadoxi
6800,16662603,"Shem Gikunda","2026-08-06 17:24:48",258.3,1,shemgikunda
6801,16792392,pansya,"2026-08-30 08:13:58",258.2,1,pansya
6802,16716407,"Ibrahim Adamu Anka","2026-08-13 09:01:38",257.9,2,ibrahimadamuanka
6803,16782747,goodgreen,"2026-08-28 04:30:23",257.9,1,goodgreen
6804,16667684,"Tim Neale","2026-08-06 13:01:12",256.9,1,timothyjneale
6805,16659900,"Abu Bakr","2026-08-04 18:30:29",256.9,2,mohamed32010
6806,16780411,K.Satwik,"2026-08-27 16:23:04",256.8,2,ksatwik3220
6807,16753831,zhangjiaweii,"2026-09-02 10:51:23",256.4,2,zhangjiaweii
6808,16809006,Ilya,"2026-09-02 13:23:05",256.3,1,zhukov
6809,16684535,Moonlight,"2026-08-14 15:53:31",255.3,2,rajesh1joc
6810,16644398,Nurkan123,"2026-08-16 21:20:24",254.9,2,nurkan123
6811,16716386,"Dev Marya","2026-08-13 09:26:18",254.3,1,devmarya
6812,16653941,"Sachin Kumar Kushwaha","2026-08-11 08:45:11",254.1,2,sachinkumarkushwaha
6813,16656485,stunningvn,"2026-08-05 04:47:11",254.1,2,dedquoc
6814,16662048,"Deekshitha Prabhakar","2026-08-06 18:15:45",253.5,2,deekshithaprabhakar
6815,16623274,Mhmda81,"2026-08-03 00:10:04",253.2,2,mhmda81
6816,16789587,"José Luis","2026-08-29 09:54:52",253.1,1,joseluissz
6817,16796678,ka,"2026-08-31 16:16:03",253.1,1,kandruszek
6818,16743823,"Zeyu Huang_summer","2026-08-19 17:24:11",252.6,2,zeyuhuangsummer
6819,16656633,N25H03A1028,"2026-08-05 05:18:45",252.5,1,pardhusadhu
6820,16685128,"Rohan Hake","2026-08-10 12:48:36",251.9,2,rohanhake
6821,16669060,Twansss,"2026-08-15 04:37:59",251.8,2,twansss
6822,16684908,"Nidal Saleh","2026-08-08 14:08:20",251.7,2,nidalsaleh
6823,16785434,"Caik Franco","2026-08-28 18:05:21",251.6,1,caikfranco
6824,16798369,"Olabode James","2026-09-01 20:40:53",251.4,1,olabodejames
6825,16782525,"Ashish Mittal","2026-08-28 05:27:46",251.2,2,ashish1502g
6826,16700832,Blitz,"2026-08-10 11:37:18",251.0,1,premshinde
6827,16659703,"Ananya #2","2026-08-04 12:00:26",250.7,1,ananyax8
6828,16685568,Secertive,"2026-08-08 17:59:52",249.9,1,secretiveplotter1863
6829,16663066,"Mithun Kore","2026-08-29 19:18:28",249.9,1,mithunkore
6830,16795353,BlurreA,"2026-08-31 06:42:30",249.3,1,blurrea
6831,16678083,"Abdeljalil Idalahaj","2026-09-02 01:50:31",249.3,2,abdeljalilidalahaj
6832,16687514,Dark_1926,"2026-08-07 20:30:33",249.3,1,dark1926
6833,16689364,"Udbhav Purwar","2026-08-11 10:12:00",249.2,1,udbhavpurwar
6834,16729874,"Shane Schisler","2026-08-17 18:10:06",249.1,1,seschis
6835,16778656,Aacceeo,"2026-08-30 23:18:49",249.1,1,aacceeo
6836,16697020,"Hossam elden Mohamed","2026-08-15 01:13:51",248.8,2,hossameldenmohamed
6837,16658567,"Sharif Mohamed (1)","2026-08-04 13:16:47",248.4,1,sharifmohamed1
6838,16666027,CropBOTS,"2026-08-13 16:12:42",248.4,2,"anshultickoo,itsmepooja,manuakumar,sapnajain115"
6839,16668506,"Louie Tang","2026-08-08 06:56:52",248.3,2,louietang
6840,16654314,Mahamudul_Hassan_8012,"2026-08-03 18:33:07",248.1,2,mahamudulhassan8012
6841,16711840,OverfitMilkCake,"2026-08-13 06:36:21",248.0,1,overfitmilkcake
6842,16675956,"Hassan Alghamoudi","2026-08-10 02:36:36",247.8,2,hassanabdulhafid
6843,16677786,"[Deleted] aec7dc1f-59cb-486f-998a-d2407e297536","2026-08-26 13:39:08",247.7,2,del=0fde9ba2630fee3c
6844,16658644,"Hitarth Pandey","2026-08-09 03:04:42",247.5,1,hitarthpandey
6845,16671985,"vishal waghchaure","2026-08-07 09:25:36",246.8,2,vishalwaghchaure
6846,16740506,Growingduck,"2026-09-02 03:18:21",246.6,2,jaeminkang2021
6847,16736202,杨雨灿,"2026-09-02 09:24:09",246.5,1,yucanyang
6848,16697628,"Yash Sharma","2026-08-17 15:33:32",246.3,2,yashsharma42
6849,16750285,LeEmperor,"2026-08-22 04:36:18",246.2,2,leemperor
6850,16701138,superpig,"2026-08-19 09:43:31",245.8,1,geniussuperpig
6851,16621290,"Muhammad Ahsan","2026-07-30 17:35:00",245.8,2,ahsanneural
6852,16654482,SarahShams,"2026-08-14 16:36:06",245.6,2,sarahshams
6853,16630797,"Seok, Jeongeum","2026-09-02 11:19:20",245.5,2,seokjeongeum
6854,16674950,Davide,"2026-09-02 10:48:37",245.4,2,quanttony
6855,16698886,pied_piper,"2026-08-10 14:11:15",245.3,2,ahanhalder
6856,16656900,Hxrsh09,"2026-08-10 14:39:46",245.1,2,hxrsh09
6857,16635610,JeffFosterUK,"2026-08-01 17:16:52",245.0,2,jefffosteruk
6858,16679904,"Joshua Bensemann","2026-08-16 01:29:23",244.3,1,qazcat
6859,16777986,小雨姑娘,"2026-08-27 21:51:19",243.6,2,skewcy
6860,16709957,"Lei Gao","2026-08-12 04:03:42",243.5,1,leigao31
6861,16660930,"Chung Ching Yeh","2026-08-04 14:44:34",243.5,2,chungchingyeh
6862,16670747,"Aryan Kumar Chaudhary","2026-08-11 22:46:05",243.2,2,"aryankumarchaudhary,rakshitmundra"
6863,16809584,"Kinnal Rutu","2026-09-02 15:01:01",242.8,2,kinnalrutu
6864,16657525,"Alae Lakhdar","2026-08-05 08:10:49",242.6,1,alaelakhdar
6865,16790483,"ivo nahuel jasinskas","2026-08-29 14:08:28",242.6,1,ivonahueljasinskas
6866,16759675,TianKitty,"2026-08-27 04:43:06",242.3,1,tiankitty
6867,16660291,"Abhijit Rajkumar","2026-08-04 13:27:44",241.6,2,abhijitrajkumar
6868,16660749,"PavanK Saketh","2026-08-04 13:38:48",241.6,2,pavanksaketh
6869,16661689,"David Rao","2026-08-04 18:27:01",241.2,1,davidrao63
6870,16700992,Abhishek_1355,"2026-08-25 09:17:08",239.5,1,abhishek1355
6871,16712990,shreyaaaaa9,"2026-08-12 16:17:06",239.4,1,shreyaaaaa9
6872,16784952,"Adria Barreto","2026-08-28 16:06:57",239.2,1,adriabarreto
6873,16661252,"Andrzej Walczak","2026-08-05 09:46:19",239.2,2,andrzej1983
6874,16672284,"Dhruv | AI/ML Engineer in Progress","2026-08-07 06:55:13",239.1,1,dhruvdipakchudasama
6875,16659283,"DILEEP POTHULA","2026-08-08 06:43:15",239.0,2,dileeppothula
6876,16717586,wangjialu2333,"2026-08-15 09:29:36",238.6,1,wangjialu2333
6877,16624000,Leneen,"2026-08-31 16:02:47",238.2,1,leneen
6878,16639168,Sergey,"2026-08-27 07:49:54",238.1,2,sergeymikhailovn
6879,16623131,"Liam Carrig Newsam","2026-08-04 00:00:03",237.8,1,liamcarrignewsam
6880,16655159,"Marcel Relaford","2026-08-13 01:26:26",237.7,1,marcelrelaford
6881,16687337,"sravani kamjula","2026-08-07 19:38:39",237.1,2,sravanikamjula
6882,16811407,"Souta Wakatsuki","2026-09-03 00:01:10",235.9,1,souwaka
6883,16639692,"Nirmal Patel","2026-08-06 03:05:27",235.1,2,nirmalpatel02
6884,16675428,"Farhan Khairullah","2026-08-09 16:22:00",234.8,2,farhankhairullah06
6885,16693318,meow3301,"2026-08-09 02:33:34",234.4,2,meow3301
6886,16768568,Nour102006,"2026-08-27 04:46:00",234.3,2,nour102006
6887,16659910,"Shraddha Kumbhar","2026-08-07 09:55:58",234.3,2,raj113
6888,16706134,NK11FC,"2026-08-25 11:30:00",234.0,2,nk11fc
6889,16660309,"Hazem Mahmoud Elsayd","2026-08-04 16:34:31",233.7,2,hazemmahmoudelsaid
6890,16662039,"Ajat Rosadi","2026-08-04 16:58:10",233.0,2,ajatrosadi
6891,16751141,DeadJed,"2026-08-26 11:10:40",232.8,2,deadjed
6892,16669473,"William Bickelmann","2026-08-05 17:47:13",232.4,1,williambickelmann
6893,16744221,Dizzy1829,"2026-08-29 04:15:48",232.3,1,dizzy1829
6894,16724325,Melancholian,"2026-08-15 06:43:12",232.3,1,kasaneru
6895,16661494,"Arulmaniyan Rajavel","2026-08-22 13:46:58",232.3,2,arulmaniyanrajavel
6896,16744545,"Aditya Kumar Singh 013","2026-08-19 18:45:42",232.1,1,adityakumarsingh013
6897,16656287,sandip_shaw123,"2026-08-05 10:02:07",232.0,1,sandipshaw123
6898,16666719,helenkwok,"2026-08-06 14:55:20",231.8,1,helenkwok
6899,16666946,pwxc00,"2026-08-25 17:26:40",231.8,2,alert04
6900,16663448,"Adel I.","2026-08-07 12:55:44",230.7,2,adelid
6901,16633342,farm75,"2026-08-03 14:03:14",230.1,2,sakthi75
6902,16723404,"Mahdi Al Hajji","2026-08-20 02:13:12",230.0,2,mhh1430hacker
6903,16654256,"KONGARA PRASANTH","2026-08-04 03:40:27",230.0,2,prasanth2008
6904,16675952,"Stephan Hahn","2026-09-02 22:11:26",229.6,2,stephanhahn16
6905,16681610,"team maccy","2026-08-07 20:27:06",229.6,1,robertgama
6906,16668438,"Sahil Suman","2026-08-16 17:09:20",229.4,1,sahilmanavraunak
6907,16715896,新木,"2026-08-18 05:25:46",229.4,1,sunchief
6908,16671827,"Shourya Gupta","2026-08-30 10:10:00",229.1,2,siriuspotter
6909,16682051,"Noorjahan Siddiqui","2026-08-10 09:33:35",228.8,2,noorjahansiddiqui
6910,16665463,Seendon,"2026-08-06 19:19:25",228.5,2,informationminer
6911,16623846,"masatoshi hiraki","2026-07-31 07:52:39",228.2,2,masatoshihiraki
6912,16656515,"Rushal Manandhar","2026-08-06 04:15:01",228.2,1,rushalmanandhar
6913,16663438,"Varun Prajapati","2026-08-08 21:54:54",227.5,2,"krunalasari,varun2206"
6914,16732342,"Viktor Antonov","2026-08-18 10:22:32",227.4,1,viktorantonov
6915,16667238,"Srija ganguluri","2026-08-07 10:14:48",227.4,1,srijaganguluri
6916,16776824,"Manuel Santiago Atencio","2026-09-01 21:01:47",227.0,2,manuelsatencio
6917,16727681,JanV123,"2026-08-21 05:58:02",226.6,1,janv123
6918,16676992,NIDHIHEER01,"2026-08-16 17:09:00",226.5,1,nidhiheer01
6919,16632724,"Sayan Dutta","2026-08-04 07:47:42",226.2,1,sayan1507
6920,16743329,"Daniel Obioma emenike","2026-08-31 02:29:55",226.2,2,danielobiomaemenike
6921,16636540,"Burkova Nastia","2026-08-01 13:34:02",226.0,2,"burkovanastia,ellvalerie"
6922,16668379,dccgps,"2026-08-08 05:44:36",225.7,1,dccgps
6923,16712395,"Zuohong Pan","2026-08-12 12:15:40",225.6,1,pshuaibi
6924,16663910,"Shivram Nekkanti","2026-08-07 14:38:04",225.6,1,shivramnekkanti
6925,16651507,jappanini,"2026-08-03 09:14:04",225.3,1,jappanini
6926,16666365,yiyu0716,"2026-08-27 12:38:04",225.3,2,yiyu0716
6927,16644360,Mathous,"2026-08-02 20:28:00",224.8,1,mathisdac
6928,16773557,"Rudra kalyan","2026-08-26 09:08:54",224.5,2,rk1144
6929,16655482,Apoorv007,"2026-08-04 01:55:41",224.3,1,apoorv007
6930,16769470,HaHHYbYY,"2026-08-26 07:52:33",224.2,1,hahhybyy
6931,16738145,綿鍋だよん,"2026-08-22 13:38:54",224.1,1,potrue
6932,16702060,Mcusac,"2026-08-13 19:42:54",224.1,1,mcusac
6933,16762162,"Shota Hirao","2026-08-23 12:34:05",223.1,1,shotahirao
6934,16757098,"Tharun kumar Jaya kumar","2026-08-30 02:29:39",222.9,1,tharunkumarjayakumar
6935,16715791,CustardApple47,"2026-08-14 12:48:02",222.9,1,custardapple47
6936,16663333,"Iago Moura e Moreira","2026-08-04 20:05:06",222.6,1,iagomouraemoreira
6937,16769114,angayoung,"2026-08-25 07:22:00",222.5,1,joaga0603
6938,16667550,"Oseni Sakariyau Oluwadamilare ","2026-08-23 10:05:56",222.4,2,sakabambam
6939,16741239,"fjf 1asd","2026-08-19 08:46:31",222.4,1,fjf1asd
6940,16760392,Владимир,"2026-08-23 00:19:23",222.4,1,vgkuvshinov
6941,16688190,"Win M","2026-08-08 00:28:18",222.3,1,winmet
6942,16652159,Boson328,"2026-08-04 10:06:13",221.1,1,boson328
6943,16790137,sinchir0,"2026-08-30 12:52:05",220.9,1,sinchir0
6944,16749225,"Hisyam Prasetyo","2026-08-27 11:26:07",220.8,2,hisyamprasetyo
6945,16639465,"Gabriel Aguiar Leao","2026-08-02 00:23:49",220.6,1,"gabrielaguiarleao,marcositta"
6946,16663913,"Aanaa Kaliil","2026-08-05 15:15:31",220.5,2,aanaakaliil
6947,16677328,"Eng. Husnain","2026-08-08 13:13:23",220.4,2,enghusnain
6948,16660990,"Bunny Tang","2026-09-01 14:26:34",220.2,2,tanghung64
6949,16684237,Zen_0910,"2026-08-07 17:07:02",220.0,1,zendeptrai
6950,16668048,"Gazi Sayem Uddin Samir","2026-08-05 14:29:51",219.6,2,gazisayemuddinsamir
6951,16794720,"paola hernandez55","2026-08-31 04:19:31",218.6,1,paolahernandez55
6952,16738563,"Amrutha H","2026-08-19 14:01:51",218.5,1,amr13utha
6953,16666414,salyamq,"2026-08-05 16:41:38",218.4,1,salyamq
6954,16692652,"Harsith R","2026-08-08 20:26:56",218.0,1,chiefofpredicitions
6955,16654244,"Saad Nanawala","2026-08-03 18:17:33",217.8,1,saadnanawala
6956,16658311,zkskhurram,"2026-08-05 07:59:40",217.8,2,zkskhurram
6957,16623563,"Jocelyn Dumlao","2026-09-01 02:35:54",217.6,2,jocelyndumlao
6958,16682689,HenryRichardson1,"2026-08-07 10:00:12",217.5,1,henryrichardson1
6959,16744461,"Adiratna Kamble","2026-08-21 22:05:13",217.5,1,adiratnakamble
6960,16736759,"Lavesh Kadam","2026-08-18 10:55:05",217.4,1,laveshk314
6961,16802892,YUYA,"2026-09-02 13:31:18",216.2,2,yuyaizumikawa
6962,16807010,cjsrudals,"2026-09-02 14:01:08",215.7,1,cjsrudals
6963,16799132,"Marlon Vasquez","2026-09-01 08:07:31",215.5,2,vexmeavf
6964,16760920,"Román Eliezer Pérez Ríos","2026-08-31 18:07:43",215.0,2,perezrios
6965,16679713,"John william Vicente 🇧🇷","2026-08-07 00:38:57",214.7,1,chrollo079
6966,16674093,"Hoàng Trần Đặng Minh","2026-08-06 08:54:38",214.3,1,hongtrnngminh
6967,16723262,"Tiago OliveiraLL","2026-08-28 18:22:12",214.1,1,tiagooliveirall
6968,16797025,"Jonathan Glinton","2026-09-02 00:01:32",213.5,2,jonathanglinton
6969,16656771,"thushara bandara","2026-08-07 04:13:43",213.2,2,dushyanthibandara
6970,16660978,"Maksym Khavil","2026-08-04 13:43:48",212.6,1,maksymkhavil
6971,16724242,"Romash Koirala","2026-08-20 11:34:14",211.6,1,romashkoirala
6972,16665371,"Kevoh Mutwiri","2026-08-24 19:31:27",211.3,2,kevohmutwiri
6973,16679470,"GamaL Mahmoud","2026-08-08 13:33:52",210.6,2,gamalmahmoudtaha
6974,16654827,"ADITYA KUMAR MISHRA","2026-08-03 20:07:22",208.9,1,aditya1kumarmishra
6975,16666037,"Matheus Marques","2026-08-06 06:03:28",208.1,2,mathmarquesbr
6976,16656196,"Vishwash Golakiya","2026-08-27 01:07:00",207.0,1,vishwashgolakiya
6977,16662108,nhkien,"2026-08-05 06:52:18",206.9,2,nhkien
6978,16666383,"Sindhi Vishal","2026-08-14 10:46:32",206.6,2,sindhivishal
6979,16707062,"G DOLANARASIMHA","2026-08-11 12:18:02",206.6,2,gdolanarasimha
6980,16730086,HanaGhanem,"2026-08-16 23:44:56",206.0,1,hanaghanem
6981,16683577,"Ankush Kumar M","2026-08-07 13:19:05",205.0,2,ankushkumarm
6982,16664315,happy_boy_2007,"2026-08-12 09:04:40",204.8,1,happyboy2007
6983,16660146,4Solver,"2026-08-08 02:06:19",204.8,2,msfbiolinhares
6984,16659247,cindrella_18,"2026-09-02 06:43:32",204.1,2,"ankithraj30,neharaj1518"
6985,16657628,Hamo,"2026-08-07 12:00:21",203.5,2,mohamed2223
6986,16792329,"Kumkum Barot","2026-09-02 06:44:17",203.4,2,kumkumbarot02062003
6987,16658635,"Deepak Kumar ","2026-08-05 02:38:29",203.3,2,deepak2026ml
6988,16674390,yangluo1,"2026-08-08 01:31:08",203.1,2,yangluo1
6989,16677403,bababoy,"2026-08-15 14:55:17",202.5,2,adrienrenard
6990,16775493,"JOE DEVA JERRY D ","2026-08-26 15:41:55",202.3,1,joedevajerryd
6991,16662083,ihabkaggle,"2026-08-07 00:42:33",201.6,2,ihabkaggle
6992,16734896,pattikamo,"2026-08-27 10:52:28",201.5,2,pattikamo
6993,16667968,ChronosData,"2026-08-18 14:25:43",200.9,2,codex5843
6994,16635248,eosphor,"2026-08-01 09:46:59",200.8,2,eosphor
6995,16795043,"SONU RAUT","2026-08-31 09:25:56",200.7,2,sonuraut
6996,16729148,"Marco M","2026-08-16 22:51:36",200.1,1,marcoms1000
6997,16662630,"M.mohamed Muhasir","2026-08-05 18:25:39",199.7,2,mmohamedmuhasir
6998,16686834,Kaabbil,"2026-08-09 16:14:49",198.9,2,"dr3aking,kaabbil"
6999,16659036,"Mohammed Kaif","2026-08-04 10:41:22",198.9,2,mkaif001
7000,16669142,"Jaclyn Agee","2026-08-07 15:21:06",198.9,2,jaclynagee
7001,16780986,Azizbek,"2026-09-01 14:26:45",198.4,2,miracle88
7002,16662269,"KAMLESH KUMAR POKHARNA","2026-08-06 17:25:51",198.3,2,kamleshkumarpokharna
7003,16752120,"Görkem Tuğ","2026-08-24 10:45:35",198.2,2,grkemtu
7004,16668018,"DAVID CHEW HL","2026-08-06 06:36:34",198.2,2,davidchewhl
7005,16680419,"Tech Changer","2026-08-17 12:31:58",198.0,1,johnbibin
7006,16656210,"Sanjay Suthraye","2026-08-04 14:55:13",198.0,2,sanjaysuthraye96
7007,16802035,"sanchit atre","2026-09-01 09:31:07",197.6,2,sanchitatre
7008,16713329,qrcodeTH,"2026-08-13 08:22:40",197.4,2,thanaphumsaywonin
7009,16699578,kakanekoka,"2026-08-12 13:35:37",197.3,1,kakanekoka
7010,16653462,"Ruchi Scott","2026-08-12 12:19:19",196.7,2,ruchiscott
7011,16670777,"Aman Yitbark","2026-08-13 05:43:27",195.5,1,amanyitbark
7012,16688165,"David @ Koantek","2026-08-25 23:53:17",195.5,2,artificialbrilliance
7013,16632119,nickyl,"2026-08-18 15:41:50",195.3,2,nickyjliang
7014,16724995,dice1494,"2026-08-16 08:51:34",194.9,1,dice1494
7015,16662099,"The Algorithmist","2026-08-04 23:41:59",194.8,2,riyagheewala
7016,16632111,"Arda Çiftçi","2026-08-04 20:03:37",194.7,2,ardaciftci
7017,16655573,"Probablyaphilosopher ","2026-08-16 00:01:40",194.5,2,probablyaphilosopher
7018,16752481,"Thanh Toan","2026-08-21 08:33:13",194.5,2,tonnglthnh
7019,16658401,"Aryan Lonare","2026-08-04 09:55:47",194.3,2,aryandyalullonare
7020,16757671,xxxxc47,"2026-08-22 08:25:52",194.2,1,xxxxc47
7021,16661500,"yagnit sutariya","2026-08-04 15:34:39",193.5,1,yagnitsutariya
7022,16653906,swaroop41,"2026-08-04 05:53:29",193.4,2,swaroop41
7023,16633003,"K Mukhiya ","2026-08-01 12:09:51",193.1,2,kmukhiya
7024,16658522,"Amna khanii23","2026-08-07 05:15:47",193.1,2,amnakhanii23
7025,16690112,"Ayush Tripathi","2026-08-17 09:03:03",192.5,2,ayushtripathi112
7026,16763255,"I P Tharun Gowda","2026-08-31 16:07:06",192.5,2,iptharungowda
7027,16784431,"Régis Meyssonnier","2026-08-28 14:47:27",192.2,1,rgismeyssonnier
7028,16692568,"Muhammed Gulfam Toor","2026-08-13 19:04:32",192.2,2,gultoor
7029,16670462,"Talha Kayar","2026-08-15 15:24:03",192.2,2,talhakayar
7030,16697466,"hunain shahid","2026-08-11 06:12:38",191.9,2,hunainshahid230
7031,16668495,Herisitraka,"2026-08-05 17:16:28",191.7,2,herisitraka
7032,16729010,"karan sankhe","2026-08-16 15:15:45",191.6,2,karansankhe1356
7033,16662662,"Joaquim Jose1","2026-08-04 17:57:03",191.3,1,joaquimjose1
7034,16658033,"sanjay Ghalagi","2026-08-27 15:29:34",191.2,2,sanjayghalagi
7035,16705360,Elahi,"2026-08-18 05:49:00",191.2,2,mmelahi
7036,16659062,"MOHAMMAD SUBHAN PASHA","2026-08-17 07:14:09",191.0,1,mohammadsubhanpasha
7037,16657344,"Ombayo fredrick","2026-08-04 14:04:04",190.9,2,ombayofredrick
7038,16630041,"Devi prashad tripathi","2026-08-03 17:56:58",190.4,1,deviprashadtripathi
7039,16756875,"Meryem Kevser Keskin","2026-09-01 21:30:35",190.3,2,meryemkevserkeskin
7040,16706557,"Nurullah Gundogdu","2026-08-11 17:52:07",190.3,2,nurullahgundogdu
7041,16633551,"Subarno Sen","2026-08-25 04:42:35",190.2,2,lordfiftyfive
7042,16630725,"vaibhav vyas","2026-08-06 10:56:52",190.1,2,vaibhavvyas0
7043,16662557,"Naman Sudershan","2026-08-05 13:21:08",190.1,2,namansudershan
7044,16658969,"Yuri Maslov","2026-08-04 10:11:45",190.1,1,yurimaslov
7045,16663945,anyasri,"2026-08-18 03:52:31",189.7,2,anyasri
7046,16676026,"Bedashree Swarupa Das","2026-08-06 14:14:21",189.5,1,ashokkumardasbedashr
7047,16657462,"CROP CODERS","2026-08-10 18:00:28",189.4,2,"dhanvanthraj,raghavan9944,shanmugam666,sitha2345,sumaiyahibrahim"
7048,16697540,"Jared Floersch","2026-09-02 14:34:06",189.2,2,jaredfloersch
7049,16715354,"Alyssa Clark","2026-08-14 02:52:26",188.9,2,a1yssaclark
7050,16663265,"Darlington Ayakazi","2026-08-04 20:26:08",188.8,1,darlingtonayakazi
7051,16734901,Breaking1800,"2026-08-22 10:59:10",188.8,2,breaking1800
7052,16690199,"Lavkush Yadav","2026-08-08 10:20:55",188.7,1,lavkushyadavcse
7053,16718139,"shah jatin","2026-08-30 09:40:14",188.6,2,shahjatin
7054,16629426,"Abdullah Qureshi","2026-07-31 10:00:44",188.2,2,abdullahqureshi120
7055,16809820,"Pramit Das","2026-09-02 16:30:18",187.9,1,pramitdas
7056,16656278,"Bhuvaneshwari Rebba","2026-08-04 09:20:36",187.7,1,bhuvaneshwarirebba
7057,16680858,"Harshul Gupta","2026-08-21 04:40:05",187.4,2,harshulgupta77
7058,16698307,AnasAl7,"2026-08-10 13:08:08",187.3,2,anasal7
7059,16714589,xinsu9898,"2026-08-16 22:26:49",187.2,1,xinsu9898
7060,16785085,"THEEPAN S.S","2026-08-28 16:35:39",187.1,2,theepanss
7061,16725990,"Parth Tomar","2026-08-24 12:35:45",187.1,2,parthtomar193
7062,16658362,MHaurel,"2026-08-09 15:32:45",187.1,1,hetax17
7063,16712562,"Sagar Singh","2026-08-17 09:28:26",187.0,2,acrejzz
7064,16671232,"sms tcil","2026-08-07 13:03:30",187.0,1,smstcil
7065,16624973,"Mrunmayee Kulkarni","2026-07-31 06:16:46",186.7,1,kulmrun
7066,16640468,"Sohangkumar Patel","2026-08-26 15:00:44",186.6,2,samsamurai
7067,16697339,"Muhammad Safwan Ahmad Saffi","2026-08-15 00:28:21",186.6,2,safwanahmadsaffi
7068,16691502,"DILANE FOGUE KAMGA","2026-08-08 15:20:05",186.5,1,dilanekamga
7069,16662803,"Ashish Gawade","2026-08-04 19:11:19",186.3,2,ashishgawade
7070,16658693,leehuilong,"2026-08-06 12:49:22",185.8,2,leehuilong
7071,16743630,TRP,"2026-09-01 17:06:48",185.7,2,tejratanpaulrocky
7072,16663334,"sameer mughal","2026-08-29 20:12:57",185.4,2,sameermughal109
7073,16681895,Akshar,"2026-08-07 06:16:19",185.3,2,aks0625
7074,16665223,"Sawon Mitra","2026-08-07 11:11:17",185.2,2,sawonmitra
7075,16662859,"Mohamed Zahran","2026-08-05 04:41:56",185.0,1,zrnking2012
7076,16659929,"MAMADOU LY (LY BOUSSO 45)","2026-08-13 11:43:25",184.9,2,mamadoulylybousso45
7077,16666706,baijiachang,"2026-08-05 11:04:21",184.8,1,baijiachang
7078,16664875,SaiSujitPunukollu,"2026-08-05 05:46:11",184.7,1,saisujitpunukollu
7079,16722089,"Saidjon Ramazonov","2026-08-16 05:51:50",184.6,2,saidjonramazonov
7080,16657227,"Anusha Marla","2026-08-04 07:05:53",184.4,2,anushamarla
7081,16701106,moshito,"2026-08-10 14:13:58",184.4,2,"danamaulana123,moshito,naufaldhiaulhaq01"
7082,16695951,"Gleb Makarenko","2026-08-09 18:21:25",184.2,2,gleny48
7083,16664586,"Owen Lim","2026-08-05 05:42:25",184.2,2,owenlim45
7084,16660285,"Sawan Kohli","2026-08-06 13:11:44",183.7,2,sawankohli
7085,16730380,"FOKRUL ISLAM LECTURER","2026-08-19 01:56:28",183.5,2,fokrulislamlecturer
7086,16658440,"Gloria Lourelynn S","2026-08-04 15:16:09",183.3,1,glorialourelynn
7087,16657306,"Krunal Chavda","2026-08-07 21:38:11",183.3,2,krunalchavda21
7088,16621610,NMarkS,"2026-09-02 13:35:10",183.2,2,nmarks
7089,16664458,"Prantik Chandra","2026-08-05 05:47:10",183.0,1,prantikchandra
7090,16806568,"Mumtaz Ahmad Maitla","2026-09-02 06:08:22",182.8,2,mumtazahmadmaitla
7091,16802867,matcha110,"2026-09-02 15:56:01",182.5,2,matcha110
7092,16713002,"Adithya M","2026-08-13 15:42:17",182.4,2,adithya3907
7093,16661447,"Sibel Özbek","2026-08-04 20:50:27",182.1,1,sibelzbek
7094,16688288,"Ojo Oluwadamilare","2026-08-08 01:43:30",182.0,2,ojooluwadamilare
7095,16773333,"Abdullah javed Javed","2026-08-29 06:46:45",181.7,2,abdullahjavedjaved
7096,16667231,bettsy,"2026-08-05 12:12:35",181.1,2,bettsy
7097,16625043,"Ivan Litvak","2026-08-27 21:14:45",180.7,2,trydotatwo
7098,16802348,Shergill_17,"2026-09-01 11:17:15",180.6,2,shergill17
7099,16777407,"Fahrur Rozzi","2026-08-26 23:01:52",180.5,1,frozzi18
7100,16657578,raushancoursework,"2026-08-05 06:54:51",180.3,1,raushancoursework
7101,16677081,"Brandon Gaston","2026-08-12 23:49:58",180.2,1,mushmon
7102,16721941,"Rita Ohabuenyi","2026-08-14 12:57:37",180.1,2,ritaohabuenyi
7103,16632418,"Bretokce 3amich","2026-08-07 12:18:26",179.2,2,bretokce3amich
7104,16733121,saturnliu,"2026-09-02 07:34:54",179.0,2,saturnliu
7105,16785398,"Vitória Freitas","2026-08-28 20:07:12",178.8,1,vitoriafreitas13
7106,16654124,"Aditya Kumar Singh","2026-08-05 09:57:29",178.6,2,adityq121608
7107,16701997,zran1t,"2026-08-15 14:10:18",178.1,2,zran1t
7108,16698164,"Ruizhang Zhi","2026-08-27 14:51:13",178.0,2,ruizhangzhi
7109,16685093,"Huzaifa Inam","2026-08-07 13:47:15",177.9,2,huzaifainam
7110,16713896,"Quantum Fusion","2026-08-14 12:12:34",177.9,1,gugurobotics
7111,16690433,"Amar Amar Gupta","2026-08-15 10:08:37",177.6,2,amaramargupta
7112,16656954,"Marwan Elmetwally","2026-08-04 05:56:29",177.5,2,marwanelmetwally
7113,16632458,"RAMAN BANSAL","2026-08-24 04:35:56",177.5,1,ramanbansal
7114,16670662,"Gina Lee","2026-08-11 22:45:21",177.0,2,ginaleegdm
7115,16690195,"Manshi Shukla","2026-08-08 10:12:24",177.0,2,manshishukla
7116,16659271,Hamish,"2026-08-12 12:48:51",176.7,2,hamishdickson
7117,16634761,"CHARHBILI Moad","2026-08-07 13:44:23",176.6,1,charhbilimoad
7118,16625029,Hilarus,"2026-08-01 15:59:02",176.5,2,hilagbag
7119,16654098,"Mohd Zaki","2026-08-26 01:46:45",175.5,2,mdzaki08
7120,16661460,Lucky,"2026-08-31 17:53:25",175.2,2,tmiya0107
7121,16755329,SBedrosian123@,"2026-08-21 15:07:41",174.6,1,sbedrosian123
7122,16717094,geoperate,"2026-08-13 12:30:26",174.6,1,geoperate
7123,16639615,rickzai,"2026-09-01 05:37:21",174.3,2,rickzai
7124,16712406,"L Sangeetha","2026-08-18 01:56:24",173.7,2,lsangeetha
7125,16667886,"Ubaid ur rehman 0345","2026-08-05 15:23:12",173.6,2,ubaidurrehman0345
7126,16629441,Sofia_Gilka,"2026-08-01 07:45:58",173.3,2,sofiagilka
7127,16740144,Salmon,"2026-08-21 12:55:13",173.3,2,shin3110
7128,16730745,"Aymerou Yaya Koné","2026-09-02 04:33:04",173.2,2,aymerouyayakon
7129,16657892,"Boonanan namna","2026-08-17 04:36:04",173.2,1,boonanannamna
7130,16669311,Schoki,"2026-08-17 22:26:49",173.1,2,jensdnisch
7131,16641277,Zenieverse,"2026-08-30 05:09:04",172.7,2,zenieverse
7132,16656164,"Justin Schomer","2026-08-09 09:05:59",172.6,2,fathersecurity
7133,16660342,"Adapa Gopireddy","2026-08-04 12:49:43",172.0,1,adapagopireddy
7134,16718605,"صفاء عبد الرقيب","2026-08-31 19:21:50",171.8,2,bssgirl
7135,16793392,"reda elkrouchni","2026-09-02 16:16:05",171.6,2,redaelkrouchni2
7136,16662334,"Andres Beltran","2026-08-04 22:58:11",170.7,2,andresbeltran05
7137,16647390,"guoqin gu","2026-08-11 08:54:59",170.3,1,guoqingu
7138,16723289,"Caio Saboia","2026-08-28 18:24:29",170.0,1,caiosaboia
7139,16741243,"Yasin Mert Şahin","2026-08-19 08:02:12",169.9,2,ymertsahin
7140,16794281,"adilio freitas","2026-08-30 22:25:36",169.7,1,adiliofreitas
7141,16653934,"Ayomide Abdulrahmon","2026-08-03 19:22:32",169.4,2,ayomideabdulrahmon
7142,16634016,"Adrien Thomas","2026-08-19 17:15:08",168.8,1,adrienthomas
7143,16712568,"Tanvi Dobariya","2026-08-14 17:39:52",168.7,1,tanvidobariya
7144,16770096,Program,"2026-09-01 19:36:25",168.4,2,panagiotapanora
7145,16681056,"Aryan Jhingan","2026-08-11 18:53:48",167.8,2,aryanjhingan
7146,16662933,"Marcelo Pereira","2026-08-19 01:14:40",167.5,2,marcekkusrp
7147,16754111,"Kalpana Patki","2026-08-22 16:05:10",166.9,1,kalpanapatki
7148,16793648,Sarda___,"2026-08-30 16:51:21",166.8,2,brainnotfound3
7149,16756264,query_stop,"2026-08-27 00:24:14",166.3,2,jaared
7150,16674774,"Dine ALASSANE","2026-08-07 05:53:28",166.3,2,dinealassane
7151,16690188,Anurag,"2026-08-08 10:20:42",166.1,2,kumaranu2007
7152,16755664,"Shivam Rajdev","2026-08-21 17:52:04",165.3,1,shivamrajdev
7153,16705490,"KASTHURI DEVI M","2026-08-13 10:42:42",165.3,2,kasthuridevim
7154,16784932,"Shefali Pradhan","2026-08-29 10:03:30",165.2,2,shefalipradhan
7155,16771841,"Panagiotis Alimisis","2026-08-25 18:00:11",163.5,1,palimisis6
7156,16654384,"Alladi Sai Kalyan Raman 24BCE1509","2026-08-30 09:33:11",162.0,2,alladisaikalyanraman
7157,16717600,"Collistus Kibe","2026-08-21 22:13:38",161.5,2,collistuskibe
7158,16750391,"Batuhan Yerebasmaz","2026-08-20 18:34:21",160.8,2,batuhanyerebasmaz
7159,16672322,"khalil ur Rehman","2026-08-13 05:10:03",160.7,2,khalilurehman
7160,16656815,"Atharva S. Naladkar","2026-08-06 06:46:40",160.6,2,atharvasnaladkar
7161,16654556,anjipoo,"2026-08-05 15:33:04",160.5,2,anjana0812
7162,16737641,"PATIL ATHARV VIJAYKUMAR","2026-09-01 18:05:10",160.3,2,"atharv095022,patilsarthakvilas,sonuretusharsuresh"
7163,16791131,"Maria Carolina BRAY","2026-09-02 16:52:31",159.3,2,mariacarolinabray
7164,16683903,Saju,"2026-08-17 11:31:45",159.1,1,sajutr
7165,16679979,Pranav6657,"2026-08-07 02:40:48",158.4,1,pranav6657
7166,16737040,"Joseph Djian","2026-08-30 21:18:34",158.1,2,djian55
7167,16636855,"Wynn Koo","2026-08-01 14:03:04",157.9,1,yongfenggg
7168,16782192,"Marcelo Correa","2026-08-28 04:15:07",157.5,1,mvcorrea
7169,16670547,"Maduako Prince","2026-08-05 22:53:03",157.0,2,maduakoprince
7170,16662123,hannhu40022,"2026-08-04 18:45:07",155.2,2,hannhu40022
7171,16697716,ZEO,"2026-08-09 19:43:41",155.1,1,anuppatil29
7172,16621770,"Rudraksh Zodage","2026-07-30 20:07:49",155.0,2,rudrakshzodage
7173,16623094,"Claudia Arias Gonzalez","2026-09-02 20:56:53",154.3,2,claudiaariasgonzalez
7174,16770924,rohit,"2026-09-01 15:55:43",153.8,2,rohitsrinivasan31
7175,16680165,"Radwa ALkalifa","2026-08-23 08:39:37",153.8,2,radwahamada
7176,16661160,"Roobhasridevi P","2026-08-04 14:31:22",152.6,1,roobhasridevi
7177,16626159,"Cảnh Đinh Tiến","2026-08-02 09:17:36",152.4,2,tourist110406
7178,16683220,Kongali,"2026-08-10 01:24:37",151.9,2,kongali
7179,16707146,kaganou,"2026-08-11 13:19:53",150.7,1,kaganou
7180,16658189,"Zale John","2026-08-26 00:48:24",150.6,2,zalejohn
7181,16778908,"PATIL ADITYA PANDURANG","2026-09-01 17:34:33",150.4,1,"jagdalepranavsagar,patiladityapandurang,pavankadam7005"
7182,16716402,"Shashvat Singham","2026-08-13 10:56:39",150.3,1,shashvatsingham
7183,16693087,osprey2k,"2026-08-22 22:01:34",149.8,2,osprey2k
7184,16662809,"Chukwu Excellent","2026-08-08 22:06:34",149.6,2,chukwuexcellent
7185,16657486,"Turhan TAS","2026-08-10 09:21:40",149.0,1,turhantas
7186,16664199,SomyaSingh_07,"2026-09-01 07:03:52",148.5,2,somyasingh07
7187,16739102,"Mithulya Kumarapeli","2026-08-30 03:53:39",148.5,1,sandalim
7188,16719809,"Milanto FR","2026-08-14 05:37:48",148.1,2,milantofr
7189,16623660,"Taylor S. Amarel","2026-07-31 23:36:48",147.8,1,taylorsamarel
7190,16656235,"Zain Ul Abideen Samo","2026-08-06 15:22:02",147.4,2,zainulabideensamo
7191,16662230,"Angus Mc Gregor","2026-08-13 21:25:46",146.9,2,angusmcgregor
7192,16723068,"Clara Lima Silva","2026-08-21 21:39:57",145.8,1,claralimasilva
7193,16743241,"Adhvaith KS","2026-09-02 14:30:35",145.8,1,adhvaithks
7194,16656643,"Willetta Dettore","2026-08-05 15:33:52",145.7,2,willettadettore
7195,16743822,Surya,"2026-08-19 16:21:21",145.1,1,suryapandian
7196,16656240,"SACHIN KUMAR","2026-08-10 03:13:24",144.2,2,sackm123
7197,16660340,"pawan sondhiya","2026-08-07 06:22:38",143.9,2,pawansondhiya
7198,16662295,"benja cooper","2026-08-04 17:41:28",143.3,2,benjacooper
7199,16713435,"Visruti Patidar","2026-08-16 11:18:23",143.2,2,visrutipatidar
7200,16799001,"Trịnh Quang Minh","2026-09-01 05:16:32",143.2,1,trnhquangminh140
7201,16726311,"Prince Diwakar","2026-08-16 12:55:18",143.2,2,princediwaker
7202,16657303,"Tejas Tiwari","2026-08-04 07:32:17",142.5,1,tejaat
7203,16756344,"Pasindu Perera","2026-08-21 19:21:11",142.1,1,amavinperera
7204,16659840,"Dasari Giri Gabrelu","2026-08-05 13:41:11",141.9,2,giridasari
7205,16659582,"Srikanth Adivanna","2026-08-04 11:25:45",141.9,1,srikanthadivanna
7206,16662714,"Amilcar Rodriguez","2026-09-01 04:22:39",141.9,2,amilcarskt
7207,16640323,"KOUSHIK KUMAR DINDA","2026-08-29 01:55:31",141.7,2,koushikkumardinda
7208,16748612,"Priyadharshini B","2026-08-24 12:06:18",141.6,1,priyadh29
7209,16690499,SuperAI@2615,"2026-08-11 16:42:48",141.5,2,superai2615
7210,16621565,"salih chindo","2026-08-12 19:45:58",141.3,1,salihchindo
7211,16725070,"Mehak Iftikhar","2026-08-15 13:21:30",140.4,2,mehakiftikhar
7212,16659871,"Abel Kpoton","2026-08-04 20:41:20",139.9,2,abelkpoton
7213,16658297,"Charishma Pillapalem","2026-08-11 12:46:56",138.9,2,charishmapillapalem
7214,16674328,daniel,"2026-08-06 09:34:23",138.7,1,dkamgamegasoft
7215,16654363,"NIKHIL YADAV","2026-08-17 21:20:32",138.0,2,nikhilyadav232223
7216,16679847,"Julio Contreras","2026-08-21 20:29:09",137.9,2,juliocontreras
7217,16659451,anero98,"2026-08-22 20:47:29",136.9,2,anero98
7218,16661098,"Muhammad aufa azmi","2026-08-04 15:18:35",136.7,2,muhammadaufaazmi
7219,16659097,noril09,"2026-08-04 11:56:35",134.7,2,noril09
7220,16744618,"Roberth Douglas UFC","2026-08-27 16:33:10",133.9,2,roberthdouglasufc
7221,16633190,Gigrise,"2026-09-02 04:57:09",133.7,2,gigrais
7222,16633511,"joshan gladston","2026-08-01 01:19:57",133.3,2,joshangladston
7223,16731986,Vugar3,"2026-08-17 10:51:29",132.5,2,vuqarxudvrdyev001342
7224,16676977,"Akash Babu","2026-08-28 06:26:25",132.0,2,akashbabu17
7225,16670552,"Harsh Chaudhary ml","2026-08-05 22:16:25",131.5,1,harshchaudharyml
7226,16775483,"Parv Malav","2026-08-26 16:20:27",131.4,2,parvmalav
7227,16657561,Roshdibenrojo83,"2026-08-04 07:19:05",130.1,2,roshdibenrojo83
7228,16727876,"Harrison Wachira","2026-08-16 08:50:03",129.6,1,harrisonwachira254
7229,16662547,"hiteshsinh solanki","2026-08-05 07:59:16",129.6,2,hiteshsinhsolanki2
7230,16623953,"Denuwan Wijesinghe","2026-08-01 07:57:04",129.5,2,denuwanwijesinghe
7231,16808566,"contemporary dance","2026-09-02 22:44:14",128.6,2,shigeria
7232,16687628,ruchit,"2026-08-28 11:22:16",128.3,1,ruchitkhade
7233,16808545,"Qinyong Wang","2026-09-02 11:53:03",127.8,2,magicwqy
7234,16654559,"Kerem Ali AVCIOĞLU","2026-08-03 19:28:49",127.1,2,keremaliavciolu
7235,16670368,"Gary Gitton","2026-08-19 17:03:04",126.6,2,garygitton
7236,16677441,"ERREGUI YOUSSEF","2026-08-06 18:02:39",126.5,2,erreguiyoussef
7237,16621519,Ᏸ𐍂Ꭷ,"2026-07-30 17:30:30",125.2,2,dheerajkannaujiya
7238,16723091,"Naiely Silva","2026-08-28 00:53:34",124.6,1,naielysilva
7239,16658666,"VMax Agents","2026-08-04 10:57:49",123.9,1,"akhiildheep,mithun5353"
7240,16658299,"Bakar Prabowo!","2026-09-02 04:20:00",123.8,2,"galihrattn,kingki19,ranggacarkawan"
7241,16626218,"Srishti Gauraha","2026-08-08 05:40:23",123.2,1,srishtigauraha
7242,16691542,Tushar_SVC,"2026-08-11 04:12:09",121.9,2,tusharsvc
7243,16707468,"SBJ 2205","2026-08-12 09:59:33",121.2,1,sbj2205
7244,16656685,"Shravani Hibare","2026-08-05 10:15:36",121.2,2,shrahib4725
7245,16662455,"Nenavath Shashi","2026-08-04 18:04:52",121.1,2,nenavathshashi
7246,16735237,"YASH CHIMAN","2026-08-18 04:20:24",121.0,1,yashchiman
7247,16762458,"Promise Matorofa","2026-08-24 10:00:04",120.4,2,promisematorofa
7248,16659308,Attaerabi,"2026-08-05 07:52:52",119.4,2,attaerabi
7249,16668691,BeltusTebid,"2026-08-05 16:01:45",118.8,1,beltustebid
7250,16730708,ysakuragi,"2026-08-19 01:30:12",118.6,1,ysakuragi
7251,16659041,"uma mahesh23","2026-08-04 11:50:03",118.3,2,umamahesh23
7252,16731873,"Abhishek Singh Solanki","2026-08-19 07:24:47",117.5,1,realabhi5hek
7253,16658695,"Muskan Zahid","2026-08-04 14:14:02",117.5,2,artificial52
7254,16693819,"Hossein Shad Manaman","2026-08-12 03:14:58",117.2,2,hosseinshadmanaman
7255,16666072,Abinash,"2026-08-05 15:07:52",115.2,2,abinashsinha1726
7256,16746655,"Charan Reddy321","2026-08-25 06:27:38",114.7,1,charanreddy321
7257,16655748,revathip,"2026-08-06 06:00:14",114.3,2,revathiprakash
7258,16654509,"Shruti Kondabathula","2026-08-07 18:17:56",114.2,2,shrutikondabathula
7259,16780057,"Njabulo Hope Makana","2026-09-02 18:42:15",114.2,2,njabulohopemakana
7260,16736939,"Flandre 29","2026-08-26 08:23:01",113.9,2,flandre29
7261,16658898,"SRI shiva","2026-08-07 17:21:07",112.9,2,srishiva
7262,16665345,saurabh10june,"2026-08-05 11:53:47",112.8,2,saurabh10june
7263,16662243,"Cepeda Braxton","2026-08-04 19:31:54",111.8,2,cepedabraxton
7264,16700316,"Pranav Waghmare","2026-08-11 16:29:05",111.8,1,waghmarepranav6
7265,16665079,"Maguluri Keerthi","2026-08-05 06:16:03",109.4,2,magulurikeerthi
7266,16667489,"Cornol Lieto","2026-08-05 12:31:14",108.8,1,lietocornol
7267,16691729,"ADOLF FAUSTINE","2026-08-18 02:42:39",105.9,2,adolffaustine
7268,16805870,"Ngo Trung","2026-09-02 17:14:42",105.4,2,trungngotdt
7269,16659881,SantosR,"2026-09-02 12:37:43",104.3,2,santosr
7270,16803074,"fumihito mori","2026-09-01 14:00:16",103.7,1,fumihitomori
7271,16735064,"Harshada Thorat 129","2026-08-18 03:58:34",103.4,1,harshadathorat129
7272,16662142,"Adnan Khan","2026-08-30 06:22:52",102.6,2,iamadnankhan313
7273,16661419,"Shivansh Soni","2026-08-04 15:08:01",102.1,2,shivanshsonii
7274,16658577,farmercode261,"2026-08-20 07:15:35",101.0,2,hifnikhakim
7275,16654711,"Rupam Bhattacharjee1","2026-08-14 16:43:07",100.2,1,rupambhattacharjee1
7276,16663406,"Elshan Kazim","2026-08-16 08:38:43",100.0,1,elsnkazm
7277,16659675,"M.Athallah Rafif Aldera","2026-08-06 12:40:14",99.3,2,mathallahrafifaldera
7278,16663161,"Pial Mahmud","2026-08-17 10:38:21",96.7,2,pialgroup
7279,16668599,"Hafsa Anwaar","2026-08-05 17:43:21",96.7,2,hafsaanwaar
7280,16658100,"Nanda Riansyah","2026-08-04 08:55:54",96.5,2,nandariansyah
7281,16755807,PokeTrader,"2026-08-23 14:59:36",96.3,2,poketrader
7282,16657055,RedKiwi,"2026-08-05 05:57:34",96.1,2,tnmthai
7283,16785053,"Rinosh Bethala","2026-08-28 17:52:26",95.6,1,rinoshbethala
7284,16661969,"Raja T","2026-09-02 13:57:27",95.4,2,rajathiagaraj
7285,16663897,jayaBhavagan,"2026-08-05 19:34:36",95.1,1,jayabhavagan
7286,16660886,"Dr.Eldirdiri Fadol ","2026-08-05 05:30:48",94.7,2,dreldirdirifadol
7287,16641109,zzgtylors,"2026-08-06 06:21:50",94.3,2,zzgtylors
7288,16728931,Sathwik2006,"2026-08-16 14:25:36",93.6,2,sathwik2006
7289,16680428,"Surabhi veda","2026-08-07 01:49:35",91.8,1,surabhiveda
7290,16656777,"Salam Alqerem","2026-08-31 10:59:33",90.4,2,salamalqerem
7291,16667773,ShashankJha,"2026-08-11 15:41:47",89.3,2,shankinfy
7292,16789546,"lsm jii","2026-08-29 08:48:51",89.2,2,lsmjii
7293,16735323,"Souvik Routh","2026-08-18 04:30:21",89.2,1,souvikrouth
7294,16698958,"Shanjaya SK","2026-08-28 15:25:11",88.5,1,"payuu03,shanjayask"
7295,16654087,Gabriela_Fernandes4,"2026-08-04 19:12:33",88.4,1,gabrielafernandes4
7296,16798631,dzlabs,"2026-09-01 09:57:10",88.2,2,dzlabs
7297,16678283,"Ajinkya Digurkar","2026-08-21 10:56:03",88.1,2,"ajinkyadigurkar,sakshiagrawal8818"
7298,16661711,"Wild Star217","2026-08-30 18:00:18",87.5,2,wildstar217
7299,16663277,"Mariana Mejía","2026-08-24 23:58:54",86.4,2,marianameja
7300,16739908,"Asfam Parvez Kawser","2026-08-18 22:25:36",86.0,2,asfamparvezkawser
7301,16679410,"Leke Glean","2026-08-07 17:29:04",83.5,2,lekeglean
7302,16633018,purelilyth,"2026-08-20 19:43:09",83.2,2,purelilyth
7303,16666836,"Emir Ayvaz","2026-08-07 05:57:00",79.2,2,emirayvaz
7304,16754882,vvs,"2026-08-30 14:34:02",78.8,2,marvelworld
7305,16778494,"Agda Niya","2026-08-28 06:43:07",77.7,2,agdaniya
7306,16710773,Openaiskrip,"2026-08-12 07:54:38",75.6,2,openaiskrip
7307,16767147,"Hacker Trinity","2026-08-25 11:21:37",74.9,2,hackertrinity
7308,16809774,farmci,"2026-09-02 16:59:50",74.3,1,ermismel
7309,16794173,"Kamran Arshad","2026-08-31 07:19:49",73.7,2,kamranarshad
7310,16731524,"Tsyrenov Mergen","2026-08-17 09:42:39",73.3,1,tsyrenovmergen
7311,16675209,lavica,"2026-08-11 13:23:03",72.0,2,lavica
7312,16785477,"ASHMIL P URK25CS7129","2026-08-28 18:26:11",71.7,1,ashmilpurk25cs7129
7313,16632413,"Varun Patil","2026-07-31 18:41:34",71.6,1,varunpatil262005
7314,16738778,"DILIP BAVISKAR","2026-08-27 09:44:22",71.4,2,dilipbdilipb
7315,16784650,LukasM1,"2026-08-28 14:15:24",70.8,1,lukasm1
7316,16761007,"Pankaj Nakhat","2026-08-23 11:48:21",70.2,2,pankajnakhat
7317,16719441,Gatranova,"2026-08-14 04:11:54",69.5,2,rafiabiyyuairlangga
7318,16644474,"Vihaan Ahluwalia","2026-08-05 13:16:21",68.9,2,vihaanahluwalia
7319,16684847,"M.Harshavardhan Raju","2026-08-09 16:15:49",68.6,2,mharshavardhanraju
7320,16665139,"Siddharaj Kulkarni","2026-08-16 05:23:21",67.4,2,siddharajkulkarni
7321,16624064,"Hemant Ahlawat","2026-07-31 15:52:56",66.8,2,happyahlawat
7322,16761521,"Artificial Silicon","2026-08-29 10:17:46",65.1,1,artificialsilicon
7323,16721495,"404 Crop Not Found","2026-09-01 08:45:29",64.2,2,"aiprojector,boazx15"
7324,16698953,Locked_in_hell,"2026-08-13 18:31:55",63.7,2,stealthknight
7325,16640594,Win2207,"2026-08-07 12:05:07",62.2,2,win2207
7326,16724806,rin2401,"2026-08-15 09:39:51",62.2,1,rin2401
7327,16656753,"TAMAL SINGHA ROY","2026-08-05 07:57:48",60.8,2,tamalsingharoy
7328,16673372,"Hadyan Adira","2026-08-14 03:16:30",60.7,2,hadyanadira
7329,16716079,shaurya_pandey@19,"2026-08-13 09:27:49",57.6,2,shauryapandey19
7330,16794292,"Taylor Clark","2026-09-02 03:15:03",56.8,2,taylorclark637
7331,16716562,"Ananya Maurya","2026-08-13 10:01:25",55.6,2,ananyamaurya
7332,16675819,RohitS001,"2026-08-11 18:05:54",55.1,2,rohits001
7333,16714192,"Nishanth Palugula","2026-08-14 06:51:09",54.4,2,nishanthpalugula
7334,16667339,"Victor Chege","2026-09-01 13:56:51",53.0,2,victorchege0
7335,16742172,"Felisitas Mellania","2026-08-25 18:57:18",52.6,2,felisitasmellania
7336,16708290,"Hrishikesh Thakare","2026-08-12 14:45:08",51.7,1,hrishikeshthakare
7337,16669011,"Siddiqui Rehan Ahmed Furqan","2026-08-07 05:24:38",50.8,2,siddiquirehanahmed
7338,16696104,"Harshit Meesari","2026-08-09 14:31:00",50.5,1,harshitmeesari
7339,16705637,"Vedant Ghodekar","2026-08-11 05:28:57",47.8,1,vedantghodekar
7340,16633932,omikbop,"2026-08-02 12:36:52",46.3,2,omikbop
7341,16768100,Nathael,"2026-08-25 10:58:51",44.6,2,nathaeldias
7342,16666273,"Wondu Zerihun","2026-09-01 06:43:22",44.2,1,zerihun369
7343,16676428,wayzhengong27,"2026-08-08 06:34:59",41.6,2,"kkkuek,wayzhengong27"
7344,16662721,"Manish Sharma","2026-08-12 17:44:16",41.1,2,themihirsharma
7345,16633250,Myst19,"2026-08-03 13:25:15",38.9,2,jakeschweikhart
7346,16689555,"kelvin waruingi","2026-08-09 22:45:23",32.6,2,kelvinwaruingi
7347,16624553,"Abiram Bharathi S.A","2026-08-22 05:13:32",30.1,2,abirambharathisa
7348,16664822,"Prateek Singh","2026-08-05 05:30:22",27.5,2,pra73ek
7349,16780027,rotto,"2026-09-01 13:18:33",23.4,2,pirotototo4023
7350,16771156,"Ronald Ayamba","2026-08-25 19:16:26",22.6,1,ronaldayamba
7351,16661152,"Dr.Abdulbaset Musleh","2026-08-19 20:09:26",22.1,2,drabdulbasetaledresi
7352,16654026,"joju shaji","2026-08-09 16:36:43",20.8,2,jojushaji
7353,16673732,"Async Null","2026-08-06 16:55:26",18.4,1,asyncnull
7354,16658745,"Shabby farms 2.0","2026-08-16 03:10:28",16.8,2,rahulk5418
7355,16644519,"Shambhu Shekhar Sinha","2026-08-12 18:55:43",9.8,2,shambhushekharsinha
7356,16657568,"Manpreet Singh","2026-08-08 13:45:41",9.6,2,manpreet1994
7357,16720136,"Roaring Cotton","2026-08-20 07:33:15",9.5,2,daviddavidelijah
7358,16659501,Duckey,"2026-08-04 13:02:16",8.9,2,bokangletsapo
7359,16632708,__Taichicchi__,"2026-08-31 17:07:08",0.6,2,hutch1221
7360,16676890,luciferingstar256,"2026-08-20 15:40:55",-0.1,1,luciferingstar256
7361,16644439," علي ساجد","2026-08-02 21:40:07",-4.5,2,jdvdjdv97171ushd
7362,16805234,Ryuzaki2325,"2026-09-01 19:44:54",-5.0,1,ryuzaki2325
7363,16654404,"Madhan Sidmal","2026-08-11 21:28:45",-6.0,2,madhansidmal
7364,16674526,"Imdadul hasan hamim","2026-08-13 07:32:37",-7.8,1,imdadulhasanhamim
7365,16659057,"Jolvin James","2026-08-07 08:04:22",-12.3,2,jolvinjames
7366,16792531,"subash jayakumar","2026-08-30 20:14:56",-12.6,2,subashjayakumar
7367,16689681,"Prakash Rajan","2026-08-09 16:37:56",-13.8,2,prakashai
7368,16732320,"Malik Muhammad Arbaz","2026-08-18 13:05:51",-14.8,1,malikmuhammadarbaz
7369,16624666,"Avik Das","2026-08-21 08:57:10",-16.8,2,avikdas567
7370,16780318,"Piyush Darinda","2026-08-27 17:28:07",-20.3,2,piyushdarinda
7371,16731488,"James Kimani","2026-08-27 13:18:20",-24.2,1,jaykim122
7372,16735078,"SUDHANSHU PATIL","2026-08-18 04:37:33",-27.4,2,sudhanshupatil10
7373,16679250,srskat,"2026-08-16 08:26:30",-31.5,2,srskat
7374,16710428,"Mansi Aggarwal","2026-08-31 18:21:35",-33.9,2,mansiaggarwal88
7375,16755427,"Daksh Jain","2026-08-21 15:18:57",-38.6,1,dakshu081
7376,16663728,"Al'Humairah Ali","2026-08-10 17:28:01",-46.7,1,alhumairahali
7377,16758417,AthulJenson,"2026-08-22 14:21:26",-49.4,1,athuljenson
7378,16683041,Abhishektyagi649,"2026-08-07 08:37:09",-53.6,2,abhishektyagi649
7379,16622991,"Fedor Grigorev","2026-08-27 15:30:57",-55.1,1,fedorgrigorev
7380,16685888,LeulYT,"2026-08-10 05:35:44",-56.4,2,leulyt
7381,16662922,BrandonDucar,"2026-08-05 16:38:12",-56.5,2,brandonducar
7382,16629006,ymym_tymblack,"2026-08-22 09:44:39",-73.1,2,ymymtymblack
7383,16657035,"Christvin Mathew","2026-08-04 08:55:56",-81.7,2,christvinmathew
7384,16794008,HyperPlanz,"2026-08-31 13:08:38",-81.8,2,domiandr000
7385,16713011,"Tasmayu Swain","2026-08-14 15:49:35",-84.7,1,tasmayuswain
7386,16731829,"Alexandra Tricia","2026-08-19 07:03:33",-87.7,2,alexandratricia
7387,16675801,"Neeraj Jha","2026-08-06 13:43:18",-89.7,1,neerajjha1996
7388,16719181,SaltyCode,"2026-08-16 04:56:22",-114.0,1,saltycode
7389,16659864,"Twin Titans","2026-08-08 07:50:33",-155.1,2,"sivahokage,solaisararaju"
7390,16728276,"ROHAAN ASIF","2026-08-16 11:20:59",-155.6,2,ordinarydev007
7391,16665495,"sai chand Boppudi","2026-08-07 04:19:58",-161.7,2,saichandboppudi
7392,16695221,"Muhammad Daud Abbas","2026-08-12 20:04:32",-164.2,2,muhammaddaudabbas
7393,16660261,"YO_ONE CHAUHAN","2026-08-08 23:49:54",-164.3,2,yoonechauhan
7394,16668701,"Nihal Jamadar","2026-08-09 04:28:26",-168.0,2,nihaljamadar313
7395,16717416,"Timofey Kalyak","2026-08-20 07:04:06",-175.3,1,timofeytweaky
7396,16692837,"Sai Uttam Gite","2026-08-09 11:36:32",-177.4,1,saiuttamgite
